CustomerID,total_revenue,Country,rank,row_number
14646,280206.02,Netherlands,1,1
18102,259657.3,United Kingdom,2,2
17450,194550.79,United Kingdom,3,3
16446,168472.5,United Kingdom,4,4
14911,143825.06,EIRE,5,5
12415,124914.53,Australia,6,6
14156,117379.63,EIRE,7,7
17511,91062.38,United Kingdom,8,8
16029,81024.84,United Kingdom,9,9
12346,77183.6,United Kingdom,10,10
16684,66653.56,United Kingdom,11,11
14096,65164.79,United Kingdom,12,12
13694,65039.62,United Kingdom,13,13
15311,60767.9,United Kingdom,14,14
13089,58825.83,United Kingdom,15,15
17949,58510.48,United Kingdom,16,16
15769,56252.72,United Kingdom,17,17
15061,54534.14,United Kingdom,18,18
14298,51527.3,United Kingdom,19,19
14088,50491.81,United Kingdom,20,20
15749,44534.3,United Kingdom,21,21
12931,42055.96,United Kingdom,22,22
17841,40991.57,United Kingdom,23,23
15098,39916.5,United Kingdom,24,24
13798,37153.85,United Kingdom,25,25
16013,37130.6,United Kingdom,26,26
16422,34684.4,United Kingdom,27,27
12748,33719.73,United Kingdom,28,28
15838,33643.08,United Kingdom,29,29
17404,31906.82,Sweden,30,30
17389,31833.68,United Kingdom,31,31
13098,28882.44,United Kingdom,32,32
14680,28754.11,United Kingdom,33,33
13081,28337.38,United Kingdom,34,34
13408,28117.04,United Kingdom,35,35
17857,26879.04,United Kingdom,36,36
16333,26626.8,United Kingdom,37,37
13777,25977.16,United Kingdom,38,38
12753,21429.39,Japan,39,39
12744,21279.29,Singapore,40,40
16210,21086.3,United Kingdom,41,41
17675,20374.28,United Kingdom,42,42
17381,20275.61,United Kingdom,43,43
15039,19914.44,United Kingdom,44,44
12471,19824.05,Germany,45,45
12731,18895.91,France,46,46
15159,18641.01,United Kingdom,47,47
12901,17654.54,United Kingdom,48,48
12678,17628.46,France,49,49
14031,17286.86,United Kingdom,50,50
17428,17256.85,United Kingdom,51,51
13767,17220.36,United Kingdom,52,52
13881,17159.52,United Kingdom,53,53
16839,16594.35,United Kingdom,54,54
12921,16587.09,United Kingdom,55,55
14607,16569.5,United Kingdom,56,56
15856,16387.57,United Kingdom,57,57
17677,16363.23,United Kingdom,58,58
15189,16225.39,United Kingdom,59,59
14051,15610.39,United Kingdom,60,60
15513,14758.22,United Kingdom,61,61
16133,14589.04,United Kingdom,62,62
14866,14389.9,United Kingdom,63,63
16705,14034.99,United Kingdom,64,64
12681,13787.54,France,65,65
12621,13689.67,Germany,66,66
12540,13400.24,Spain,67,67
12433,13375.87,Norway,68,68
15498,13316.4,United Kingdom,69,69
12477,13219.74,Germany,70,70
17735,13110.02,United Kingdom,71,71
16525,13027.45,United Kingdom,72,72
14258,12669.98,United Kingdom,73,73
13078,12627.94,United Kingdom,74,74
12536,12601.83,France,75,75
15640,12515.66,United Kingdom,76,76
16000,12393.7,United Kingdom,77,77
17340,12353.29,United Kingdom,78,78
12682,12288.22,France,79,79
13113,12245.96,United Kingdom,80,80
14606,12156.65,United Kingdom,81,81
12557,11990.96,Spain,82,82
12939,11581.8,United Kingdom,83,83
15125,11528.48,United Kingdom,84,84
14194,11349.52,United Kingdom,85,85
12971,11189.91,United Kingdom,86,86
14895,11138.71,United Kingdom,87,87
12409,11072.67,Switzerland,88,88
15482,11054.96,United Kingdom,89,89
17581,11045.04,United Kingdom,90,90
13319,10845.55,United Kingdom,91,91
17107,10815.43,United Kingdom,92,92
13340,10736.48,United Kingdom,93,93
14769,10674.75,United Kingdom,94,94
17139,10668.47,United Kingdom,95,95
16779,10629.72,United Kingdom,96,96
17865,10526.32,United Kingdom,97,97
17706,10504.49,United Kingdom,98,98
15251,10484.99,United Kingdom,99,99
14062,10464.85,United Kingdom,100,100
15615,10399.74,United Kingdom,101,101
15502,10384.93,United Kingdom,102,102
16180,10254.18,United Kingdom,103,103
16843,10196.57,United Kingdom,104,104
12590,9864.26,Germany,105,105
13001,9818.82,United Kingdom,106,106
13199,9817.12,United Kingdom,107,107
15078,9743.11,United Kingdom,108,108
12709,9736.52,Germany,109,109
13458,9646.57,United Kingdom,110,110
14733,9585.91,United Kingdom,111,111
16523,9418.47,United Kingdom,112,112
12567,9401.28,France,113,113
14367,9261.52,United Kingdom,114,114
14667,9241.2,United Kingdom,115,115
18092,9068.26,United Kingdom,116,116
13969,9053.94,United Kingdom,117,117
12451,9035.52,Switzerland,118,118
13488,8968.31,United Kingdom,119,119
13090,8910.82,United Kingdom,120,120
16033,8816.4,United Kingdom,121,121
17017,8694.26,United Kingdom,122,122
17243,8676.85,United Kingdom,123,123
17306,8631.31,United Kingdom,124,124
16656,8625.8,United Kingdom,125,125
14527,8508.82,United Kingdom,126,126
12683,8476.57,France,127,127
18139,8438.34,United Kingdom,128,128
15358,8347.2,United Kingdom,129,129
16558,8338.49,United Kingdom,130,130
14056,8214.65,United Kingdom,131,131
14936,8137.02,Channel Islands,132,132
16672,8134.94,United Kingdom,133,133
13854,8109.52,United Kingdom,134,134
14952,8099.49,United Kingdom,135,135
18109,8052.97,United Kingdom,136,136
14796,8022.49,United Kingdom,137,137
12428,7956.46,Finland,138,138
15290,7943.22,United Kingdom,139,139
14849,7930.54,United Kingdom,140,140
12757,7857.1,Portugal,141,141
17811,7837.73,United Kingdom,142,142
13093,7832.47,United Kingdom,143,143
12435,7829.89,Denmark,144,144
13629,7792.36,United Kingdom,145,145
15044,7700.23,United Kingdom,146,146
15194,7616.53,United Kingdom,147,147
18172,7561.68,United Kingdom,148,148
13263,7454.07,United Kingdom,149,149
12474,7375.79,Germany,150,150
12980,7374.9,United Kingdom,151,151
15465,7354.62,United Kingdom,152,152
17396,7330.8,United Kingdom,153,153
12583,7281.38,France,154,154
13018,7277.7,United Kingdom,155,155
18229,7276.9,United Kingdom,156,156
16923,7247.61,United Kingdom,157,157
16729,7239.92,United Kingdom,158,158
16745,7194.3,United Kingdom,159,159
16873,7123.62,United Kingdom,160,160
13324,7121.95,United Kingdom,161,161
13985,7060.13,United Kingdom,162,162
14961,7044.68,United Kingdom,163,163
12766,6989.63,Portugal,164,164
12798,6977.04,Japan,165,165
12989,6924.11,United Kingdom,166,166
16713,6923.13,United Kingdom,167,167
13027,6912.0,United Kingdom,168,168
16187,6911.44,United Kingdom,169,169
17416,6893.42,United Kingdom,170,170
12705,6868.29,Germany,171,171
12476,6816.42,Germany,172,172
12830,6814.64,United Kingdom,173,173
15023,6802.76,United Kingdom,174,174
18055,6784.19,United Kingdom,175,175
15601,6776.56,United Kingdom,176,176
16652,6773.97,United Kingdom,177,177
16532,6748.8,United Kingdom,178,178
13576,6717.34,United Kingdom,179,179
16746,6697.66,United Kingdom,180,180
15249,6688.46,United Kingdom,181,181
16353,6675.71,United Kingdom,182,182
17338,6643.93,United Kingdom,183,183
12626,6620.48,Germany,184,184
16182,6617.65,United Kingdom,185,185
15144,6580.44,United Kingdom,186,186
12472,6572.11,Germany,187,187
16814,6509.1,United Kingdom,188,188
12431,6487.45,Australia,189,189
18223,6484.54,United Kingdom,190,190
15694,6479.4,United Kingdom,191,191
13225,6463.84,United Kingdom,192,192
13102,6424.09,United Kingdom,193,193
13871,6403.25,United Kingdom,194,194
12359,6372.58,Cyprus,195,195
13668,6363.59,United Kingdom,196,196
13709,6328.05,United Kingdom,197,197
15005,6316.57,United Kingdom,198,198
17315,6292.26,United Kingdom,199,199
16126,6287.77,United Kingdom,200,200
14057,6217.96,United Kingdom,201,201
12357,6207.67,Switzerland,202,202
14060,6140.42,United Kingdom,203,203
13418,6127.43,United Kingdom,204,204
17509,6115.14,United Kingdom,205,205
15939,6115.01,United Kingdom,206,206
14735,6065.69,United Kingdom,207,207
12637,6021.9,France,208,208
13097,6010.42,United Kingdom,209,209
13316,5977.73,United Kingdom,210,210
14101,5976.79,United Kingdom,211,211
15382,5955.71,United Kingdom,212,212
14505,5905.64,United Kingdom,213,213
14415,5900.28,United Kingdom,214,214
14944,5900.25,United Kingdom,215,215
13209,5891.61,United Kingdom,216,216
13534,5870.08,United Kingdom,217,217
13050,5836.86,United Kingdom,218,218
12720,5781.73,Germany,219,219
15218,5756.89,United Kingdom,220,220
17686,5739.46,United Kingdom,221,221
13178,5725.47,United Kingdom,222,222
16553,5719.82,United Kingdom,223,223
13468,5704.97,United Kingdom,224,224
14110,5683.15,United Kingdom,225,225
14049,5681.72,United Kingdom,226,226
17049,5659.98,United Kingdom,227,227
17716,5655.99,United Kingdom,228,228
13004,5655.91,United Kingdom,229,229
18118,5653.82,United Kingdom,230,230
14688,5630.87,United Kingdom,231,231
17757,5605.29,United Kingdom,232,232
12481,5596.32,Germany,233,233
12839,5591.42,United Kingdom,234,234
16767,5580.6,United Kingdom,235,235
16161,5575.56,United Kingdom,236,236
12539,5568.35,Spain,237,237
15805,5528.48,United Kingdom,238,238
18225,5509.12,United Kingdom,239,239
16609,5493.46,United Kingdom,240,240
16985,5464.12,United Kingdom,241,241
16265,5447.0,United Kingdom,242,242
18198,5425.56,United Kingdom,243,243
12490,5417.93,France,244,244
17809,5411.91,United Kingdom,245,245
16701,5398.3,United Kingdom,246,246
17719,5396.04,United Kingdom,247,247
17850,5391.21,United Kingdom,248,248
16303,5360.63,United Kingdom,249,249
13269,5346.23,United Kingdom,250,250
15150,5314.47,United Kingdom,251,251
17730,5298.48,United Kingdom,252,252
17061,5232.23,United Kingdom,253,253
18226,5228.05,United Kingdom,254,254
12362,5226.23,Belgium,255,255
15046,5213.77,United Kingdom,256,256
16258,5203.51,United Kingdom,257,257
13756,5189.52,United Kingdom,258,258
16191,5180.52,United Kingdom,259,259
15727,5178.96,United Kingdom,260,260
17858,5155.66,United Kingdom,261,261
13599,5153.67,United Kingdom,262,262
15903,5126.76,United Kingdom,263,263
13941,5112.96,United Kingdom,264,264
17602,5102.97,United Kingdom,265,265
16700,5076.55,United Kingdom,266,266
14562,5074.77,United Kingdom,267,267
15301,5070.35,United Kingdom,268,268
13139,5064.94,United Kingdom,269,269
12432,5059.32,Norway,270,270
15719,5045.61,United Kingdom,271,271
17426,5037.26,United Kingdom,272,272
14329,5014.84,United Kingdom,273,273
14755,5010.28,United Kingdom,274,274
12444,5005.46,Norway,275,275
15032,4959.1,United Kingdom,276,276
15547,4954.84,United Kingdom,277,277
12437,4951.41,France,278,278
12700,4939.99,France,279,279
15786,4932.2,United Kingdom,280,280
14709,4921.04,United Kingdom,281,281
17133,4892.24,United Kingdom,282,282
12664,4881.88,Finland,283,283
12688,4873.81,Israel,284,284
14292,4871.93,United Kingdom,285,285
17652,4867.72,United Kingdom,286,286
15738,4812.42,United Kingdom,287,287
13013,4810.94,United Kingdom,288,288
15555,4805.17,United Kingdom,289,289
17365,4801.56,United Kingdom,290,290
15298,4799.9,United Kingdom,291,291
15187,4777.18,United Kingdom,292,292
17690,4757.95,United Kingdom,293,293
12955,4757.16,United Kingdom,294,294
14180,4748.52,United Kingdom,295,295
15152,4745.69,United Kingdom,296,296
16722,4730.81,United Kingdom,297,297
12714,4708.86,France,298,298
14159,4693.01,United Kingdom,299,299
14135,4690.31,United Kingdom,300,300
14191,4684.76,United Kingdom,301,301
15291,4668.3,United Kingdom,302,302
14189,4654.08,United Kingdom,303,303
14390,4652.82,United Kingdom,304,304
14286,4628.75,United Kingdom,305,305
16931,4604.22,United Kingdom,306,306
13802,4599.42,United Kingdom,307,307
15093,4597.02,United Kingdom,308,308
14004,4582.64,United Kingdom,309,309
17613,4559.15,United Kingdom,310,310
17068,4552.14,United Kingdom,311,311
12484,4541.72,Spain,312,312
13267,4521.49,United Kingdom,313,313
15299,4507.01,United Kingdom,314,314
17975,4488.81,United Kingdom,315,315
12524,4485.72,Germany,316,316
14426,4481.67,United Kingdom,317,317
16984,4481.35,United Kingdom,318,318
17364,4481.18,United Kingdom,319,319
12627,4478.53,Germany,320,320
14085,4448.54,United Kingdom,321,321
14534,4447.05,United Kingdom,322,322
13069,4436.12,United Kingdom,323,323
15955,4416.26,United Kingdom,324,324
16626,4413.1,United Kingdom,325,325
15874,4405.88,United Kingdom,326,326
12712,4396.13,Germany,327,327
13505,4393.63,Switzerland,328,328
12752,4366.78,Norway,329,329
16945,4345.5,United Kingdom,330,330
14016,4341.21,EIRE,331,331
14800,4339.74,United Kingdom,332,332
14525,4332.2,United Kingdom,333,333
17567,4331.48,United Kingdom,334,334
18251,4314.72,United Kingdom,335,335
12347,4310.0,Iceland,336,336
15034,4308.61,United Kingdom,337,337
17937,4301.22,United Kingdom,338,338
14422,4263.64,United Kingdom,339,339
12500,4257.82,Germany,340,340
17419,4226.57,United Kingdom,341,341
14277,4216.2,France,342,342
15804,4206.39,United Kingdom,343,343
17920,4204.1,United Kingdom,344,344
15971,4199.85,United Kingdom,345,345
12747,4196.01,United Kingdom,346,346
14146,4191.0,United Kingdom,347,347
18041,4183.39,United Kingdom,348,348
12949,4167.22,United Kingdom,349,349
15570,4165.52,United Kingdom,350,350
16549,4154.64,United Kingdom,351,351
13384,4151.93,United Kingdom,352,352
13555,4149.28,United Kingdom,353,353
13988,4147.96,United Kingdom,354,354
15514,4139.46,United Kingdom,355,355
12569,4124.69,Germany,356,356
16592,4113.68,United Kingdom,357,357
17940,4106.44,United Kingdom,358,358
17377,4100.92,United Kingdom,359,359
16401,4098.32,United Kingdom,360,360
16670,4095.9,United Kingdom,361,361
12749,4090.88,United Kingdom,362,362
14092,4076.91,United Kingdom,363,363
12449,4067.29,Belgium,364,364
18087,4055.72,United Kingdom,365,365
14401,4051.48,United Kingdom,366,366
12656,4051.17,France,367,367
12867,4036.82,United Kingdom,368,368
13815,4027.36,Germany,369,369
12841,4022.35,United Kingdom,370,370
12957,4017.54,United Kingdom,371,371
12378,4008.62,Switzerland,372,372
14547,4007.54,United Kingdom,373,373
16186,4006.94,United Kingdom,374,374
17769,3997.98,United Kingdom,375,375
15529,3995.23,United Kingdom,376,376
17001,3989.57,United Kingdom,377,377
15416,3984.32,United Kingdom,378,378
17611,3984.22,United Kingdom,379,379
12779,3981.36,Poland,380,380
12727,3980.7,France,381,381
14299,3965.62,United Kingdom,382,382
13523,3964.88,United Kingdom,383,383
13183,3957.78,United Kingdom,384,384
17651,3945.0,United Kingdom,385,385
12473,3938.55,Germany,386,386
17593,3927.34,United Kingdom,387,387
14739,3902.28,United Kingdom,388,388
13999,3901.81,United Kingdom,389,389
14291,3883.25,United Kingdom,390,390
18073,3877.52,United Kingdom,391,391
13124,3866.33,United Kingdom,392,392
15195,3861.0,United Kingdom,393,393
16717,3858.38,United Kingdom,394,394
12662,3849.78,Germany,395,395
16327,3844.22,United Kingdom,396,396
13266,3834.26,United Kingdom,397,397
17091,3827.76,United Kingdom,398,398
15867,3812.64,United Kingdom,399,399
12755,3811.95,Japan,400,400
12597,3811.22,Spain,401,401
13435,3809.89,United Kingdom,402,402
12668,3807.15,Germany,403,403
16145,3799.49,United Kingdom,404,404
16655,3794.52,United Kingdom,405,405
16168,3787.6,United Kingdom,406,406
16019,3786.24,United Kingdom,407,407
12562,3781.74,France,408,408
17173,3766.6,United Kingdom,409,409
16904,3754.27,United Kingdom,410,410
12429,3750.4,Denmark,411,411
17238,3744.65,United Kingdom,412,412
14145,3742.2,United Kingdom,413,413
13552,3740.07,United Kingdom,414,414
16570,3738.4,United Kingdom,415,415
15808,3734.97,United Kingdom,416,416
14282,3729.34,United Kingdom,417,417
12502,3723.87,Spain,418,418
12647,3722.82,Germany,419,419
13680,3722.42,United Kingdom,420,420
16240,3718.8,United Kingdom,421,421
14364,3717.35,United Kingdom,422,422
15845,3711.77,United Kingdom,423,423
15622,3709.56,United Kingdom,424,424
13148,3707.12,United Kingdom,425,425
17819,3704.87,United Kingdom,426,426
15379,3703.29,United Kingdom,427,427
12553,3692.28,France,428,428
16253,3683.86,United Kingdom,429,429
15581,3679.97,United Kingdom,430,430
15296,3672.86,United Kingdom,431,431
18079,3651.97,United Kingdom,432,432
13137,3650.41,United Kingdom,433,433
12417,3649.1,Belgium,434,434
16712,3645.43,United Kingdom,435,435
13426,3641.32,United Kingdom,436,436
12619,3641.24,Germany,437,437
16440,3640.67,United Kingdom,438,438
13381,3639.31,United Kingdom,439,439
17230,3638.41,United Kingdom,440,440
14543,3630.33,United Kingdom,441,441
17528,3628.5,United Kingdom,442,442
13327,3627.77,United Kingdom,443,443
13520,3624.35,Switzerland,444,444
17576,3622.68,United Kingdom,445,445
14040,3614.92,United Kingdom,446,446
13082,3613.63,United Kingdom,447,447
15505,3610.96,United Kingdom,448,448
15113,3609.33,United Kingdom,449,449
16242,3603.21,United Kingdom,450,450
15484,3594.31,United Kingdom,451,451
14132,3586.03,United Kingdom,452,452
17203,3563.85,United Kingdom,453,453
17491,3558.87,United Kingdom,454,454
15544,3546.71,United Kingdom,455,455
12370,3545.69,Cyprus,456,456
14503,3543.26,United Kingdom,457,457
13448,3539.37,United Kingdom,458,458
13334,3536.82,United Kingdom,459,459
12454,3528.34,Spain,460,460
17160,3518.03,United Kingdom,461,461
13953,3515.68,United Kingdom,462,462
16360,3512.53,United Kingdom,463,463
14395,3507.71,United Kingdom,464,464
16131,3506.54,United Kingdom,465,465
14907,3501.1,United Kingdom,466,466
16458,3482.74,United Kingdom,467,467
13993,3466.36,United Kingdom,468,468
13014,3466.28,United Kingdom,469,469
17758,3456.7,United Kingdom,470,470
15410,3450.84,United Kingdom,471,471
13536,3448.29,United Kingdom,472,472
15129,3447.4,United Kingdom,473,473
15974,3442.15,United Kingdom,474,474
17725,3439.08,United Kingdom,475,475
15676,3435.76,United Kingdom,476,476
14221,3432.8,United Kingdom,477,477
12406,3415.3,Denmark,478,478
15981,3408.48,United Kingdom,479,479
13437,3408.06,United Kingdom,480,480
17669,3406.72,United Kingdom,481,481
13198,3401.24,United Kingdom,482,482
15228,3386.71,United Kingdom,483,483
13842,3385.62,United Kingdom,484,484
15708,3364.24,United Kingdom,485,485
16011,3362.71,United Kingdom,486,486
14227,3350.96,United Kingdom,487,487
16818,3349.57,United Kingdom,488,488
16607,3347.71,United Kingdom,489,489
17183,3347.31,United Kingdom,490,490
13015,3346.28,United Kingdom,491,491
12643,3344.64,France,492,492
12613,3344.38,Germany,493,493
12594,3338.22,Italy,494,494
16556,3313.79,United Kingdom,495,495
13373,3312.25,United Kingdom,496,496
14841,3295.76,United Kingdom,497,497
14702,3292.14,United Kingdom,498,498
15632,3285.31,United Kingdom,499,499
12480,3281.63,Germany,500,500
15764,3279.97,United Kingdom,501,501
17723,3276.4,United Kingdom,502,502
13952,3251.07,United Kingdom,503,503
13047,3237.54,United Kingdom,504,504
15443,3236.91,United Kingdom,505,505
17050,3228.84,United Kingdom,506,506
14175,3222.3,United Kingdom,507,507
13880,3219.77,United Kingdom,508,508
13268,3214.69,United Kingdom,509,509
14388,3212.84,United Kingdom,510,510
16107,3204.16,United Kingdom,511,511
17220,3198.25,United Kingdom,512,512
13868,3192.54,United Kingdom,513,513
17685,3191.53,United Kingdom,514,514
13758,3190.55,United Kingdom,515,515
14844,3189.81,United Kingdom,516,516
12456,3181.04,Switzerland,517,517
17672,3178.17,United Kingdom,518,518
17231,3174.32,United Kingdom,519,519
16837,3170.98,United Kingdom,520,520
16041,3166.4,United Kingdom,521,521
15861,3165.36,United Kingdom,522,522
17863,3160.0,United Kingdom,523,523
15065,3158.13,United Kingdom,524,524
14235,3144.86,United Kingdom,525,525
13742,3131.02,United Kingdom,526,526
16156,3122.04,United Kingdom,527,527
13685,3119.44,United Kingdom,528,528
16326,3110.96,United Kingdom,529,529
16678,3109.99,United Kingdom,530,530
13869,3104.95,United Kingdom,531,531
14099,3104.17,United Kingdom,532,532
16905,3102.43,United Kingdom,533,533
15491,3100.09,United Kingdom,534,534
14257,3099.72,United Kingdom,535,535
14565,3099.12,United Kingdom,536,536
13135,3096.0,United Kingdom,537,537
17059,3095.04,United Kingdom,538,538
13362,3090.74,United Kingdom,539,539
15998,3089.97,United Kingdom,540,540
16218,3084.68,United Kingdom,541,541
18272,3078.58,United Kingdom,542,542
12910,3075.04,United Kingdom,543,543
13631,3070.42,United Kingdom,544,544
16686,3062.83,United Kingdom,545,545
14456,3062.4,United Kingdom,546,546
17799,3055.93,United Kingdom,547,547
16940,3049.88,United Kingdom,548,548
16393,3046.21,United Kingdom,549,549
16709,3029.87,United Kingdom,550,550
12598,3023.08,France,551,551
12395,3018.63,Belgium,552,552
18094,3017.3,United Kingdom,553,553
12754,3010.74,Japan,554,554
12916,3006.15,United Kingdom,555,555
15521,3000.2,United Kingdom,556,556
17659,2999.46,United Kingdom,557,557
17504,2997.03,United Kingdom,558,558
12670,2996.05,France,559,559
14307,2995.72,United Kingdom,560,560
15687,2993.1,United Kingdom,561,561
14639,2984.49,United Kingdom,562,562
13451,2976.15,United Kingdom,563,563
14032,2975.59,United Kingdom,564,564
15854,2974.65,United Kingdom,565,565
16497,2965.69,United Kingdom,566,566
17924,2962.5,United Kingdom,567,567
14868,2953.59,United Kingdom,568,568
17084,2949.75,United Kingdom,569,569
17444,2940.04,Canada,570,570
16316,2938.91,United Kingdom,571,571
14530,2925.91,United Kingdom,572,572
17512,2924.99,United Kingdom,573,573
15606,2920.16,United Kingdom,574,574
12906,2919.81,United Kingdom,575,575
14112,2915.15,United Kingdom,576,576
12438,2906.85,Norway,577,577
17644,2895.64,United Kingdom,578,578
18144,2888.75,United Kingdom,579,579
12408,2888.55,Belgium,580,580
13735,2885.24,United Kingdom,581,581
16633,2883.1,United Kingdom,582,582
15673,2881.02,United Kingdom,583,583
14251,2879.7,United Kingdom,584,584
17728,2876.01,United Kingdom,585,585
14005,2874.72,United Kingdom,586,586
15628,2870.24,United Kingdom,587,587
14711,2868.8,United Kingdom,588,588
13901,2867.2,United Kingdom,589,589
14535,2864.19,United Kingdom,590,590
12685,2863.08,France,591,591
18145,2861.55,United Kingdom,592,592
16928,2847.6,United Kingdom,593,593
15984,2837.67,United Kingdom,594,594
14852,2836.69,United Kingdom,595,595
14572,2832.84,United Kingdom,596,596
17596,2827.93,United Kingdom,597,597
14842,2824.69,United Kingdom,598,598
13174,2817.03,United Kingdom,599,599
16871,2812.34,United Kingdom,600,600
12356,2811.43,Portugal,601,601
14903,2810.63,United Kingdom,602,602
18230,2810.2,United Kingdom,603,603
13230,2806.97,United Kingdom,604,604
16081,2806.9,United Kingdom,605,605
16764,2799.25,United Kingdom,606,606
15993,2797.57,United Kingdom,607,607
13769,2796.51,United Kingdom,608,608
12578,2794.51,Italy,609,609
12758,2791.59,Portugal,610,610
17739,2791.35,United Kingdom,611,611
14626,2791.27,United Kingdom,612,612
17213,2781.23,United Kingdom,613,613
12388,2780.66,Australia,614,614
14121,2780.15,United Kingdom,615,615
17838,2779.3,United Kingdom,616,616
13870,2770.94,United Kingdom,617,617
15356,2766.5,United Kingdom,618,618
15114,2760.56,United Kingdom,619,619
14854,2759.83,United Kingdom,620,620
13971,2758.26,United Kingdom,621,621
15321,2748.31,United Kingdom,622,622
12669,2744.03,France,623,623
14808,2741.17,United Kingdom,624,624
14125,2740.43,United Kingdom,625,625
15696,2736.46,United Kingdom,626,626
16938,2736.38,United Kingdom,627,627
16003,2735.37,United Kingdom,628,628
12840,2726.77,United Kingdom,629,629
12380,2724.81,Belgium,630,630
12708,2712.91,Germany,631,631
15796,2711.56,United Kingdom,632,632
17069,2709.7,United Kingdom,633,633
13285,2709.12,United Kingdom,634,634
13654,2707.33,United Kingdom,635,635
14107,2703.23,United Kingdom,636,636
14732,2702.49,United Kingdom,637,637
18097,2697.8,United Kingdom,638,638
17386,2686.42,United Kingdom,639,639
12625,2683.82,Germany,640,640
17346,2676.56,United Kingdom,641,641
13883,2674.48,United Kingdom,642,642
14713,2666.36,United Kingdom,643,643
12360,2662.06,Austria,644,644
14439,2661.24,Greece,645,645
15671,2657.13,United Kingdom,646,646
12721,2656.13,France,647,647
13851,2651.46,United Kingdom,648,648
16618,2647.59,United Kingdom,649,649
18260,2643.2,United Kingdom,650,650
13658,2639.17,United Kingdom,651,651
17655,2638.94,United Kingdom,652,652
15752,2637.38,United Kingdom,653,653
13804,2635.79,United Kingdom,654,654
13771,2634.45,United Kingdom,655,655
12520,2634.26,Germany,656,656
17402,2633.85,United Kingdom,657,657
18077,2633.01,United Kingdom,658,658
13422,2626.3,United Kingdom,659,659
13644,2624.26,United Kingdom,660,660
17965,2622.57,United Kingdom,661,661
18210,2621.38,United Kingdom,662,662
16255,2619.91,United Kingdom,663,663
14262,2618.23,United Kingdom,664,664
13021,2616.38,United Kingdom,665,665
15782,2614.74,United Kingdom,666,666
14397,2612.96,United Kingdom,667,667
12836,2612.86,United Kingdom,668,668
18075,2611.75,United Kingdom,669,669
12726,2609.1,France,670,670
16241,2607.87,United Kingdom,671,671
13136,2607.61,United Kingdom,672,672
14408,2606.53,United Kingdom,673,673
13983,2603.43,United Kingdom,674,674
17317,2600.34,United Kingdom,675,675
12600,2599.04,Germany,676,676
16919,2596.45,United Kingdom,677,677
13895,2593.07,United Kingdom,678,678
14243,2588.77,United Kingdom,679,679
15033,2586.67,United Kingdom,680,680
13911,2580.91,United Kingdom,681,681
14546,2578.09,United Kingdom,682,682
16912,2575.38,United Kingdom,683,683
15485,2575.0,United Kingdom,684,684
18245,2567.06,United Kingdom,685,685
16308,2560.0,United Kingdom,686,686
15572,2552.86,United Kingdom,687,687
14334,2552.21,United Kingdom,688,688
14701,2549.37,United Kingdom,689,689
14676,2548.24,United Kingdom,690,690
13344,2543.72,United Kingdom,691,691
14776,2538.3,United Kingdom,692,692
17700,2534.64,United Kingdom,693,693
13471,2531.58,United Kingdom,694,694
14659,2529.93,United Kingdom,695,695
17314,2527.92,United Kingdom,696,696
13975,2526.28,United Kingdom,697,697
17449,2520.86,United Kingdom,698,698
13394,2520.02,United Kingdom,699,699
15245,2515.84,United Kingdom,700,700
15271,2507.07,United Kingdom,701,701
12352,2506.04,Norway,702,702
13695,2504.13,United Kingdom,703,703
12517,2502.84,Germany,704,704
15932,2495.87,United Kingdom,705,705
16477,2494.46,United Kingdom,706,706
12483,2484.98,Sweden,707,707
12913,2483.63,United Kingdom,708,708
16710,2483.04,United Kingdom,709,709
14315,2481.13,United Kingdom,710,710
13507,2479.16,United Kingdom,711,711
13588,2478.95,United Kingdom,712,712
17682,2474.33,United Kingdom,713,713
17188,2474.23,United Kingdom,714,714
14766,2473.37,United Kingdom,715,715
14502,2470.67,United Kingdom,716,716
17164,2467.35,United Kingdom,717,717
12455,2466.86,Spain,718,718
15750,2465.48,United Kingdom,719,719
17131,2463.17,United Kingdom,720,720
13784,2462.79,United Kingdom,721,721
15674,2446.6,United Kingdom,722,722
14163,2445.91,United Kingdom,723,723
15527,2429.78,United Kingdom,724,724
17071,2429.03,United Kingdom,725,725
13949,2427.32,United Kingdom,726,726
16143,2424.94,United Kingdom,727,727
17722,2424.04,United Kingdom,728,728
15089,2420.84,United Kingdom,729,729
15373,2415.91,United Kingdom,730,730
12397,2409.9,Belgium,731,731
17589,2404.17,United Kingdom,732,732
15980,2398.86,United Kingdom,733,733
18065,2392.83,United Kingdom,734,734
13141,2388.75,United Kingdom,735,735
15370,2386.05,United Kingdom,736,736
17530,2385.0,United Kingdom,737,737
14493,2383.24,United Kingdom,738,738
14554,2381.04,United Kingdom,739,739
14239,2380.85,United Kingdom,740,740
15270,2379.49,United Kingdom,741,741
13722,2375.41,United Kingdom,742,742
17434,2373.82,United Kingdom,743,743
14930,2372.86,Channel Islands,744,744
13908,2369.55,United Kingdom,745,745
15755,2364.25,United Kingdom,746,746
12457,2363.23,Switzerland,747,747
17634,2361.97,United Kingdom,748,748
14030,2360.09,United Kingdom,749,749
14440,2357.68,United Kingdom,750,750
15140,2354.25,United Kingdom,751,751
14309,2352.53,United Kingdom,752,752
12704,2340.84,Finland,753,753
18259,2338.6,United Kingdom,754,754
12584,2338.15,Italy,755,755
18257,2337.63,United Kingdom,756,756
17954,2332.72,United Kingdom,757,757
15281,2332.15,United Kingdom,758,758
12782,2330.92,Portugal,759,759
15785,2328.97,United Kingdom,760,760
17313,2328.84,United Kingdom,761,761
17744,2322.4,United Kingdom,762,762
17211,2317.22,United Kingdom,763,763
14290,2314.65,United Kingdom,764,764
15365,2314.32,United Kingdom,765,765
13994,2313.14,United Kingdom,766,766
13704,2308.06,United Kingdom,767,767
15288,2306.52,United Kingdom,768,768
16735,2300.56,United Kingdom,769,769
16550,2298.97,United Kingdom,770,770
15105,2298.93,United Kingdom,771,771
13115,2294.78,United Kingdom,772,772
15704,2293.62,United Kingdom,773,773
12615,2291.19,France,774,774
13527,2287.51,United Kingdom,775,775
17696,2285.71,United Kingdom,776,776
12684,2283.63,France,777,777
16782,2279.9,United Kingdom,778,778
13317,2273.68,United Kingdom,779,779
17768,2273.18,United Kingdom,780,780
14466,2272.4,United Kingdom,781,781
13700,2265.12,United Kingdom,782,782
16057,2263.12,United Kingdom,783,783
16209,2262.62,United Kingdom,784,784
14432,2255.51,United Kingdom,785,785
16293,2248.99,United Kingdom,786,786
17442,2248.56,United Kingdom,787,787
15235,2247.51,United Kingdom,788,788
16771,2246.81,United Kingdom,789,789
15665,2242.01,United Kingdom,790,790
14211,2241.1,United Kingdom,791,791
16743,2238.09,United Kingdom,792,792
14560,2237.77,United Kingdom,793,793
14700,2235.3,United Kingdom,794,794
16076,2234.73,United Kingdom,795,795
15834,2233.75,United Kingdom,796,796
18242,2232.49,United Kingdom,797,797
14226,2232.19,United Kingdom,798,798
14825,2226.91,United Kingdom,799,799
17591,2225.97,United Kingdom,800,800
12783,2225.91,Portugal,801,801
13365,2225.37,United Kingdom,802,802
15722,2222.56,United Kingdom,803,803
15811,2218.62,United Kingdom,804,804
12876,2218.02,Belgium,805,805
12653,2209.85,Israel,806,806
13862,2209.36,United Kingdom,807,807
15797,2207.4,United Kingdom,808,808
15179,2206.95,United Kingdom,809,809
13831,2202.99,United Kingdom,810,810
17406,2200.42,United Kingdom,811,811
15123,2199.31,United Kingdom,812,812
16628,2188.05,United Kingdom,813,813
15394,2183.54,United Kingdom,814,814
14341,2182.28,United Kingdom,815,815
12856,2179.93,United Kingdom,816,816
12909,2178.67,United Kingdom,817,817
12501,2169.39,Germany,818,818
12633,2163.98,Germany,819,819
13755,2161.35,United Kingdom,820,820
12935,2160.7,United Kingdom,821,821
16456,2158.37,United Kingdom,822,822
14407,2157.73,United Kingdom,823,823
16379,2157.4,United Kingdom,824,824
13224,2155.95,United Kingdom,825,825
16966,2154.97,United Kingdom,826,826
17272,2148.63,United Kingdom,827,827
14828,2139.76,United Kingdom,828,828
12560,2134.01,Germany,829,829
17400,2129.96,United Kingdom,830,830
13517,2128.42,United Kingdom,831,831
14360,2128.23,United Kingdom,832,832
16407,2126.93,United Kingdom,833,833
14640,2125.08,United Kingdom,834,834
15058,2124.99,United Kingdom,835,835
13632,2121.27,United Kingdom,836,836
18061,2119.41,United Kingdom,837,837
18008,2116.19,United Kingdom,838,838
14691,2114.33,United Kingdom,839,839
13265,2107.66,United Kingdom,840,840
18173,2106.84,United Kingdom,841,841
18093,2106.52,United Kingdom,842,842
14461,2103.06,United Kingdom,843,843
14515,2102.09,United Kingdom,844,844
17861,2100.8,United Kingdom,845,845
15815,2100.6,United Kingdom,846,846
13126,2099.64,United Kingdom,847,847
12610,2099.54,Italy,848,848
16875,2095.53,United Kingdom,849,849
17191,2095.13,United Kingdom,850,850
18283,2094.88,United Kingdom,851,851
14306,2093.32,United Kingdom,852,852
13571,2092.32,United Kingdom,853,853
17490,2092.32,United Kingdom,853,854
13297,2089.85,United Kingdom,855,855
18044,2088.6,United Kingdom,856,856
14810,2087.88,United Kingdom,857,857
16954,2085.08,United Kingdom,858,858
18231,2083.27,United Kingdom,859,859
14696,2078.95,United Kingdom,860,860
14209,2073.43,United Kingdom,861,861
18241,2073.09,United Kingdom,862,862
18219,2069.77,United Kingdom,863,863
14482,2068.15,United Kingdom,864,864
12948,2064.95,United Kingdom,865,865
12928,2062.7,United Kingdom,866,866
16281,2062.06,United Kingdom,867,867
14409,2059.45,United Kingdom,868,868
12518,2056.89,Germany,869,869
17667,2055.51,United Kingdom,870,870
14188,2054.36,United Kingdom,871,871
16150,2053.02,United Kingdom,872,872
17086,2050.08,United Kingdom,873,873
17612,2048.45,United Kingdom,874,874
14232,2048.07,United Kingdom,875,875
17625,2047.0,United Kingdom,876,876
13495,2044.87,United Kingdom,877,877
17597,2044.37,United Kingdom,878,878
17090,2043.95,United Kingdom,879,879
13450,2043.72,United Kingdom,880,880
14001,2043.08,United Kingdom,881,881
12585,2040.1,Germany,882,882
13593,2037.08,United Kingdom,883,883
18069,2036.67,United Kingdom,884,884
17846,2033.1,United Kingdom,885,885
13630,2031.78,United Kingdom,886,886
16409,2028.88,United Kingdom,887,887
17337,2027.87,United Kingdom,888,888
16358,2027.5,United Kingdom,889,889
14544,2024.45,United Kingdom,890,890
15341,2020.52,United Kingdom,891,891
14506,2012.17,United Kingdom,892,892
15531,2007.44,United Kingdom,893,893
15372,2007.4,United Kingdom,894,894
16098,2005.63,United Kingdom,895,895
14730,2005.06,United Kingdom,896,896
14217,2004.98,United Kingdom,897,897
14462,2004.02,United Kingdom,898,898
17082,2003.85,United Kingdom,899,899
16754,2002.4,United Kingdom,900,900
15493,2001.8,United Kingdom,901,901
18188,2001.04,United Kingdom,902,902
13305,2000.86,United Kingdom,903,903
16698,1998.0,United Kingdom,904,904
17827,1995.46,United Kingdom,905,905
18204,1993.7,United Kingdom,906,906
17679,1992.11,United Kingdom,907,907
17088,1991.01,United Kingdom,908,908
13246,1987.3,United Kingdom,909,909
13590,1981.92,United Kingdom,910,910
13725,1980.56,United Kingdom,911,911
17422,1979.37,United Kingdom,912,912
16341,1971.87,United Kingdom,913,913
17997,1970.67,United Kingdom,914,914
12674,1970.6,France,915,915
17790,1965.55,United Kingdom,916,916
17218,1960.72,United Kingdom,917,917
15351,1960.11,United Kingdom,918,918
14498,1957.32,United Kingdom,919,919
12853,1957.1,United Kingdom,920,920
17554,1952.45,United Kingdom,921,921
14533,1949.72,United Kingdom,922,922
14653,1947.55,United Kingdom,923,923
15814,1945.33,United Kingdom,924,924
15518,1942.45,United Kingdom,925,925
14418,1937.25,United Kingdom,926,926
14472,1936.84,United Kingdom,927,927
15864,1936.32,United Kingdom,928,928
15157,1936.07,United Kingdom,929,929
12528,1933.48,Germany,930,930
14655,1932.23,United Kingdom,931,931
14978,1931.42,United Kingdom,932,932
16983,1931.25,United Kingdom,933,933
13094,1927.32,United Kingdom,934,934
16942,1920.59,United Kingdom,935,935
15021,1914.82,United Kingdom,936,936
17368,1912.67,United Kingdom,937,937
14285,1910.01,United Kingdom,938,938
16426,1908.25,United Kingdom,939,939
17228,1906.09,United Kingdom,940,940
14210,1905.84,United Kingdom,941,941
15819,1905.45,United Kingdom,942,942
14250,1904.05,United Kingdom,943,943
12762,1898.52,Portugal,944,944
17463,1896.41,United Kingdom,945,945
17870,1894.35,United Kingdom,946,946
14934,1890.94,Channel Islands,947,947
12371,1887.96,Switzerland,948,948
15641,1887.2,United Kingdom,949,949
16170,1885.05,United Kingdom,950,950
13890,1883.81,United Kingdom,951,951
16128,1880.22,United Kingdom,952,952
17738,1879.05,United Kingdom,953,953
15367,1877.59,United Kingdom,954,954
17293,1875.11,United Kingdom,955,955
16986,1873.2,United Kingdom,956,956
13982,1871.81,United Kingdom,957,957
16474,1871.5,United Kingdom,958,958
17469,1870.97,United Kingdom,959,959
16841,1869.82,United Kingdom,960,960
14524,1867.68,United Kingdom,961,961
17787,1865.19,United Kingdom,962,962
16201,1863.47,United Kingdom,963,963
14887,1862.0,United Kingdom,964,964
12423,1859.31,Belgium,965,965
17873,1859.16,United Kingdom,966,966
14305,1858.96,United Kingdom,967,967
12963,1856.63,United Kingdom,968,968
16979,1852.0,United Kingdom,969,969
13421,1851.08,United Kingdom,970,970
12383,1850.56,Belgium,971,971
12381,1845.31,Norway,972,972
17519,1844.02,United Kingdom,973,973
18180,1843.75,United Kingdom,974,974
12950,1843.0,United Kingdom,975,975
17015,1842.56,United Kingdom,976,976
16102,1842.14,United Kingdom,977,977
16455,1841.18,United Kingdom,978,978
14113,1840.42,United Kingdom,979,979
14216,1839.3,United Kingdom,980,980
13924,1838.85,United Kingdom,981,981
14459,1837.92,United Kingdom,982,982
18287,1837.28,United Kingdom,983,983
13650,1836.34,United Kingdom,984,984
15827,1836.09,United Kingdom,985,985
13048,1835.91,United Kingdom,986,986
14665,1835.7,United Kingdom,987,987
16152,1829.04,United Kingdom,988,988
15203,1827.8,United Kingdom,989,989
18122,1826.21,United Kingdom,990,990
17702,1824.37,United Kingdom,991,991
16153,1824.23,United Kingdom,992,992
17705,1823.52,United Kingdom,993,993
16169,1822.97,United Kingdom,994,994
17828,1820.09,Malta,995,995
17629,1814.12,United Kingdom,996,996
15260,1810.77,United Kingdom,997,997
13481,1804.56,United Kingdom,998,998
17663,1802.91,United Kingdom,999,999
15812,1801.14,United Kingdom,1000,1000
16249,1800.07,United Kingdom,1001,1001
13562,1799.33,United Kingdom,1002,1002
13196,1797.78,United Kingdom,1003,1003
17750,1797.57,United Kingdom,1004,1004
17648,1797.5,United Kingdom,1005,1005
12348,1797.24,Finland,1006,1006
18235,1796.48,United Kingdom,1007,1007
13134,1793.58,United Kingdom,1008,1008
18179,1793.17,United Kingdom,1009,1009
13510,1791.56,United Kingdom,1010,1010
16719,1790.42,United Kingdom,1011,1011
12523,1789.77,France,1012,1012
14215,1789.72,United Kingdom,1013,1013
14621,1788.36,United Kingdom,1014,1014
13875,1786.79,United Kingdom,1015,1015
14608,1785.15,United Kingdom,1016,1016
14935,1784.71,Channel Islands,1017,1017
15050,1782.09,United Kingdom,1018,1018
16380,1780.59,United Kingdom,1019,1019
15220,1778.96,United Kingdom,1020,1020
17092,1777.78,United Kingdom,1021,1021
12645,1775.18,Germany,1022,1022
17754,1772.26,United Kingdom,1023,1023
15594,1771.78,United Kingdom,1024,1024
15473,1771.2,United Kingdom,1025,1025
17813,1770.88,United Kingdom,1026,1026
14387,1770.56,United Kingdom,1027,1027
16681,1770.34,United Kingdom,1028,1028
13456,1766.72,United Kingdom,1029,1029
15950,1765.51,United Kingdom,1030,1030
16751,1764.72,United Kingdom,1031,1031
12424,1760.96,Australia,1032,1032
12823,1759.5,United Kingdom,1033,1033
12349,1757.55,Italy,1034,1034
15241,1756.44,United Kingdom,1035,1035
16359,1750.92,United Kingdom,1036,1036
13564,1749.02,United Kingdom,1037,1037
13808,1747.66,United Kingdom,1038,1038
15067,1744.76,United Kingdom,1039,1039
13157,1741.22,United Kingdom,1040,1040
14595,1740.6,United Kingdom,1041,1041
17930,1740.48,United Kingdom,1042,1042
17353,1740.0,United Kingdom,1043,1043
17457,1737.7,United Kingdom,1044,1044
14673,1736.4,United Kingdom,1045,1045
17043,1735.18,United Kingdom,1046,1046
16791,1721.78,United Kingdom,1047,1047
17451,1721.4,United Kingdom,1048,1048
14834,1720.3,United Kingdom,1049,1049
15267,1717.36,United Kingdom,1050,1050
17162,1715.46,United Kingdom,1051,1051
13763,1714.96,United Kingdom,1052,1052
17147,1714.59,United Kingdom,1053,1053
14441,1712.89,United Kingdom,1054,1054
12405,1710.39,Finland,1055,1055
15947,1708.24,United Kingdom,1056,1056
12407,1708.12,Belgium,1057,1057
16902,1706.88,United Kingdom,1058,1058
15240,1706.57,United Kingdom,1059,1059
16398,1705.8,United Kingdom,1060,1060
17282,1703.41,United Kingdom,1061,1061
12843,1702.26,United Kingdom,1062,1062
16007,1701.94,United Kingdom,1063,1063
13184,1701.29,United Kingdom,1064,1064
17193,1699.3,United Kingdom,1065,1065
13824,1698.94,United Kingdom,1066,1066
16775,1695.66,United Kingdom,1067,1067
12764,1693.88,Lebanon,1068,1068
14245,1693.45,United Kingdom,1069,1069
15549,1693.26,United Kingdom,1070,1070
16813,1692.98,United Kingdom,1071,1071
16671,1692.27,United Kingdom,1072,1072
15380,1690.26,United Kingdom,1073,1073
17152,1689.5,United Kingdom,1074,1074
12635,1689.18,Germany,1075,1075
13162,1688.29,United Kingdom,1076,1076
13577,1687.6,United Kingdom,1077,1077
16638,1680.72,United Kingdom,1078,1078
13647,1678.12,United Kingdom,1079,1079
13149,1676.06,United Kingdom,1080,1080
17656,1674.69,United Kingdom,1081,1081
16115,1667.97,United Kingdom,1082,1082
12912,1662.3,United Kingdom,1083,1083
12530,1662.28,Germany,1084,1084
13012,1661.84,United Kingdom,1085,1085
15214,1661.44,United Kingdom,1086,1086
15024,1661.33,United Kingdom,1087,1087
15332,1661.06,Lithuania,1088,1088
12967,1660.9,United Kingdom,1089,1089
14045,1659.75,United Kingdom,1090,1090
15953,1659.38,United Kingdom,1091,1091
15826,1654.31,United Kingdom,1092,1092
14573,1653.42,United Kingdom,1093,1093
17284,1652.58,United Kingdom,1094,1094
16711,1651.03,United Kingdom,1095,1095
14837,1649.5,United Kingdom,1096,1096
13750,1647.26,United Kingdom,1097,1097
12657,1643.18,France,1098,1098
15002,1641.76,United Kingdom,1099,1099
13627,1638.47,United Kingdom,1100,1100
12398,1635.66,Switzerland,1101,1101
15122,1633.78,United Kingdom,1102,1102
14164,1631.77,United Kingdom,1103,1103
17673,1629.12,United Kingdom,1104,1104
12377,1628.12,Switzerland,1105,1105
16515,1627.13,United Kingdom,1106,1106
14759,1625.97,United Kingdom,1107,1107
16987,1625.05,United Kingdom,1108,1108
13425,1624.21,United Kingdom,1109,1109
15172,1624.05,United Kingdom,1110,1110
14937,1621.88,Channel Islands,1111,1111
17101,1621.73,United Kingdom,1112,1112
14178,1620.93,United Kingdom,1113,1113
16801,1619.73,United Kingdom,1114,1114
18161,1618.69,United Kingdom,1115,1115
14336,1614.91,United Kingdom,1116,1116
16992,1614.31,United Kingdom,1117,1117
15791,1612.69,United Kingdom,1118,1118
14312,1611.59,United Kingdom,1119,1119
13614,1610.46,United Kingdom,1120,1120
14918,1610.15,United Kingdom,1121,1121
12868,1607.06,United Kingdom,1122,1122
16817,1604.75,United Kingdom,1123,1123
12947,1603.99,United Kingdom,1124,1124
16466,1603.46,United Kingdom,1125,1125
14719,1602.13,United Kingdom,1126,1126
14587,1601.14,United Kingdom,1127,1127
15660,1600.86,United Kingdom,1128,1128
16496,1599.52,United Kingdom,1129,1129
13850,1595.48,United Kingdom,1130,1130
17837,1593.38,United Kingdom,1131,1131
16332,1593.2,United Kingdom,1132,1132
16676,1592.12,United Kingdom,1133,1133
14970,1592.06,United Kingdom,1134,1134
15611,1591.45,United Kingdom,1135,1135
18178,1590.81,United Kingdom,1136,1136
14442,1589.82,Channel Islands,1137,1137
12393,1582.6,Australia,1138,1138
15532,1580.93,United Kingdom,1139,1139
12607,1579.51,USA,1140,1140
13814,1579.12,Germany,1141,1141
16889,1578.67,United Kingdom,1142,1142
13186,1575.89,United Kingdom,1143,1143
13634,1575.16,United Kingdom,1144,1144
13659,1573.2,United Kingdom,1145,1145
17671,1572.71,United Kingdom,1146,1146
16283,1570.81,United Kingdom,1147,1147
12865,1568.23,Austria,1148,1148
15906,1567.69,United Kingdom,1149,1149
15111,1567.48,United Kingdom,1150,1150
17085,1566.65,United Kingdom,1151,1151
17204,1564.56,United Kingdom,1152,1152
18239,1561.61,United Kingdom,1153,1153
14038,1560.38,United Kingdom,1154,1154
16394,1555.34,United Kingdom,1155,1155
13313,1555.32,United Kingdom,1156,1156
16369,1553.66,United Kingdom,1157,1157
15620,1553.18,United Kingdom,1158,1158
15117,1551.78,United Kingdom,1159,1159
13320,1548.7,United Kingdom,1160,1160
14229,1547.2,United Kingdom,1161,1161
14704,1546.91,United Kingdom,1162,1162
16790,1545.62,United Kingdom,1163,1163
13397,1544.13,United Kingdom,1164,1164
15701,1542.14,United Kingdom,1165,1165
12818,1542.08,Austria,1166,1166
16365,1540.42,United Kingdom,1167,1167
17159,1538.88,United Kingdom,1168,1168
13849,1537.95,United Kingdom,1169,1169
12877,1535.77,United Kingdom,1170,1170
15392,1535.53,United Kingdom,1171,1171
15625,1534.26,United Kingdom,1172,1172
13107,1531.62,United Kingdom,1173,1173
12759,1531.44,Netherlands,1174,1174
14321,1530.75,United Kingdom,1175,1175
14567,1530.36,United Kingdom,1176,1176
15916,1528.09,United Kingdom,1177,1177
16244,1522.75,United Kingdom,1178,1178
16434,1522.25,United Kingdom,1179,1179
16066,1521.87,United Kingdom,1180,1180
13764,1521.76,United Kingdom,1181,1181
13213,1520.58,United Kingdom,1182,1182
16880,1519.08,United Kingdom,1183,1183
14267,1516.24,United Kingdom,1184,1184
13791,1516.0,United Kingdom,1185,1185
16748,1515.9,United Kingdom,1186,1186
16053,1511.95,United Kingdom,1187,1187
16910,1510.06,United Kingdom,1188,1188
16279,1509.58,United Kingdom,1189,1189
16016,1508.76,United Kingdom,1190,1190
15265,1506.12,United Kingdom,1191,1191
12937,1504.27,United Kingdom,1192,1192
15530,1502.35,United Kingdom,1193,1193
16762,1501.38,United Kingdom,1194,1194
13810,1499.01,Germany,1195,1195
17571,1498.51,United Kingdom,1196,1196
14414,1496.98,United Kingdom,1197,1197
16755,1496.83,United Kingdom,1198,1198
17002,1493.73,United Kingdom,1199,1199
15057,1489.5,United Kingdom,1200,1200
13110,1488.67,United Kingdom,1201,1201
13692,1488.32,United Kingdom,1202,1202
14963,1487.8,United Kingdom,1203,1203
17553,1487.6,United Kingdom,1204,1204
16395,1486.9,United Kingdom,1205,1205
14878,1485.54,United Kingdom,1206,1206
14758,1484.06,United Kingdom,1207,1207
18016,1483.56,United Kingdom,1208,1208
15427,1483.14,United Kingdom,1209,1209
17590,1479.22,United Kingdom,1210,1210
14403,1475.81,United Kingdom,1211,1211
15983,1475.02,United Kingdom,1212,1212
12826,1474.72,United Kingdom,1213,1213
14404,1474.32,United Kingdom,1214,1214
14246,1474.06,United Kingdom,1215,1215
15128,1471.0,United Kingdom,1216,1216
16348,1469.45,United Kingdom,1217,1217
14875,1465.32,United Kingdom,1218,1218
12882,1463.04,United Kingdom,1219,1219
14233,1462.72,United Kingdom,1220,1220
14541,1461.65,United Kingdom,1221,1221
17063,1461.14,United Kingdom,1222,1222
16059,1459.86,United Kingdom,1223,1223
16996,1456.96,United Kingdom,1224,1224
13309,1456.79,United Kingdom,1225,1225
13477,1454.58,United Kingdom,1226,1226
15987,1451.28,United Kingdom,1227,1227
14740,1448.21,United Kingdom,1228,1228
15426,1447.39,United Kingdom,1229,1229
14591,1447.14,United Kingdom,1230,1230
17073,1446.09,United Kingdom,1231,1231
13717,1445.01,United Kingdom,1232,1232
13461,1445.0,United Kingdom,1233,1233
17175,1443.69,United Kingdom,1234,1234
15478,1441.42,United Kingdom,1235,1235
15858,1438.85,United Kingdom,1236,1236
14071,1438.82,United Kingdom,1237,1237
13159,1437.85,United Kingdom,1238,1238
14566,1432.0,Channel Islands,1239,1239
16503,1431.93,United Kingdom,1240,1240
13475,1431.78,United Kingdom,1241,1241
16103,1429.64,United Kingdom,1242,1242
16271,1429.24,United Kingdom,1243,1243
14035,1428.02,United Kingdom,1244,1244
15681,1426.16,United Kingdom,1245,1245
15106,1422.52,United Kingdom,1246,1246
16463,1422.4,United Kingdom,1247,1247
16571,1421.69,United Kingdom,1248,1248
14019,1421.61,United Kingdom,1249,1249
14901,1421.29,United Kingdom,1250,1250
14443,1420.2,United Kingdom,1251,1251
17288,1419.73,United Kingdom,1252,1252
16173,1418.32,United Kingdom,1253,1253
15444,1418.26,United Kingdom,1254,1254
18116,1418.03,United Kingdom,1255,1255
17856,1418.03,United Kingdom,1255,1256
14649,1417.29,United Kingdom,1257,1257
14748,1415.75,United Kingdom,1258,1258
16012,1415.29,United Kingdom,1259,1259
16245,1413.66,United Kingdom,1260,1260
17004,1412.94,United Kingdom,1261,1261
15237,1412.32,United Kingdom,1262,1262
15596,1406.59,United Kingdom,1263,1263
17083,1405.78,United Kingdom,1264,1264
15563,1400.44,United Kingdom,1265,1265
14741,1400.34,United Kingdom,1266,1266
18202,1396.99,United Kingdom,1267,1267
13995,1393.69,United Kingdom,1268,1268
17354,1393.06,United Kingdom,1269,1269
15810,1391.98,United Kingdom,1270,1270
15051,1391.61,United Kingdom,1271,1271
13414,1390.5,United Kingdom,1272,1272
13516,1389.41,United Kingdom,1273,1273
15898,1388.88,United Kingdom,1274,1274
16539,1388.81,United Kingdom,1275,1275
15453,1388.37,United Kingdom,1276,1276
15134,1387.99,United Kingdom,1277,1277
12952,1387.79,United Kingdom,1278,1278
17676,1387.68,United Kingdom,1279,1279
12775,1386.04,Netherlands,1280,1280
13308,1385.51,United Kingdom,1281,1281
18167,1384.86,United Kingdom,1282,1282
17311,1384.85,United Kingdom,1283,1283
13572,1384.25,United Kingdom,1284,1284
14507,1383.18,United Kingdom,1285,1285
14116,1382.74,United Kingdom,1286,1286
16389,1382.07,United Kingdom,1287,1287
16726,1382.02,United Kingdom,1288,1288
17621,1379.9,United Kingdom,1289,1289
12886,1378.4,United Kingdom,1290,1290
15569,1375.71,United Kingdom,1291,1291
16669,1374.87,United Kingdom,1292,1292
14434,1372.8,United Kingdom,1293,1293
15095,1370.6,United Kingdom,1294,1294
13813,1366.86,Germany,1295,1295
14897,1366.38,United Kingdom,1296,1296
13396,1360.99,United Kingdom,1297,1297
14102,1360.28,United Kingdom,1298,1298
15411,1358.88,United Kingdom,1299,1299
13232,1357.6,United Kingdom,1300,1300
17054,1356.33,United Kingdom,1301,1301
14859,1353.74,United Kingdom,1302,1302
14064,1353.74,United Kingdom,1302,1303
15116,1352.75,United Kingdom,1304,1304
16079,1352.0,United Kingdom,1305,1305
16493,1351.63,United Kingdom,1306,1306
12770,1351.45,Japan,1307,1307
12646,1346.97,USA,1308,1308
14154,1345.62,United Kingdom,1309,1309
15398,1345.53,United Kingdom,1310,1310
12463,1344.78,Belgium,1311,1311
17372,1342.68,United Kingdom,1312,1312
16317,1341.65,United Kingdom,1313,1313
13743,1341.6,United Kingdom,1314,1314
18177,1341.42,United Kingdom,1315,1315
16045,1340.7,United Kingdom,1316,1316
13501,1340.32,Switzerland,1317,1317
15734,1339.45,United Kingdom,1318,1318
12620,1339.41,France,1319,1319
15059,1337.72,United Kingdom,1320,1320
16110,1337.48,United Kingdom,1321,1321
12919,1335.19,United Kingdom,1322,1322
15680,1333.68,United Kingdom,1323,1323
17932,1331.57,United Kingdom,1324,1324
12676,1331.39,Sweden,1325,1325
16295,1328.55,United Kingdom,1326,1326
15146,1327.16,United Kingdom,1327,1327
17633,1324.84,United Kingdom,1328,1328
12854,1324.5,United Kingdom,1329,1329
17095,1324.16,United Kingdom,1330,1330
16370,1320.56,United Kingdom,1331,1331
14794,1319.91,United Kingdom,1332,1332
13168,1319.19,United Kingdom,1333,1333
16083,1317.62,United Kingdom,1334,1334
12526,1316.66,Germany,1335,1335
14921,1316.07,United Kingdom,1336,1336
12576,1315.83,Poland,1337,1337
14511,1314.81,United Kingdom,1338,1338
16464,1314.68,United Kingdom,1339,1339
14973,1314.45,United Kingdom,1340,1340
14738,1314.45,United Kingdom,1340,1341
16040,1313.55,United Kingdom,1342,1342
12364,1313.1,Belgium,1343,1343
12516,1312.06,Germany,1344,1344
14856,1311.38,United Kingdom,1345,1345
14477,1309.6,United Kingdom,1346,1346
16120,1309.14,United Kingdom,1347,1347
14047,1308.61,United Kingdom,1348,1348
13328,1308.48,United Kingdom,1349,1349
14297,1305.33,United Kingdom,1350,1350
12507,1304.81,Spain,1351,1351
16744,1304.76,United Kingdom,1352,1352
17919,1304.04,United Kingdom,1353,1353
15813,1303.91,United Kingdom,1354,1354
14898,1303.52,United Kingdom,1355,1355
15108,1300.25,European Community,1356,1356
15494,1299.23,United Kingdom,1357,1357
12488,1298.66,France,1358,1358
12372,1298.04,Denmark,1359,1359
15602,1297.87,United Kingdom,1360,1360
17961,1296.44,United Kingdom,1361,1361
16929,1295.39,United Kingdom,1362,1362
16224,1295.3,United Kingdom,1363,1363
15621,1293.03,United Kingdom,1364,1364
16101,1290.7,United Kingdom,1365,1365
15171,1289.5,United Kingdom,1366,1366
15136,1286.7,United Kingdom,1367,1367
16949,1286.27,United Kingdom,1368,1368
17350,1286.07,United Kingdom,1369,1369
17802,1285.04,United Kingdom,1370,1370
16899,1281.56,United Kingdom,1371,1371
13878,1281.53,United Kingdom,1372,1372
13538,1280.85,United Kingdom,1373,1373
16951,1277.75,United Kingdom,1374,1374
16692,1276.0,United Kingdom,1375,1375
17019,1272.61,United Kingdom,1376,1376
12394,1272.48,Belgium,1377,1377
12630,1270.88,Finland,1378,1378
14669,1269.99,United Kingdom,1379,1379
13492,1269.84,Switzerland,1380,1380
13431,1269.1,United Kingdom,1381,1381
14916,1268.98,United Kingdom,1382,1382
15199,1268.7,United Kingdom,1383,1383
16660,1267.65,United Kingdom,1384,1384
17037,1267.32,United Kingdom,1385,1385
17158,1266.97,United Kingdom,1386,1386
14105,1266.23,United Kingdom,1387,1387
13989,1266.08,United Kingdom,1388,1388
16842,1264.19,United Kingdom,1389,1389
15497,1262.2,United Kingdom,1390,1390
15009,1261.78,United Kingdom,1391,1391
16688,1260.86,United Kingdom,1392,1392
17388,1259.56,United Kingdom,1393,1393
17412,1258.06,United Kingdom,1394,1394
13151,1257.87,United Kingdom,1395,1395
14931,1257.68,Channel Islands,1396,1396
16639,1257.51,United Kingdom,1397,1397
17481,1255.59,United Kingdom,1398,1398
13848,1255.0,United Kingdom,1399,1399
17262,1253.36,United Kingdom,1400,1400
14698,1250.76,United Kingdom,1401,1401
14383,1247.69,United Kingdom,1402,1402
12689,1247.61,France,1403,1403
13029,1247.5,United Kingdom,1404,1404
15004,1246.32,United Kingdom,1405,1405
12494,1246.1,France,1406,1406
13860,1245.9,United Kingdom,1407,1407
14428,1244.83,United Kingdom,1408,1408
16531,1244.59,United Kingdom,1409,1409
17584,1242.3,United Kingdom,1410,1410
17588,1240.2,United Kingdom,1411,1411
17731,1240.11,United Kingdom,1412,1412
12985,1239.38,United Kingdom,1413,1413
13476,1238.47,United Kingdom,1414,1414
14893,1237.85,United Kingdom,1415,1415
13931,1237.53,United Kingdom,1416,1416
15201,1236.54,United Kingdom,1417,1417
14684,1236.28,United Kingdom,1418,1418
15376,1233.36,United Kingdom,1419,1419
15910,1232.18,United Kingdom,1420,1420
18080,1231.5,United Kingdom,1421,1421
18171,1231.31,United Kingdom,1422,1422
14913,1227.43,United Kingdom,1423,1423
12997,1226.89,United Kingdom,1424,1424
12412,1226.88,Denmark,1425,1425
17774,1225.41,United Kingdom,1426,1426
15841,1224.06,United Kingdom,1427,1427
13208,1223.9,United Kingdom,1428,1428
16794,1222.71,United Kingdom,1429,1429
14745,1220.26,United Kingdom,1430,1430
15227,1219.4,United Kingdom,1431,1431
13491,1215.82,United Kingdom,1432,1432
17410,1214.72,United Kingdom,1433,1433
13055,1214.41,United Kingdom,1434,1434
18263,1213.16,United Kingdom,1435,1435
13918,1212.84,United Kingdom,1436,1436
16653,1212.66,United Kingdom,1437,1437
12464,1212.05,Belgium,1438,1438
17653,1207.56,United Kingdom,1439,1439
15737,1205.12,United Kingdom,1440,1440
16800,1201.49,United Kingdom,1441,1441
13158,1201.06,United Kingdom,1442,1442
17320,1200.62,United Kingdom,1443,1443
17800,1199.01,United Kingdom,1444,1444
15605,1198.23,United Kingdom,1445,1445
13118,1197.81,United Kingdom,1446,1446
13211,1197.42,United Kingdom,1447,1447
16042,1197.27,United Kingdom,1448,1448
17867,1197.1,United Kingdom,1449,1449
14487,1196.33,United Kingdom,1450,1450
17720,1195.94,United Kingdom,1451,1451
17526,1195.9,United Kingdom,1452,1452
15145,1194.73,United Kingdom,1453,1453
12611,1193.32,Italy,1454,1454
13882,1191.13,United Kingdom,1455,1455
12462,1189.59,Spain,1456,1456
16612,1187.66,United Kingdom,1457,1457
15630,1186.35,United Kingdom,1458,1458
13752,1186.28,United Kingdom,1459,1459
17058,1179.89,United Kingdom,1460,1460
16950,1178.56,United Kingdom,1461,1461
12885,1175.22,United Kingdom,1462,1462
12640,1174.58,France,1463,1463
15306,1174.35,United Kingdom,1464,1464
14857,1173.12,United Kingdom,1465,1465
13611,1171.8,United Kingdom,1466,1466
18168,1169.94,United Kingdom,1467,1467
12358,1168.06,Austria,1468,1468
13500,1166.77,United Kingdom,1469,1469
14737,1164.55,United Kingdom,1470,1470
14261,1163.45,United Kingdom,1471,1471
14447,1163.23,United Kingdom,1472,1472
16714,1161.53,United Kingdom,1473,1473
12546,1161.5,Spain,1474,1474
15088,1160.07,United Kingdom,1475,1475
17348,1159.52,United Kingdom,1476,1476
13499,1159.11,United Kingdom,1477,1477
16184,1158.79,United Kingdom,1478,1478
14723,1158.3,United Kingdom,1479,1479
13744,1156.36,United Kingdom,1480,1480
16637,1154.47,United Kingdom,1481,1481
16062,1153.62,United Kingdom,1482,1482
12710,1149.02,Germany,1483,1483
17505,1145.84,United Kingdom,1484,1484
16766,1145.6,United Kingdom,1485,1485
12769,1143.6,Brazil,1486,1486
17770,1143.27,United Kingdom,1487,1487
18125,1142.99,United Kingdom,1488,1488
15985,1142.42,United Kingdom,1489,1489
16270,1141.24,United Kingdom,1490,1490
13330,1140.93,United Kingdom,1491,1491
13819,1140.35,United Kingdom,1492,1492
16172,1140.21,United Kingdom,1493,1493
17135,1139.73,United Kingdom,1494,1494
17500,1138.0,United Kingdom,1495,1495
17302,1135.63,United Kingdom,1496,1496
17242,1135.04,United Kingdom,1497,1497
15489,1134.28,United Kingdom,1498,1498
16989,1133.25,United Kingdom,1499,1499
17585,1133.07,United Kingdom,1500,1500
13282,1132.14,United Kingdom,1501,1501
13772,1132.13,United Kingdom,1502,1502
13310,1132.03,United Kingdom,1503,1503
13610,1131.88,United Kingdom,1504,1504
15500,1131.56,United Kingdom,1505,1505
13447,1129.14,United Kingdom,1506,1506
14824,1127.71,United Kingdom,1507,1507
12609,1126.85,Germany,1508,1508
14708,1126.37,United Kingdom,1509,1509
17470,1125.07,United Kingdom,1510,1510
14129,1123.86,United Kingdom,1511,1511
15436,1122.53,United Kingdom,1512,1512
13486,1122.41,United Kingdom,1513,1513
17562,1122.38,United Kingdom,1514,1514
16807,1121.59,United Kingdom,1515,1515
16086,1121.39,United Kingdom,1516,1516
15730,1120.88,United Kingdom,1517,1517
17894,1119.81,United Kingdom,1518,1518
14276,1119.74,United Kingdom,1519,1519
13064,1119.49,United Kingdom,1520,1520
12842,1118.99,United Kingdom,1521,1521
15716,1118.81,United Kingdom,1522,1522
17788,1117.9,United Kingdom,1523,1523
13591,1117.13,United Kingdom,1524,1524
14971,1116.57,United Kingdom,1525,1525
16350,1116.47,United Kingdom,1526,1526
12679,1113.02,France,1527,1527
17609,1112.22,United Kingdom,1528,1528
16049,1111.79,United Kingdom,1529,1529
14161,1110.52,United Kingdom,1530,1530
14817,1110.34,United Kingdom,1531,1531
15069,1109.53,United Kingdom,1532,1532
12399,1108.65,Belgium,1533,1533
15933,1107.46,United Kingdom,1534,1534
16833,1106.53,United Kingdom,1535,1535
12857,1106.4,United Kingdom,1536,1536
14410,1105.07,United Kingdom,1537,1537
14948,1101.97,United Kingdom,1538,1538
17047,1100.9,United Kingdom,1539,1539
14744,1099.98,United Kingdom,1540,1540
15978,1098.78,United Kingdom,1541,1541
13104,1098.48,United Kingdom,1542,1542
17966,1098.43,United Kingdom,1543,1543
16225,1096.32,United Kingdom,1544,1544
16533,1095.56,United Kingdom,1545,1545
13652,1095.08,United Kingdom,1546,1546
15745,1094.59,United Kingdom,1547,1547
15608,1093.68,United Kingdom,1548,1548
13521,1093.65,United Kingdom,1549,1549
18189,1090.24,United Kingdom,1550,1550
13853,1090.14,United Kingdom,1551,1551
12534,1089.18,Germany,1552,1552
15763,1086.92,United Kingdom,1553,1553
13467,1083.71,United Kingdom,1554,1554
17041,1081.57,United Kingdom,1555,1555
14561,1080.76,United Kingdom,1556,1556
16200,1080.62,United Kingdom,1557,1557
13726,1079.66,United Kingdom,1558,1558
15197,1079.61,United Kingdom,1559,1559
12354,1079.4,Spain,1560,1560
13715,1079.34,United Kingdom,1561,1561
16980,1078.96,United Kingdom,1562,1562
14352,1078.96,United Kingdom,1562,1563
16094,1078.23,United Kingdom,1564,1564
16563,1077.74,United Kingdom,1565,1565
13131,1073.3,United Kingdom,1566,1566
15712,1072.36,United Kingdom,1567,1567
15238,1071.99,United Kingdom,1568,1568
13635,1071.03,United Kingdom,1569,1569
17522,1070.71,United Kingdom,1570,1570
13761,1070.65,United Kingdom,1571,1571
14212,1070.48,United Kingdom,1572,1572
17214,1069.12,United Kingdom,1573,1573
16918,1068.82,United Kingdom,1574,1574
15027,1066.15,United Kingdom,1575,1575
17277,1065.35,United Kingdom,1576,1576
14488,1064.28,United Kingdom,1577,1577
17287,1064.11,United Kingdom,1578,1578
12951,1064.07,United Kingdom,1579,1579
15801,1063.95,United Kingdom,1580,1580
12936,1063.9,United Kingdom,1581,1581
12815,1063.46,Poland,1582,1582
14411,1063.0,United Kingdom,1583,1583
16214,1062.75,United Kingdom,1584,1584
15996,1060.68,United Kingdom,1585,1585
15706,1060.56,United Kingdom,1586,1586
17727,1060.25,United Kingdom,1587,1587
18130,1059.39,United Kingdom,1588,1588
14465,1058.62,United Kingdom,1589,1589
13455,1058.34,United Kingdom,1590,1590
14419,1058.06,United Kingdom,1591,1591
15407,1056.44,United Kingdom,1592,1592
14514,1055.35,United Kingdom,1593,1593
15977,1054.73,United Kingdom,1594,1594
16728,1054.67,United Kingdom,1595,1595
12716,1053.49,France,1596,1596
14583,1052.55,United Kingdom,1597,1597
16416,1051.4,United Kingdom,1598,1598
12849,1050.89,United Kingdom,1599,1599
14224,1050.12,United Kingdom,1600,1600
15329,1049.7,United Kingdom,1601,1601
14078,1049.37,United Kingdom,1602,1602
15464,1048.85,United Kingdom,1603,1603
15839,1048.49,United Kingdom,1604,1604
15777,1047.11,United Kingdom,1605,1605
16520,1046.57,United Kingdom,1606,1606
14293,1046.56,United Kingdom,1607,1607
17042,1044.38,United Kingdom,1608,1608
15192,1044.32,United Kingdom,1609,1609
14389,1043.46,United Kingdom,1610,1610
15073,1043.41,United Kingdom,1611,1611
12497,1043.1,Germany,1612,1612
14584,1042.26,United Kingdom,1613,1613
13719,1041.68,United Kingdom,1614,1614
18221,1041.61,United Kingdom,1615,1615
15434,1041.48,United Kingdom,1616,1616
14446,1039.58,United Kingdom,1617,1617
16320,1038.46,Unspecified,1618,1618
16175,1037.59,United Kingdom,1619,1619
12691,1035.8,France,1620,1620
16260,1035.45,United Kingdom,1621,1621
13639,1033.34,United Kingdom,1622,1622
17724,1033.0,United Kingdom,1623,1623
12599,1032.58,France,1624,1624
12724,1031.41,France,1625,1625
17405,1031.41,United Kingdom,1625,1626
13235,1031.07,United Kingdom,1627,1627
12717,1030.98,Greece,1628,1628
13253,1030.4,United Kingdom,1629,1629
17033,1030.14,United Kingdom,1630,1630
15333,1028.56,United Kingdom,1631,1631
16682,1028.0,United Kingdom,1632,1632
15104,1027.44,United Kingdom,1633,1633
13956,1026.42,United Kingdom,1634,1634
16160,1025.44,United Kingdom,1635,1635
14904,1025.44,United Kingdom,1635,1636
15658,1024.1,United Kingdom,1637,1637
17096,1022.13,United Kingdom,1638,1638
14346,1021.58,United Kingdom,1639,1639
13165,1021.48,United Kingdom,1640,1640
12572,1020.42,Germany,1641,1641
13376,1019.76,United Kingdom,1642,1642
18142,1019.52,United Kingdom,1643,1643
12828,1018.71,United Kingdom,1644,1644
14083,1018.43,United Kingdom,1645,1645
12514,1017.68,Italy,1646,1646
13728,1016.14,United Kingdom,1647,1647
13867,1015.29,United Kingdom,1648,1648
12642,1013.26,Germany,1649,1649
12739,1013.04,United Arab Emirates,1650,1650
17197,1013.01,United Kingdom,1651,1651
14195,1012.0,United Kingdom,1652,1652
14775,1011.9,United Kingdom,1653,1653
16229,1010.6,United Kingdom,1654,1654
13032,1010.18,United Kingdom,1655,1655
16572,1009.6,United Kingdom,1656,1656
16174,1009.55,United Kingdom,1657,1657
17951,1008.54,United Kingdom,1658,1658
17646,1008.39,United Kingdom,1659,1659
14631,1006.98,United Kingdom,1660,1660
13429,1006.8,United Kingdom,1661,1661
17126,1004.75,United Kingdom,1662,1662
14214,1004.38,United Kingdom,1663,1663
13410,1003.06,United Kingdom,1664,1664
12446,1002.31,RSA,1665,1665
12545,1000.39,Spain,1666,1666
15508,1000.27,United Kingdom,1667,1667
18143,1000.16,United Kingdom,1668,1668
12722,997.63,France,1669,1669
14540,996.26,United Kingdom,1670,1670
15110,996.1,United Kingdom,1671,1671
17594,993.18,United Kingdom,1672,1672
16009,992.71,United Kingdom,1673,1673
13363,992.5,United Kingdom,1674,1674
14223,991.13,United Kingdom,1675,1675
16232,990.88,United Kingdom,1676,1676
17324,990.23,United Kingdom,1677,1677
15062,987.86,United Kingdom,1678,1678
18237,987.1,United Kingdom,1679,1679
16376,987.01,United Kingdom,1680,1680
13117,984.91,United Kingdom,1681,1681
17144,984.57,United Kingdom,1682,1682
12510,982.57,Spain,1683,1683
15133,982.42,United Kingdom,1684,1684
14138,982.38,United Kingdom,1685,1685
15071,982.07,United Kingdom,1686,1686
16188,981.86,United Kingdom,1687,1687
16907,981.65,United Kingdom,1688,1688
16085,981.51,United Kingdom,1689,1689
12541,981.18,Spain,1690,1690
18170,980.31,United Kingdom,1691,1691
13509,979.72,United Kingdom,1692,1692
15506,979.26,United Kingdom,1693,1693
13350,979.12,United Kingdom,1694,1694
15132,977.93,United Kingdom,1695,1695
14920,977.77,United Kingdom,1696,1696
15860,977.21,United Kingdom,1697,1697
13026,975.36,United Kingdom,1698,1698
14522,974.54,United Kingdom,1699,1699
15449,974.52,United Kingdom,1700,1700
12994,974.42,United Kingdom,1701,1701
15747,974.04,United Kingdom,1702,1702
18194,973.84,United Kingdom,1703,1703
16419,972.23,United Kingdom,1704,1704
13155,971.76,United Kingdom,1705,1705
17100,971.74,United Kingdom,1706,1706
17618,971.58,United Kingdom,1707,1707
14256,969.06,United Kingdom,1708,1708
15907,967.45,United Kingdom,1709,1709
15793,965.61,United Kingdom,1710,1710
12550,964.83,Spain,1711,1711
13138,962.39,United Kingdom,1712,1712
14006,962.19,United Kingdom,1713,1713
15156,961.49,United Kingdom,1714,1714
14629,959.01,United Kingdom,1715,1715
18192,957.97,United Kingdom,1716,1716
13823,957.66,United Kingdom,1717,1717
12697,957.59,Sweden,1718,1718
15948,955.24,United Kingdom,1719,1719
17244,954.9,United Kingdom,1720,1720
17097,954.42,Spain,1721,1721
15835,954.09,United Kingdom,1722,1722
16934,950.93,United Kingdom,1723,1723
15421,950.36,United Kingdom,1724,1724
16511,950.26,United Kingdom,1725,1725
13636,949.12,United Kingdom,1726,1726
12822,948.88,United Kingdom,1727,1727
17044,948.48,United Kingdom,1728,1728
13748,948.25,United Kingdom,1729,1729
15787,948.05,United Kingdom,1730,1730
12458,947.4,Switzerland,1731,1731
15707,945.58,United Kingdom,1732,1732
17289,944.41,United Kingdom,1733,1733
13261,944.1,United Kingdom,1734,1734
12820,942.34,United Kingdom,1735,1735
14075,942.26,United Kingdom,1736,1736
15576,940.67,United Kingdom,1737,1737
15289,939.78,United Kingdom,1738,1738
17527,939.37,United Kingdom,1739,1739
17227,939.32,United Kingdom,1740,1740
16584,936.08,United Kingdom,1741,1741
14140,935.05,United Kingdom,1742,1742
16027,934.62,United Kingdom,1743,1743
14081,934.52,United Kingdom,1744,1744
12924,933.7,United Kingdom,1745,1745
16657,933.62,United Kingdom,1746,1746
13655,932.97,United Kingdom,1747,1747
14532,932.85,United Kingdom,1748,1748
18133,931.5,United Kingdom,1749,1749
17552,930.41,United Kingdom,1750,1750
14475,925.85,United Kingdom,1751,1751
14231,925.71,United Kingdom,1752,1752
17048,925.35,United Kingdom,1753,1753
15312,924.85,United Kingdom,1754,1754
13805,924.6,United Kingdom,1755,1755
15654,922.53,United Kingdom,1756,1756
13122,922.39,United Kingdom,1757,1757
16551,922.12,United Kingdom,1758,1758
13934,922.1,United Kingdom,1759,1759
13035,921.88,United Kingdom,1760,1760
17323,921.07,United Kingdom,1761,1761
13984,920.51,United Kingdom,1762,1762
17018,920.1,United Kingdom,1763,1763
12652,919.98,France,1764,1764
13075,919.61,United Kingdom,1765,1765
13549,918.2,United Kingdom,1766,1766
15253,918.2,United Kingdom,1766,1767
14015,917.34,United Kingdom,1768,1768
14712,917.07,United Kingdom,1769,1769
17236,916.13,United Kingdom,1770,1770
14141,915.13,United Kingdom,1771,1771
16216,914.93,United Kingdom,1772,1772
16809,914.69,United Kingdom,1773,1773
15587,913.68,United Kingdom,1774,1774
12940,913.54,United Kingdom,1775,1775
15364,913.19,United Kingdom,1776,1776
14359,912.18,United Kingdom,1777,1777
13782,912.0,United Kingdom,1778,1778
13192,911.94,United Kingdom,1779,1779
14289,911.26,United Kingdom,1780,1780
18096,911.15,United Kingdom,1781,1781
13689,910.0,United Kingdom,1782,1782
15511,909.23,United Kingdom,1783,1783
13038,908.46,United Kingdom,1784,1784
14449,907.1,United Kingdom,1785,1785
15480,905.5,Malta,1786,1786
15022,905.04,United Kingdom,1787,1787
15807,903.9,United Kingdom,1788,1788
17566,901.21,United Kingdom,1789,1789
17848,901.2,United Kingdom,1790,1790
16716,901.2,United Kingdom,1790,1791
14625,899.63,United Kingdom,1792,1792
17886,899.61,United Kingdom,1793,1793
13662,897.76,United Kingdom,1794,1794
17537,897.62,United Kingdom,1795,1795
16361,896.66,United Kingdom,1796,1796
15079,895.61,United Kingdom,1797,1797
15865,895.13,United Kingdom,1798,1798
15211,894.41,United Kingdom,1799,1799
15066,893.59,United Kingdom,1800,1800
12772,892.47,Portugal,1801,1801
13515,891.12,United Kingdom,1802,1802
15255,890.85,United Kingdom,1803,1803
14240,890.34,United Kingdom,1804,1804
17027,890.29,United Kingdom,1805,1805
14344,889.93,United Kingdom,1806,1806
17007,889.93,United Kingdom,1806,1807
14623,889.25,United Kingdom,1808,1808
17829,889.24,United Arab Emirates,1809,1809
16347,887.65,United Kingdom,1810,1810
16900,887.11,United Kingdom,1811,1811
15822,885.47,United Kingdom,1812,1812
17704,885.19,United Kingdom,1813,1813
17109,885.04,United Kingdom,1814,1814
15799,884.14,United Kingdom,1815,1815
14597,883.15,United Kingdom,1816,1816
18236,882.24,United Kingdom,1817,1817
13037,881.07,United Kingdom,1818,1818
15076,880.85,United Kingdom,1819,1819
15653,877.44,United Kingdom,1820,1820
14770,876.42,United Kingdom,1821,1821
15100,876.0,United Kingdom,1822,1822
13566,874.71,United Kingdom,1823,1823
16513,874.59,United Kingdom,1824,1824
13294,873.74,United Kingdom,1825,1825
12847,871.54,United Kingdom,1826,1826
15208,870.12,United Kingdom,1827,1827
13200,870.09,United Kingdom,1828,1828
13979,869.87,United Kingdom,1829,1829
12694,869.67,France,1830,1830
13203,869.46,United Kingdom,1831,1831
17649,868.49,United Kingdom,1832,1832
14912,867.85,Italy,1833,1833
14715,867.38,United Kingdom,1834,1834
16235,867.31,United Kingdom,1835,1835
16121,867.11,United Kingdom,1836,1836
14332,866.31,United Kingdom,1837,1837
16567,865.6,United Kingdom,1838,1838
13846,865.06,United Kingdom,1839,1839
16221,864.86,United Kingdom,1840,1840
12680,862.81,France,1841,1841
16266,861.89,United Kingdom,1842,1842
12794,860.41,Portugal,1843,1843
13339,860.12,United Kingdom,1844,1844
14577,859.71,United Kingdom,1845,1845
17064,859.35,United Kingdom,1846,1846
14553,859.27,United Kingdom,1847,1847
16163,856.6,United Kingdom,1848,1848
13991,855.97,United Kingdom,1849,1849
12693,855.91,Germany,1850,1850
16037,855.02,United Kingdom,1851,1851
12878,854.99,United Kingdom,1852,1852
17560,854.95,United Kingdom,1853,1853
16877,853.72,United Kingdom,1854,1854
14193,853.39,United Kingdom,1855,1855
12379,852.24,Belgium,1856,1856
16070,852.15,United Kingdom,1857,1857
16020,851.01,United Kingdom,1858,1858
12713,848.55,Germany,1859,1859
14657,848.22,United Kingdom,1860,1860
13221,847.41,United Kingdom,1861,1861
16924,846.75,United Kingdom,1862,1862
16222,846.72,United Kingdom,1863,1863
15965,845.64,United Kingdom,1864,1864
14803,845.55,United Kingdom,1865,1865
17624,843.48,United Kingdom,1866,1866
15164,843.05,United Kingdom,1867,1867
17929,843.0,United Kingdom,1868,1868
13929,842.65,United Kingdom,1869,1869
16108,842.5,United Kingdom,1870,1870
16560,841.41,United Kingdom,1871,1871
14862,841.2,United Kingdom,1872,1872
17076,841.08,United Kingdom,1873,1873
13940,839.14,United Kingdom,1874,1874
17115,837.5,United Kingdom,1875,1875
16554,837.1,United Kingdom,1876,1876
15832,836.79,United Kingdom,1877,1877
12728,836.33,France,1878,1878
16747,836.06,United Kingdom,1879,1879
17169,835.78,United Kingdom,1880,1880
17759,834.99,United Kingdom,1881,1881
13835,834.57,United Kingdom,1882,1882
17075,834.12,United Kingdom,1883,1883
16644,833.78,United Kingdom,1884,1884
15862,832.88,United Kingdom,1885,1885
14644,830.76,United Kingdom,1886,1886
13681,827.83,United Kingdom,1887,1887
12461,826.88,Switzerland,1888,1888
12781,826.74,Czech Republic,1889,1889
16494,826.53,United Kingdom,1890,1890
17921,826.52,United Kingdom,1891,1891
15525,825.92,United Kingdom,1892,1892
12427,825.8,Germany,1893,1893
16869,825.42,United Kingdom,1894,1894
16284,823.97,United Kingdom,1895,1895
16164,822.48,United Kingdom,1896,1896
12778,822.23,Netherlands,1897,1897
13893,821.1,United Kingdom,1898,1898
13220,819.29,United Kingdom,1899,1899
17764,818.82,United Kingdom,1900,1900
16092,817.86,United Kingdom,1901,1901
16943,816.73,United Kingdom,1902,1902
15649,816.0,United Kingdom,1903,1903
15399,815.77,United Kingdom,1904,1904
14499,815.32,United Kingdom,1905,1905
13280,814.86,United Kingdom,1906,1906
16460,814.72,United Kingdom,1907,1907
13811,814.5,Germany,1908,1908
18064,814.0,United Kingdom,1909,1909
16600,813.52,United Kingdom,1910,1910
16621,813.48,United Kingdom,1911,1911
14421,813.11,United Kingdom,1912,1912
15644,813.0,United Kingdom,1913,1913
17980,811.45,United Kingdom,1914,1914
16276,810.6,United Kingdom,1915,1915
16624,810.57,United Kingdom,1916,1916
13637,810.5,United Kingdom,1917,1917
16891,809.7,United Kingdom,1918,1918
17114,808.62,United Kingdom,1919,1919
15533,807.57,United Kingdom,1920,1920
12421,807.04,Spain,1921,1921
15952,806.57,United Kingdom,1922,1922
13707,806.41,United Kingdom,1923,1923
12434,806.14,Australia,1924,1924
16367,804.49,United Kingdom,1925,1925
18248,804.02,United Kingdom,1926,1926
12422,803.56,Australia,1927,1927
15831,801.76,United Kingdom,1928,1928
18265,801.51,United Kingdom,1929,1929
16806,801.49,United Kingdom,1930,1930
15561,800.59,United Kingdom,1931,1931
17905,800.24,United Kingdom,1932,1932
13720,799.9,United Kingdom,1933,1933
13030,799.48,United Kingdom,1934,1934
17703,798.74,United Kingdom,1935,1935
16438,798.35,United Kingdom,1936,1936
13389,797.96,United Kingdom,1937,1937
12701,797.71,Germany,1938,1938
17180,796.03,United Kingdom,1939,1939
13336,795.12,United Kingdom,1940,1940
15990,792.11,United Kingdom,1941,1941
13167,791.33,United Kingdom,1942,1942
14976,790.86,United Kingdom,1943,1943
13016,789.89,United Kingdom,1944,1944
16759,789.79,United Kingdom,1945,1945
13329,789.0,United Kingdom,1946,1946
14557,788.38,United Kingdom,1947,1947
13212,788.08,United Kingdom,1948,1948
13323,787.85,United Kingdom,1949,1949
13884,787.6,United Kingdom,1950,1950
16546,787.15,United Kingdom,1951,1951
13109,786.54,United Kingdom,1952,1952
12628,786.46,Germany,1953,1953
15806,784.58,United Kingdom,1954,1954
15743,784.46,United Kingdom,1955,1955
18136,784.33,United Kingdom,1956,1956
17387,784.11,United Kingdom,1957,1957
16054,783.9,United Kingdom,1958,1958
17006,781.78,United Kingdom,1959,1959
17341,781.36,United Kingdom,1960,1960
15679,781.28,United Kingdom,1961,1961
13583,781.03,United Kingdom,1962,1962
16725,781.02,United Kingdom,1963,1963
15239,780.59,United Kingdom,1964,1964
17797,780.43,United Kingdom,1965,1965
18228,779.9,United Kingdom,1966,1966
12735,779.57,France,1967,1967
17411,778.94,United Kingdom,1968,1968
13375,778.65,United Kingdom,1969,1969
14815,778.5,United Kingdom,1970,1970
17414,778.0,United Kingdom,1971,1971
16505,777.6,United Kingdom,1972,1972
13563,777.53,United Kingdom,1973,1973
12425,777.2,Portugal,1974,1974
15353,777.02,United Kingdom,1975,1975
15618,776.85,United Kingdom,1976,1976
13314,775.94,United Kingdom,1977,1977
13341,775.85,United Kingdom,1978,1978
14234,775.46,United Kingdom,1979,1979
16825,775.18,United Kingdom,1980,1980
15414,774.9,United Kingdom,1981,1981
16043,773.99,United Kingdom,1982,1982
15075,773.03,United Kingdom,1983,1983
12965,771.91,United Kingdom,1984,1984
17409,771.85,United Kingdom,1985,1985
14662,771.17,United Kingdom,1986,1986
16770,770.1,United Kingdom,1987,1987
14412,770.03,United Kingdom,1988,1988
16480,769.29,United Kingdom,1989,1989
13356,768.24,United Kingdom,1990,1990
17516,768.08,United Kingdom,1991,1991
14550,765.62,United Kingdom,1992,1992
14672,765.55,United Kingdom,1993,1993
17695,765.34,United Kingdom,1994,1994
14885,765.32,United Kingdom,1995,1995
17268,763.64,United Kingdom,1996,1996
17466,763.28,United Kingdom,1997,1997
16470,762.39,United Kingdom,1998,1998
15599,761.74,United Kingdom,1999,1999
14883,761.59,United Kingdom,2000,2000
16205,761.38,United Kingdom,2001,2001
17425,759.17,United Kingdom,2002,2002
16036,758.92,United Kingdom,2003,2003
15568,758.29,United Kingdom,2004,2004
12413,758.1,France,2005,2005
17979,757.71,United Kingdom,2006,2006
17461,757.46,United Kingdom,2007,2007
15223,755.75,United Kingdom,2008,2008
13370,754.87,United Kingdom,2009,2009
18104,754.64,United Kingdom,2010,2010
13730,752.6,United Kingdom,2011,2011
16256,752.43,United Kingdom,2012,2012
12908,750.0,United Kingdom,2013,2013
17146,749.78,United Kingdom,2014,2014
14923,749.1,United Kingdom,2015,2015
15074,748.87,United Kingdom,2016,2016
15656,748.5,United Kingdom,2017,2017
16859,747.81,United Kingdom,2018,2018
13623,747.78,United Kingdom,2019,2019
14201,747.44,United Kingdom,2020,2020
16261,746.83,United Kingdom,2021,2021
14050,746.36,United Kingdom,2022,2022
17034,745.52,United Kingdom,2023,2023
14790,745.06,United Kingdom,2024,2024
13950,745.06,United Kingdom,2024,2025
13236,744.85,United Kingdom,2026,2026
13354,743.53,United Kingdom,2027,2027
16730,743.11,United Kingdom,2028,2028
12374,742.93,Austria,2029,2029
12465,742.19,Belgium,2030,2030
13753,741.26,United Kingdom,2031,2031
13900,740.95,United Kingdom,2032,2032
17692,740.94,United Kingdom,2033,2033
17974,740.79,United Kingdom,2034,2034
15252,740.78,United Kingdom,2035,2035
12603,739.2,Germany,2036,2036
14756,738.96,United Kingdom,2037,2037
12976,738.6,United Kingdom,2038,2038
15045,735.66,United Kingdom,2039,2039
18156,734.94,United Kingdom,2040,2040
15215,734.94,United Kingdom,2040,2041
16362,734.77,United Kingdom,2042,2042
16146,734.13,United Kingdom,2043,2043
17812,732.16,United Kingdom,2044,2044
13575,732.07,United Kingdom,2045,2045
13736,731.9,United Kingdom,2046,2046
16099,731.9,United Kingdom,2046,2047
16491,731.5,United Kingdom,2048,2048
14778,730.86,United Kingdom,2049,2049
18035,730.4,United Kingdom,2050,2050
12468,729.54,Germany,2051,2051
13077,729.27,United Kingdom,2052,2052
17666,728.16,United Kingdom,2053,2053
17888,726.05,United Kingdom,2054,2054
14869,725.7,United Kingdom,2055,2055
14055,725.64,United Kingdom,2056,2056
16140,725.18,United Kingdom,2057,2057
15584,725.11,United Kingdom,2058,2058
12723,725.07,France,2059,2059
15636,724.76,United Kingdom,2060,2060
12475,723.38,Germany,2061,2061
17521,723.21,United Kingdom,2062,2062
15272,721.94,United Kingdom,2063,2063
18062,720.52,United Kingdom,2064,2064
16023,719.81,United Kingdom,2065,2065
14179,719.78,United Kingdom,2066,2066
14725,718.08,United Kingdom,2067,2067
17884,717.45,United Kingdom,2068,2068
15274,716.57,United Kingdom,2069,2069
12535,716.35,France,2070,2070
15400,716.2,United Kingdom,2071,2071
17029,716.0,United Kingdom,2072,2072
15330,714.96,United Kingdom,2073,2073
15757,714.42,United Kingdom,2074,2074
12616,713.3,France,2075,2075
13169,712.88,United Kingdom,2076,2076
13147,712.8,United Kingdom,2077,2077
17761,712.78,United Kingdom,2078,2078
13416,712.5,United Kingdom,2079,2079
13587,712.4,United Kingdom,2080,2080
17642,712.29,United Kingdom,2081,2081
15855,712.24,United Kingdom,2082,2082
13705,711.86,United Kingdom,2083,2083
17179,711.79,United Kingdom,2084,2084
13249,711.41,United Kingdom,2085,2085
17472,710.29,United Kingdom,2086,2086
14867,710.28,United Kingdom,2087,2087
14127,709.71,United Kingdom,2088,2088
16136,709.38,United Kingdom,2089,2089
15951,708.22,United Kingdom,2090,2090
16449,707.69,United Kingdom,2091,2091
12453,707.09,Austria,2092,2092
16364,707.04,United Kingdom,2093,2093
16309,706.57,United Kingdom,2094,2094
14880,706.19,United Kingdom,2095,2095
14126,706.13,United Kingdom,2096,2096
15038,705.49,United Kingdom,2097,2097
16015,705.39,United Kingdom,2098,2098
16882,705.12,United Kingdom,2099,2099
17934,704.25,United Kingdom,2100,2100
12612,704.04,Germany,2101,2101
12883,703.47,United Kingdom,2102,2102
18082,703.37,United Kingdom,2103,2103
15103,703.36,United Kingdom,2104,2104
15574,702.25,United Kingdom,2105,2105
16997,702.0,United Kingdom,2106,2106
14198,701.4,United Kingdom,2107,2107
14356,701.23,United Kingdom,2108,2108
17321,700.86,United Kingdom,2109,2109
13238,700.73,United Kingdom,2110,2110
17734,700.63,United Kingdom,2111,2111
15800,699.08,United Kingdom,2112,2112
13258,698.58,United Kingdom,2113,2113
17423,698.41,United Kingdom,2114,2114
17796,697.9,United Kingdom,2115,2115
15053,697.79,United Kingdom,2116,2116
14829,697.55,United Kingdom,2117,2117
13596,697.04,United Kingdom,2118,2118
15700,696.68,United Kingdom,2119,2119
17397,696.41,United Kingdom,2120,2120
14009,695.61,United Kingdom,2121,2121
14959,695.42,United Kingdom,2122,2122
15304,694.4,United Kingdom,2123,2123
12925,694.05,United Kingdom,2124,2124
14643,693.81,United Kingdom,2125,2125
12410,693.33,Switzerland,2126,2126
13601,693.32,United Kingdom,2127,2127
14111,692.85,United Kingdom,2128,2128
17198,692.22,United Kingdom,2129,2129
17733,692.19,United Kingdom,2130,2130
13838,691.73,United Kingdom,2131,2131
16212,690.34,United Kingdom,2132,2132
18085,689.95,United Kingdom,2133,2133
13023,689.9,United Kingdom,2134,2134
15181,689.48,United Kingdom,2135,2135
18196,689.13,United Kingdom,2136,2136
17502,689.1,United Kingdom,2137,2137
13799,688.86,United Kingdom,2138,2138
16642,688.33,United Kingdom,2139,2139
12658,686.05,Germany,2140,2140
16122,684.42,United Kingdom,2141,2141
16495,684.41,United Kingdom,2142,2142
15669,684.34,United Kingdom,2143,2143
12942,683.9,United Kingdom,2144,2144
17874,683.46,United Kingdom,2145,2145
14222,683.17,United Kingdom,2146,2146
12838,683.13,United Kingdom,2147,2147
15582,682.91,United Kingdom,2148,2148
13548,682.41,United Kingdom,2149,2149
18135,681.91,United Kingdom,2150,2150
12478,680.99,Greece,2151,2151
13524,680.18,United Kingdom,2152,2152
16872,680.02,United Kingdom,2153,2153
15322,679.68,United Kingdom,2154,2154
13430,679.45,United Kingdom,2155,2155
14788,679.44,United Kingdom,2156,2156
17994,678.49,United Kingdom,2157,2157
13925,678.25,United Kingdom,2158,2158
13607,678.01,United Kingdom,2159,2159
13388,677.1,United Kingdom,2160,2160
13040,676.99,United Kingdom,2161,2161
16377,676.2,United Kingdom,2162,2162
15626,675.8,United Kingdom,2163,2163
17462,675.69,United Kingdom,2164,2164
13325,675.3,United Kingdom,2165,2165
16418,675.27,United Kingdom,2166,2166
13355,674.7,United Kingdom,2167,2167
13464,674.68,United Kingdom,2168,2168
17749,674.52,United Kingdom,2169,2169
13951,674.45,United Kingdom,2170,2170
14504,673.26,United Kingdom,2171,2171
18121,673.1,United Kingdom,2172,2172
14628,671.96,United Kingdom,2173,2173
17883,671.77,United Kingdom,2174,2174
12638,671.69,Sweden,2175,2175
17299,669.11,United Kingdom,2176,2176
12418,668.58,Switzerland,2177,2177
14342,668.56,United Kingdom,2178,2178
13741,668.43,United Kingdom,2179,2179
16383,668.36,United Kingdom,2180,2180
15031,668.14,United Kingdom,2181,2181
18022,668.11,United Kingdom,2182,2182
16268,667.65,United Kingdom,2183,2183
15969,666.1,United Kingdom,2184,2184
17777,665.86,United Kingdom,2185,2185
17105,665.78,United Kingdom,2186,2186
16056,664.85,United Kingdom,2187,2187
13963,664.54,United Kingdom,2188,2188
16208,664.26,United Kingdom,2189,2189
15643,664.0,United Kingdom,2190,2190
14720,663.81,United Kingdom,2191,2191
13240,663.65,United Kingdom,2192,2192
16573,663.61,United Kingdom,2193,2193
14451,662.59,United Kingdom,2194,2194
16014,662.38,United Kingdom,2195,2195
18218,662.08,United Kingdom,2196,2196
16774,661.52,United Kingdom,2197,2197
13028,661.32,United Kingdom,2198,2198
14603,660.0,United Kingdom,2199,2199
15492,659.46,United Kingdom,2200,2200
13518,659.44,United Kingdom,2201,2201
13759,659.41,United Kingdom,2202,2202
16357,658.88,United Kingdom,2203,2203
14150,658.64,United Kingdom,2204,2204
17779,658.57,United Kingdom,2205,2205
16696,657.9,United Kingdom,2206,2206
14818,657.8,United Kingdom,2207,2207
12577,657.8,France,2207,2208
15648,657.35,United Kingdom,2209,2209
17459,657.3,United Kingdom,2210,2210
15677,657.23,United Kingdom,2211,2211
16157,656.69,United Kingdom,2212,2212
13049,656.68,United Kingdom,2213,2213
16708,656.63,United Kingdom,2214,2214
16127,656.25,United Kingdom,2215,2215
14894,655.75,United Kingdom,2216,2216
16444,654.67,United Kingdom,2217,2217
14651,654.6,United Kingdom,2218,2218
17398,653.38,United Kingdom,2219,2219
18151,653.35,United Kingdom,2220,2220
13496,653.33,United Kingdom,2221,2221
15205,653.24,United Kingdom,2222,2222
14044,652.82,United Kingdom,2223,2223
14548,652.8,United Kingdom,2224,2224
17523,652.74,United Kingdom,2225,2225
14034,651.82,United Kingdom,2226,2226
16734,650.51,United Kingdom,2227,2227
16469,650.43,United Kingdom,2228,2228
15571,650.43,United Kingdom,2228,2229
16969,650.41,United Kingdom,2230,2230
17373,646.92,United Kingdom,2231,2231
12589,646.68,France,2232,2232
15651,646.3,United Kingdom,2233,2233
17545,645.96,United Kingdom,2234,2234
14855,645.65,United Kingdom,2235,2235
12719,644.95,France,2236,2236
17312,644.3,United Kingdom,2237,2237
16431,642.81,United Kingdom,2238,2238
14020,642.8,United Kingdom,2239,2239
13034,642.77,United Kingdom,2240,2240
15384,642.41,United Kingdom,2241,2241
17046,642.02,United Kingdom,2242,2242
15297,641.94,United Kingdom,2243,2243
12365,641.38,Cyprus,2244,2244
12624,641.13,France,2245,2245
13417,640.83,United Kingdom,2246,2246
13318,640.76,United Kingdom,2247,2247
12631,640.5,Finland,2248,2248
14301,640.14,United Kingdom,2249,2249
15919,639.89,United Kingdom,2250,2250
17515,639.02,United Kingdom,2251,2251
18160,638.06,United Kingdom,2252,2252
14754,638.05,United Kingdom,2253,2253
14664,637.89,United Kingdom,2254,2254
14128,637.5,United Kingdom,2255,2255
14481,636.51,United Kingdom,2256,2256
15829,636.14,United Kingdom,2257,2257
15773,635.68,United Kingdom,2258,2258
14000,635.66,United Kingdom,2259,2259
16139,635.41,United Kingdom,2260,2260
17985,634.95,United Kingdom,2261,2261
13892,632.97,United Kingdom,2262,2262
14220,632.4,United Kingdom,2263,2263
16306,632.27,United Kingdom,2264,2264
18183,632.07,United Kingdom,2265,2265
13822,632.0,United Kingdom,2266,2266
14021,631.9,United Kingdom,2267,2267
15244,631.57,United Kingdom,2268,2268
13539,631.34,United Kingdom,2269,2269
17990,630.84,United Kingdom,2270,2270
13046,629.31,United Kingdom,2271,2271
13525,628.78,United Kingdom,2272,2272
14687,628.38,United Kingdom,2273,2273
16022,628.28,United Kingdom,2274,2274
15028,627.13,United Kingdom,2275,2275
13546,626.99,United Kingdom,2276,2276
15402,626.77,United Kingdom,2277,2277
14036,626.65,United Kingdom,2278,2278
13914,626.45,United Kingdom,2279,2279
14382,626.07,United Kingdom,2280,2280
16750,623.93,United Kingdom,2281,2281
16718,623.75,United Kingdom,2282,2282
12649,623.51,Germany,2283,2283
15147,623.5,United Kingdom,2284,2284
13368,623.4,United Kingdom,2285,2285
15258,623.16,United Kingdom,2286,2286
17499,622.88,United Kingdom,2287,2287
15182,622.85,United Kingdom,2288,2288
17460,622.43,United Kingdom,2289,2289
15768,621.83,United Kingdom,2290,2290
18217,621.75,United Kingdom,2291,2291
16915,621.68,United Kingdom,2292,2292
17640,621.66,United Kingdom,2293,2293
14152,621.29,United Kingdom,2294,2294
13402,621.23,United Kingdom,2295,2295
16141,620.4,United Kingdom,2296,2296
12667,620.13,Finland,2297,2297
14529,620.04,United Kingdom,2298,2298
13493,618.63,Switzerland,2299,2299
16613,618.59,United Kingdom,2300,2300
13145,618.52,United Kingdom,2301,2301
12596,618.27,Spain,2302,2302
13301,618.09,United Kingdom,2303,2303
16134,618.09,United Kingdom,2303,2304
14593,617.99,United Kingdom,2305,2305
14377,617.05,United Kingdom,2306,2306
16442,616.79,United Kingdom,2307,2307
16311,616.26,United Kingdom,2308,2308
14905,616.15,United Kingdom,2309,2309
16005,615.39,United Kingdom,2310,2310
15275,615.14,United Kingdom,2311,2311
16566,614.66,United Kingdom,2312,2312
16116,612.78,United Kingdom,2313,2313
12513,612.29,France,2314,2314
18149,612.08,United Kingdom,2315,2315
15232,612.06,United Kingdom,2316,2316
15645,612.01,United Kingdom,2317,2317
16109,611.88,United Kingdom,2318,2318
16763,611.85,United Kingdom,2319,2319
13731,610.59,United Kingdom,2320,2320
12673,610.52,Germany,2321,2321
15795,610.01,United Kingdom,2322,2322
13357,609.95,United Kingdom,2323,2323
14636,609.85,United Kingdom,2324,2324
13933,608.79,United Kingdom,2325,2325
12933,607.53,United Kingdom,2326,2326
15573,607.45,United Kingdom,2327,2327
17119,606.91,United Kingdom,2328,2328
14710,606.13,United Kingdom,2329,2329
17849,605.8,United Kingdom,2330,2330
14133,605.64,United Kingdom,2331,2331
13888,605.63,United Kingdom,2332,2332
17507,605.58,United Kingdom,2333,2333
13233,605.12,United Kingdom,2334,2334
13558,605.06,United Kingdom,2335,2335
14323,605.06,United Kingdom,2335,2336
14675,604.75,United Kingdom,2337,2337
17664,604.64,United Kingdom,2338,2338
12944,604.51,United Kingdom,2339,2339
16732,603.75,United Kingdom,2340,2340
12556,603.71,Spain,2341,2341
12707,603.42,France,2342,2342
17259,603.37,United Kingdom,2343,2343
15366,602.51,United Kingdom,2344,2344
17890,602.09,United Kingdom,2345,2345
12654,601.98,Germany,2346,2346
14609,601.56,United Kingdom,2347,2347
16654,601.27,United Kingdom,2348,2348
12420,600.39,Cyprus,2349,2349
18211,600.07,United Kingdom,2350,2350
13243,600.07,United Kingdom,2350,2351
12872,599.97,United Kingdom,2352,2352
12521,599.68,Germany,2353,2353
14965,599.0,United Kingdom,2354,2354
17420,598.83,United Kingdom,2355,2355
14467,598.76,United Kingdom,2356,2356
15720,598.73,United Kingdom,2357,2357
13311,598.57,United Kingdom,2358,2358
13959,598.2,United Kingdom,2359,2359
16298,598.2,United Kingdom,2359,2360
14108,597.91,United Kingdom,2361,2361
17864,597.5,United Kingdom,2362,2362
16788,597.48,United Kingdom,2363,2363
14645,597.09,United Kingdom,2364,2364
15381,596.85,United Kingdom,2365,2365
18246,596.1,United Kingdom,2366,2366
17658,595.42,United Kingdom,2367,2367
14284,595.25,United Kingdom,2368,2368
16325,594.24,United Kingdom,2369,2369
12917,594.0,United Kingdom,2370,2370
15442,594.0,United Kingdom,2370,2371
16535,593.75,United Kingdom,2372,2372
18232,592.97,United Kingdom,2373,2373
16203,592.9,United Kingdom,2374,2374
14692,591.55,United Kingdom,2375,2375
13276,590.93,United Kingdom,2376,2376
13452,590.0,United Kingdom,2377,2377
13270,590.0,United Kingdom,2377,2378
14882,589.7,United Kingdom,2379,2379
18123,589.44,United Kingdom,2380,2380
16723,589.15,United Kingdom,2381,2381
16838,588.85,United Kingdom,2382,2382
14338,588.22,United Kingdom,2383,2383
15624,588.13,United Kingdom,2384,2384
17351,587.15,United Kingdom,2385,2385
17014,586.33,United Kingdom,2386,2386
17360,585.79,United Kingdom,2387,2387
12384,585.27,Switzerland,2388,2388
15222,585.0,United Kingdom,2389,2389
16384,584.5,United Kingdom,2390,2390
16072,584.32,United Kingdom,2391,2391
14023,584.07,United Kingdom,2392,2392
13557,584.06,United Kingdom,2393,2393
15762,583.75,United Kingdom,2394,2394
12426,582.73,Germany,2395,2395
13427,582.6,United Kingdom,2396,2396
17970,582.59,United Kingdom,2397,2397
12695,582.1,France,2398,2398
18095,580.05,United Kingdom,2399,2399
16906,579.77,United Kingdom,2400,2400
17142,579.0,United Kingdom,2401,2401
13292,578.94,United Kingdom,2402,2402
17540,578.9,United Kingdom,2403,2403
12601,577.06,Germany,2404,2404
14176,576.9,United Kingdom,2405,2405
16916,576.26,United Kingdom,2406,2406
15830,576.0,United Kingdom,2407,2407
15550,575.63,United Kingdom,2408,2408
16345,575.41,United Kingdom,2409,2409
13487,575.4,United Kingdom,2410,2410
14167,574.84,United Kingdom,2411,2411
14400,574.7,United Kingdom,2412,2412
12784,574.42,Portugal,2413,2413
15339,574.07,United Kingdom,2414,2414
15303,574.02,United Kingdom,2415,2415
12879,573.22,United Kingdom,2416,2416
15415,572.81,United Kingdom,2417,2417
13379,572.56,United Kingdom,2418,2418
13405,572.45,United Kingdom,2419,2419
12816,572.2,Poland,2420,2420
13816,571.67,Germany,2421,2421
17616,571.2,United Kingdom,2422,2422
15821,570.96,United Kingdom,2423,2423
15315,570.5,United Kingdom,2424,2424
14592,570.46,United Kingdom,2425,2425
16667,570.13,United Kingdom,2426,2426
13939,568.55,United Kingdom,2427,2427
13321,567.36,United Kingdom,2428,2428
17897,566.6,United Kingdom,2429,2429
18150,566.58,United Kingdom,2430,2430
16278,566.38,United Kingdom,2431,2431
13894,564.62,United Kingdom,2432,2432
15344,563.94,United Kingdom,2433,2433
16933,563.23,United Kingdom,2434,2434
14753,563.15,United Kingdom,2435,2435
17265,562.9,United Kingdom,2436,2436
12414,562.41,Austria,2437,2437
12559,561.71,Germany,2438,2438
13946,561.57,United Kingdom,2439,2439
15655,560.67,United Kingdom,2440,2440
13044,560.47,United Kingdom,2441,2441
14273,559.97,United Kingdom,2442,2442
16275,559.87,United Kingdom,2443,2443
18043,559.51,United Kingdom,2444,2444
14177,559.41,United Kingdom,2445,2445
12866,559.12,Belgium,2446,2446
17503,558.96,United Kingdom,2447,2447
12987,558.7,United Kingdom,2448,2448
13800,558.32,United Kingdom,2449,2449
13260,557.62,United Kingdom,2450,2450
17955,557.3,United Kingdom,2451,2451
17295,556.95,United Kingdom,2452,2452
16385,555.89,United Kingdom,2453,2453
14805,554.65,United Kingdom,2454,2454
14891,554.38,United Kingdom,2455,2455
14618,553.44,United Kingdom,2456,2456
15068,553.36,United Kingdom,2457,2457
12363,552.0,Unspecified,2458,2458
17674,551.04,United Kingdom,2459,2459
17291,550.8,United Kingdom,2460,2460
17235,550.06,United Kingdom,2461,2461
12390,549.84,Belgium,2462,2462
16340,549.07,United Kingdom,2463,2463
16536,548.97,United Kingdom,2464,2464
16031,548.94,United Kingdom,2465,2465
14474,547.66,United Kingdom,2466,2466
16811,547.07,United Kingdom,2467,2467
17637,547.06,United Kingdom,2468,2468
16211,547.02,United Kingdom,2469,2469
17520,546.81,United Kingdom,2470,2470
12743,546.43,Unspecified,2471,2471
14997,546.2,United Kingdom,2472,2472
17806,546.04,United Kingdom,2473,2473
12793,545.48,Portugal,2474,2474
16475,544.3,United Kingdom,2475,2475
13617,544.18,United Kingdom,2476,2476
13390,544.08,United Kingdom,2477,2477
16927,543.05,United Kingdom,2478,2478
13278,542.73,United Kingdom,2479,2479
16230,542.03,United Kingdom,2480,2480
17447,541.53,United Kingdom,2481,2481
17557,541.46,United Kingdom,2482,2482
13874,540.45,United Kingdom,2483,2483
13812,539.0,Germany,2484,2484
14496,538.81,United Kingdom,2485,2485
15452,538.73,United Kingdom,2486,2486
15469,538.55,United Kingdom,2487,2487
15539,538.46,United Kingdom,2488,2488
17062,538.37,United Kingdom,2489,2489
17345,537.74,United Kingdom,2490,2490
14539,537.48,United Kingdom,2491,2491
16206,537.06,United Kingdom,2492,2492
15043,537.0,United Kingdom,2493,2493
16804,536.99,United Kingdom,2494,2494
16233,536.68,United Kingdom,2495,2495
15535,536.4,United Kingdom,2496,2496
16142,535.34,United Kingdom,2497,2497
12988,535.32,United Kingdom,2498,2498
13000,534.85,United Kingdom,2499,2499
13385,534.57,United Kingdom,2500,2500
13434,534.24,United Kingdom,2501,2501
17443,534.24,Canada,2501,2502
13217,533.98,United Kingdom,2503,2503
15433,533.3,United Kingdom,2504,2504
15756,532.96,United Kingdom,2505,2505
15825,532.94,United Kingdom,2506,2506
16706,531.35,United Kingdom,2507,2507
14265,530.18,Unspecified,2508,2508
18159,530.15,United Kingdom,2509,2509
14002,529.73,United Kingdom,2510,2510
14463,529.62,United Kingdom,2511,2511
16185,529.41,United Kingdom,2512,2512
17631,528.33,United Kingdom,2513,2513
16602,528.08,United Kingdom,2514,2514
12479,527.2,Germany,2515,2515
17623,527.05,United Kingdom,2516,2516
18252,526.67,United Kingdom,2517,2517
16892,525.54,United Kingdom,2518,2518
17290,525.24,United Kingdom,2519,2519
17429,524.92,United Kingdom,2520,2520
15467,524.88,United Kingdom,2521,2521
15891,524.52,United Kingdom,2522,2522
13721,524.14,United Kingdom,2523,2523
17329,523.11,United Kingdom,2524,2524
18017,523.0,United Kingdom,2525,2525
17712,522.91,United Kingdom,2526,2526
14871,522.38,United Kingdom,2527,2527
12863,521.2,United Kingdom,2528,2528
15149,520.8,United Kingdom,2529,2529
14873,519.68,United Kingdom,2530,2530
12571,519.61,France,2531,2531
13643,519.44,United Kingdom,2532,2532
16955,518.67,United Kingdom,2533,2533
16650,518.42,United Kingdom,2534,2534
15030,518.28,United Kingdom,2535,2535
16135,517.55,United Kingdom,2536,2536
17454,517.53,United Kingdom,2537,2537
18205,517.36,United Kingdom,2538,2538
13043,516.42,United Kingdom,2539,2539
15882,516.36,United Kingdom,2540,2540
15809,515.77,United Kingdom,2541,2541
12811,514.85,Portugal,2542,2542
15246,514.15,United Kingdom,2543,2543
13005,513.7,United Kingdom,2544,2544
17513,513.2,United Kingdom,2545,2545
17805,512.31,United Kingdom,2546,2546
17480,511.82,United Kingdom,2547,2547
12582,511.36,Finland,2548,2548
14851,511.35,United Kingdom,2549,2549
16561,511.12,United Kingdom,2550,2550
15406,510.71,United Kingdom,2551,2551
12904,509.58,United Kingdom,2552,2552
12436,509.01,Norway,2553,2553
16898,508.81,United Kingdom,2554,2554
15417,508.8,United Kingdom,2555,2555
17391,508.8,United Kingdom,2555,2556
14317,508.58,United Kingdom,2557,2557
17958,508.46,United Kingdom,2558,2558
17415,507.84,United Kingdom,2559,2559
14158,507.66,United Kingdom,2560,2560
14820,507.29,United Kingdom,2561,2561
15721,507.08,United Kingdom,2562,2562
16960,507.05,United Kingdom,2563,2563
13885,506.8,United Kingdom,2564,2564
16614,506.19,United Kingdom,2565,2565
14014,505.18,United Kingdom,2566,2566
15081,504.8,United Kingdom,2567,2567
12991,503.76,United Kingdom,2568,2568
17630,503.6,United Kingdom,2569,2569
16863,502.8,United Kingdom,2570,2570
15006,502.09,United Kingdom,2571,2571
13865,501.56,United Kingdom,2572,2572
15881,501.39,United Kingdom,2573,2573
13116,501.14,United Kingdom,2574,2574
13247,501.12,United Kingdom,2575,2575
16616,500.42,United Kingdom,2576,2576
15389,500.0,United Kingdom,2577,2577
14958,499.68,United Kingdom,2578,2578
14077,499.42,United Kingdom,2579,2579
15193,499.32,United Kingdom,2580,2580
14681,498.95,United Kingdom,2581,2581
16488,498.8,United Kingdom,2582,2582
15142,498.74,United Kingdom,2583,2583
17053,498.48,United Kingdom,2584,2584
17298,498.42,United Kingdom,2585,2585
16820,497.61,United Kingdom,2586,2586
17495,497.56,United Kingdom,2587,2587
16368,497.43,United Kingdom,2588,2588
15300,496.44,United Kingdom,2589,2589
15018,496.21,United Kingdom,2590,2590
17374,495.77,United Kingdom,2591,2591
15448,494.64,United Kingdom,2592,2592
16352,494.44,United Kingdom,2593,2593
17333,494.25,United Kingdom,2594,2594
12763,494.08,Japan,2595,2595
15877,493.28,United Kingdom,2596,2596
13176,492.84,United Kingdom,2597,2597
14270,492.65,United Kingdom,2598,2598
15507,492.36,United Kingdom,2599,2599
13732,491.86,United Kingdom,2600,2600
14236,490.86,United Kingdom,2601,2601
15000,490.52,United Kingdom,2602,2602
14416,490.22,United Kingdom,2603,2603
18074,489.6,United Kingdom,2604,2604
12809,489.31,Portugal,2605,2605
17361,488.2,United Kingdom,2606,2606
14396,487.99,United Kingdom,2607,2607
15165,487.75,United Kingdom,2608,2608
16643,487.51,United Kingdom,2609,2609
13338,487.02,United Kingdom,2610,2610
13675,486.82,United Kingdom,2611,2611
17453,486.72,United Kingdom,2612,2612
15287,486.69,United Kingdom,2613,2613
13153,486.22,United Kingdom,2614,2614
12639,486.1,Sweden,2615,2615
15109,484.95,United Kingdom,2616,2616
16999,484.82,United Kingdom,2617,2617
16504,484.38,United Kingdom,2618,2618
16518,484.32,United Kingdom,2619,2619
14130,483.86,United Kingdom,2620,2620
13531,483.8,United Kingdom,2621,2621
12808,483.65,Portugal,2622,2622
14147,483.4,United Kingdom,2623,2623
17555,483.26,United Kingdom,2624,2624
14450,483.25,United Kingdom,2625,2625
16603,482.47,United Kingdom,2626,2626
17950,482.2,United Kingdom,2627,2627
12504,482.05,Germany,2628,2628
16693,482.01,United Kingdom,2629,2629
18216,481.75,United Kingdom,2630,2630
15091,480.71,United Kingdom,2631,2631
16812,479.35,United Kingdom,2632,2632
16008,478.78,United Kingdom,2633,2633
15589,478.53,United Kingdom,2634,2634
16768,478.09,United Kingdom,2635,2635
12644,477.91,Germany,2636,2636
13092,477.83,United Kingdom,2637,2637
14320,477.79,United Kingdom,2638,2638
12447,476.49,Belgium,2639,2639
18176,476.35,United Kingdom,2640,2640
14853,475.8,United Kingdom,2641,2641
14497,475.37,United Kingdom,2642,2642
15780,475.28,United Kingdom,2643,2643
15349,473.81,United Kingdom,2644,2644
15557,473.65,United Kingdom,2645,2645
16374,473.03,United Kingdom,2646,2646
14013,473.02,United Kingdom,2647,2647
16038,471.78,United Kingdom,2648,2648
17964,471.7,United Kingdom,2649,2649
16885,471.51,United Kingdom,2650,2650
13066,470.8,United Kingdom,2651,2651
15963,470.76,United Kingdom,2652,2652
14431,470.36,United Kingdom,2653,2653
15471,469.48,United Kingdom,2654,2654
15026,469.0,United Kingdom,2655,2655
14896,468.77,United Kingdom,2656,2656
13171,468.41,United Kingdom,2657,2657
14335,468.26,Germany,2658,2658
14029,467.66,United Kingdom,2659,2659
15468,467.51,United Kingdom,2660,2660
13579,467.04,United Kingdom,2661,2661
14205,466.7,United Kingdom,2662,2662
13248,465.68,United Kingdom,2663,2663
15036,465.55,United Kingdom,2664,2664
17140,465.32,United Kingdom,2665,2665
16742,464.9,United Kingdom,2666,2666
13928,464.57,United Kingdom,2667,2667
16586,463.95,United Kingdom,2668,2668
14967,463.8,United Kingdom,2669,2669
12787,463.66,Netherlands,2670,2670
17418,463.46,United Kingdom,2671,2671
14489,463.38,United Kingdom,2672,2672
12945,462.95,United Kingdom,2673,2673
14331,462.66,United Kingdom,2674,2674
14470,461.19,United Kingdom,2675,2675
12391,460.89,Cyprus,2676,2676
16824,460.64,United Kingdom,2677,2677
16805,460.59,United Kingdom,2678,2678
12491,460.4,France,2679,2679
12355,459.4,Bahrain,2680,2680
16589,459.24,United Kingdom,2681,2681
17880,458.92,United Kingdom,2682,2682
15754,458.57,United Kingdom,2683,2683
13506,458.52,United Kingdom,2684,2684
17392,457.91,United Kingdom,2685,2685
15092,457.81,United Kingdom,2686,2686
15121,457.72,United Kingdom,2687,2687
12375,457.5,Finland,2688,2688
13398,457.34,United Kingdom,2689,2689
12564,456.9,France,2690,2690
12999,455.88,United Kingdom,2691,2691
14513,455.59,United Kingdom,2692,2692
15585,455.3,United Kingdom,2693,2693
16529,455.25,United Kingdom,2694,2694
13485,454.24,United Kingdom,2695,2695
15475,454.11,United Kingdom,2696,2696
17564,454.01,United Kingdom,2697,2697
18158,453.4,United Kingdom,2698,2698
12729,453.01,France,2699,2699
18071,453.0,United Kingdom,2700,2700
14184,452.89,United Kingdom,2701,2701
12591,452.85,Italy,2702,2702
12970,452.24,United Kingdom,2703,2703
16574,451.44,United Kingdom,2704,2704
15802,451.42,United Kingdom,2705,2705
14173,450.84,United Kingdom,2706,2706
17040,449.73,United Kingdom,2707,2707
13489,449.52,United Kingdom,2708,2708
12448,449.45,Spain,2709,2709
15739,449.12,United Kingdom,2710,2710
17579,448.9,United Kingdom,2711,2711
14780,447.68,United Kingdom,2712,2712
15646,447.64,United Kingdom,2713,2713
15456,447.22,United Kingdom,2714,2714
15368,446.94,United Kingdom,2715,2715
15889,446.87,United Kingdom,2716,2716
14149,446.62,United Kingdom,2717,2717
17370,446.18,United Kingdom,2718,2718
17190,444.74,United Kingdom,2719,2719
18006,444.68,United Kingdom,2720,2720
14638,443.6,United Kingdom,2721,2721
16404,443.05,United Kingdom,2722,2722
18222,443.0,United Kingdom,2723,2723
14093,442.85,United Kingdom,2724,2724
12579,440.42,France,2725,2725
18233,440.0,United Kingdom,2726,2726
14022,440.0,United Kingdom,2726,2727
15524,440.0,United Kingdom,2726,2728
13954,439.92,United Kingdom,2729,2729
16025,439.66,United Kingdom,2730,2730
13359,439.56,United Kingdom,2731,2731
16968,439.43,United Kingdom,2732,2732
13358,439.03,United Kingdom,2733,2733
14272,437.96,United Kingdom,2734,2734
12552,437.82,Italy,2735,2735
16034,437.7,United Kingdom,2736,2736
12592,437.6,Germany,2737,2737
15553,437.23,United Kingdom,2738,2738
16084,436.18,United Kingdom,2739,2739
15551,436.06,United Kingdom,2740,2740
16948,435.02,United Kingdom,2741,2741
14910,434.35,United Kingdom,2742,2742
14460,434.34,United Kingdom,2743,2743
12493,433.74,France,2744,2744
17035,433.53,United Kingdom,2745,2745
14157,432.88,United Kingdom,2746,2746
16236,432.2,United Kingdom,2747,2747
16881,432.0,United Kingdom,2748,2748
15976,430.94,United Kingdom,2749,2749
18106,430.7,United Kingdom,2750,2750
12452,430.57,Switzerland,2751,2751
13245,430.5,United Kingdom,2752,2752
12795,430.48,Portugal,2753,2753
12827,430.15,United Kingdom,2754,2754
14998,429.87,United Kingdom,2755,2755
16884,429.84,United Kingdom,2756,2756
15450,429.84,United Kingdom,2756,2757
15230,429.6,United Kingdom,2758,2758
13602,428.89,United Kingdom,2759,2759
15957,428.89,United Kingdom,2759,2760
16324,428.68,United Kingdom,2761,2761
17869,428.18,United Kingdom,2762,2762
15360,427.93,United Kingdom,2763,2763
12725,427.8,Italy,2764,2764
12403,427.7,Denmark,2765,2765
12740,427.6,France,2766,2766
12802,427.58,Netherlands,2767,2767
15994,427.07,United Kingdom,2768,2768
17223,426.79,United Kingdom,2769,2769
15930,426.63,United Kingdom,2770,2770
14288,426.6,United Kingdom,2771,2771
15639,425.32,United Kingdom,2772,2772
16780,425.19,United Kingdom,2773,2773
17134,425.0,United Kingdom,2774,2774
17371,423.89,United Kingdom,2775,2775
13140,423.72,United Kingdom,2776,2776
16119,423.36,United Kingdom,2777,2777
15012,423.04,United Kingdom,2778,2778
18034,422.88,United Kingdom,2779,2779
17525,422.7,United Kingdom,2780,2780
13473,422.64,United Kingdom,2781,2781
16689,422.6,United Kingdom,2782,2782
18240,422.58,United Kingdom,2783,2783
17232,421.52,United Kingdom,2784,2784
14757,420.5,United Kingdom,2785,2785
15206,420.3,United Kingdom,2786,2786
14124,419.58,United Kingdom,2787,2787
15361,418.92,United Kingdom,2788,2788
15967,418.83,United Kingdom,2789,2789
12593,418.1,France,2790,2790
17701,417.95,United Kingdom,2791,2791
16629,417.73,United Kingdom,2792,2792
13615,417.69,United Kingdom,2793,2793
16737,417.6,United Kingdom,2794,2794
12833,417.38,United Kingdom,2795,2795
18001,417.23,United Kingdom,2796,2796
13166,417.2,United Kingdom,2797,2797
16816,417.06,United Kingdom,2798,2798
13889,416.9,United Kingdom,2799,2799
15935,416.86,United Kingdom,2800,2800
16957,416.64,United Kingdom,2801,2801
13085,416.08,United Kingdom,2802,2802
15803,415.82,United Kingdom,2803,2803
14139,415.82,United Kingdom,2803,2804
12930,415.8,United Kingdom,2805,2805
12580,415.7,Germany,2806,2806
15725,415.25,United Kingdom,2807,2807
14333,415.2,United Kingdom,2808,2808
16795,414.88,United Kingdom,2809,2809
12993,414.76,United Kingdom,2810,2810
16239,414.2,United Kingdom,2811,2811
17483,414.04,United Kingdom,2812,2812
17052,413.75,United Kingdom,2813,2813
13974,413.59,United Kingdom,2814,2814
16834,413.46,United Kingdom,2815,2815
14620,412.78,United Kingdom,2816,2816
13827,412.05,United Kingdom,2817,2817
15523,412.01,United Kingdom,2818,2818
16272,411.7,United Kingdom,2819,2819
17913,411.6,United Kingdom,2820,2820
14670,411.53,United Kingdom,2821,2821
15186,411.41,United Kingdom,2822,2822
15099,410.48,United Kingdom,2823,2823
15695,409.98,United Kingdom,2824,2824
14048,409.93,United Kingdom,2825,2825
14348,409.57,United Kingdom,2826,2826
12990,409.5,United Kingdom,2827,2827
15225,409.4,United Kingdom,2828,2828
16243,409.1,United Kingdom,2829,2829
16018,408.9,United Kingdom,2830,2830
15269,408.8,United Kingdom,2831,2831
16399,408.57,United Kingdom,2832,2832
17931,408.36,United Kingdom,2833,2833
16010,407.5,United Kingdom,2834,2834
15184,406.76,United Kingdom,2835,2835
15127,406.53,United Kingdom,2836,2836
16947,406.48,United Kingdom,2837,2837
15342,406.09,United Kingdom,2838,2838
14616,406.08,United Kingdom,2839,2839
16204,405.71,United Kingdom,2840,2840
18036,405.62,United Kingdom,2841,2841
12922,405.38,United Kingdom,2842,2842
17379,404.66,United Kingdom,2843,2843
15938,404.58,United Kingdom,2844,2844
16319,404.4,United Kingdom,2845,2845
16484,404.3,United Kingdom,2846,2846
12498,403.7,Germany,2847,2847
17431,403.3,United Kingdom,2848,2848
15221,403.25,United Kingdom,2849,2849
12386,401.9,Australia,2850,2850
15158,401.4,United Kingdom,2851,2851
16500,400.86,United Kingdom,2852,2852
16198,400.68,United Kingdom,2853,2853
12792,400.54,Portugal,2854,2854
17375,400.1,United Kingdom,2855,2855
18164,399.65,United Kingdom,2856,2856
13255,399.51,United Kingdom,2857,2857
18154,399.19,United Kingdom,2858,2858
15522,398.84,United Kingdom,2859,2859
17830,398.7,United Kingdom,2860,2860
12508,398.27,France,2861,2861
13352,397.98,United Kingdom,2862,2862
15429,397.35,United Kingdom,2863,2863
17926,397.29,United Kingdom,2864,2864
12824,397.12,United Kingdom,2865,2865
13594,396.97,United Kingdom,2866,2866
13673,396.92,United Kingdom,2867,2867
17486,396.87,United Kingdom,2868,2868
15883,396.48,United Kingdom,2869,2869
18067,396.33,United Kingdom,2870,2870
16354,395.8,United Kingdom,2871,2871
17603,394.72,United Kingdom,2872,2872
14619,394.44,United Kingdom,2873,2873
16207,394.38,United Kingdom,2874,2874
15386,394.14,United Kingdom,2875,2875
15264,393.74,United Kingdom,2876,2876
15345,393.54,United Kingdom,2877,2877
17226,393.49,United Kingdom,2878,2878
14600,393.33,United Kingdom,2879,2879
15837,391.98,United Kingdom,2880,2880
16917,391.52,United Kingdom,2881,2881
12982,390.54,United Kingdom,2882,2882
17614,390.07,United Kingdom,2883,2883
17936,389.84,United Kingdom,2884,2884
18024,389.78,United Kingdom,2885,2885
14752,389.64,United Kingdom,2886,2886
13873,389.6,United Kingdom,2887,2887
13345,389.5,United Kingdom,2888,2888
16250,389.44,United Kingdom,2889,2889
15847,389.27,United Kingdom,2890,2890
12690,389.01,France,2891,2891
17595,388.79,United Kingdom,2892,2892
15592,388.58,United Kingdom,2893,2893
13899,388.52,United Kingdom,2894,2894
13856,388.5,United Kingdom,2895,2895
17438,388.45,United Kingdom,2896,2896
16776,388.28,United Kingdom,2897,2897
14538,388.25,United Kingdom,2898,2898
17357,388.14,United Kingdom,2899,2899
17817,387.68,United Kingdom,2900,2900
14420,387.52,United Kingdom,2901,2901
17508,387.31,Greece,2902,2902
14114,386.53,United Kingdom,2903,2903
15664,386.43,United Kingdom,2904,2904
14779,386.15,United Kingdom,2905,2905
13821,385.64,United Kingdom,2906,2906
17711,385.1,United Kingdom,2907,2907
13919,384.81,Denmark,2908,2908
13833,384.8,United Kingdom,2909,2909
17250,384.52,United Kingdom,2910,2910
17189,384.4,United Kingdom,2911,2911
17205,384.08,United Kingdom,2912,2912
16982,384.06,United Kingdom,2913,2913
15048,384.05,United Kingdom,2914,2914
12733,383.95,USA,2915,2915
12515,383.7,Italy,2916,2916
15440,383.68,United Kingdom,2917,2917
14304,383.45,United Kingdom,2918,2918
15424,383.34,United Kingdom,2919,2919
12832,383.03,United Kingdom,2920,2920
13817,382.98,Germany,2921,2921
18181,382.8,United Kingdom,2922,2922
17239,382.5,United Kingdom,2923,2923
13657,382.14,United Kingdom,2924,2924
17999,382.06,United Kingdom,2925,2925
15090,381.32,United Kingdom,2926,2926
16441,381.2,United Kingdom,2927,2927
12871,380.64,United Kingdom,2928,2928
17573,380.6,United Kingdom,2929,2929
16930,380.55,United Kingdom,2930,2930
17138,380.5,United Kingdom,2931,2931
12890,380.47,United Kingdom,2932,2932
16769,380.39,United Kingdom,2933,2933
17031,380.35,United Kingdom,2934,2934
14731,380.02,United Kingdom,2935,2935
14594,379.83,United Kingdom,2936,2936
16552,379.73,United Kingdom,2937,2937
13589,379.65,United Kingdom,2938,2938
13656,379.65,United Kingdom,2938,2939
17878,379.45,United Kingdom,2940,2940
15885,379.35,United Kingdom,2941,2941
16909,379.14,United Kingdom,2942,2942
13372,378.64,United Kingdom,2943,2943
17078,378.2,United Kingdom,2944,2944
17736,377.44,United Kingdom,2945,2945
15025,377.01,United Kingdom,2946,2946
17489,376.64,United Kingdom,2947,2947
13936,376.58,United Kingdom,2948,2948
16858,375.69,United Kingdom,2949,2949
14448,375.35,United Kingdom,2950,2950
14079,375.1,United Kingdom,2951,2951
16147,375.0,United Kingdom,2952,2952
14067,374.7,United Kingdom,2953,2953
17492,374.57,United Kingdom,2954,2954
12873,374.0,United Kingdom,2955,2955
13351,373.94,United Kingdom,2956,2956
13569,373.75,United Kingdom,2957,2957
16321,373.65,Australia,2958,2958
16903,373.24,United Kingdom,2959,2959
12895,372.8,United Kingdom,2960,2960
12544,372.7,Spain,2961,2961
12981,372.22,United Kingdom,2962,2962
16065,372.09,United Kingdom,2963,2963
13300,371.89,United Kingdom,2964,2964
17765,371.88,United Kingdom,2965,2965
14690,371.7,United Kingdom,2966,2966
18155,371.62,United Kingdom,2967,2967
15472,371.56,United Kingdom,2968,2968
14950,371.2,United Kingdom,2969,2969
15975,371.01,United Kingdom,2970,2970
15063,370.8,United Kingdom,2971,2971
16343,370.48,United Kingdom,2972,2972
15922,369.5,United Kingdom,2973,2973
16758,369.34,United Kingdom,2974,2974
14888,369.2,United Kingdom,2975,2975
16372,367.93,United Kingdom,2976,2976
17911,366.23,United Kingdom,2977,2977
17358,365.85,United Kingdom,2978,2978
17432,365.76,United Kingdom,2979,2979
16499,365.45,United Kingdom,2980,2980
16202,365.27,United Kingdom,2981,2981
14886,364.8,United Kingdom,2982,2982
15949,364.72,United Kingdom,2983,2983
12373,364.6,Austria,2984,2984
15343,364.5,United Kingdom,2985,2985
14528,364.22,United Kingdom,2986,2986
12538,363.95,Spain,2987,2987
17330,363.9,United Kingdom,2988,2988
15901,363.88,United Kingdom,2989,2989
14171,363.79,United Kingdom,2990,2990
16509,363.7,United Kingdom,2991,2991
12915,363.65,United Kingdom,2992,2992
18056,363.65,United Kingdom,2992,2993
16485,363.65,United Kingdom,2992,2994
14932,363.53,Channel Islands,2995,2995
14427,363.34,United Kingdom,2996,2996
16378,362.95,United Kingdom,2997,2997
16052,362.06,United Kingdom,2998,2998
13844,361.62,United Kingdom,2999,2999
16305,361.22,United Kingdom,3000,3000
13291,361.11,United Kingdom,3001,3001
15872,360.93,United Kingdom,3002,3002
16595,360.16,United Kingdom,3003,3003
13780,360.01,United Kingdom,3004,3004
13298,360.0,United Kingdom,3005,3005
15120,358.82,United Kingdom,3006,3006
17948,358.56,United Kingdom,3007,3007
16823,358.38,United Kingdom,3008,3008
13228,358.0,United Kingdom,3009,3009
13976,357.98,United Kingdom,3010,3010
16274,357.95,United Kingdom,3011,3011
17025,357.77,United Kingdom,3012,3012
16971,357.21,United Kingdom,3013,3013
18040,357.2,United Kingdom,3014,3014
13453,356.98,United Kingdom,3015,3015
14500,356.85,United Kingdom,3016,3016
15713,356.7,United Kingdom,3017,3017
15247,356.0,United Kingdom,3018,3018
15840,355.56,United Kingdom,3019,3019
14537,355.56,United Kingdom,3019,3020
12617,355.53,France,3021,3021
17742,355.11,United Kingdom,3022,3022
13642,354.8,United Kingdom,3023,3023
17222,354.15,United Kingdom,3024,3024
12888,354.12,United Kingdom,3025,3025
12845,354.09,United Kingdom,3026,3026
15870,354.09,United Kingdom,3026,3027
12715,353.86,Sweden,3028,3028
17252,353.86,United Kingdom,3028,3029
13173,353.65,United Kingdom,3030,3030
13210,353.48,United Kingdom,3031,3031
13343,353.43,United Kingdom,3032,3032
14804,353.27,United Kingdom,3033,3033
17976,353.19,United Kingdom,3034,3034
15678,352.7,United Kingdom,3035,3035
18112,352.69,United Kingdom,3036,3036
15334,351.67,United Kingdom,3037,3037
12566,351.65,Germany,3038,3038
15789,351.3,United Kingdom,3039,3039
13923,351.13,United Kingdom,3040,3040
15900,351.11,United Kingdom,3041,3041
13332,350.9,United Kingdom,3042,3042
13740,350.75,United Kingdom,3043,3043
17835,350.64,United Kingdom,3044,3044
17795,350.39,United Kingdom,3045,3045
13108,350.06,United Kingdom,3046,3046
12532,349.83,France,3047,3047
13670,349.7,United Kingdom,3048,3048
13887,349.55,United Kingdom,3049,3049
18250,349.27,United Kingdom,3050,3050
15405,349.1,United Kingdom,3051,3051
13927,348.99,United Kingdom,3052,3052
13790,348.8,United Kingdom,3053,3053
18127,348.73,United Kingdom,3054,3054
12527,348.71,Germany,3055,3055
15579,348.6,United Kingdom,3056,3056
16159,348.2,United Kingdom,3057,3057
13052,348.15,United Kingdom,3058,3058
14379,348.1,United Kingdom,3059,3059
13497,348.05,United Kingdom,3060,3060
17668,347.75,United Kingdom,3061,3061
13062,346.98,United Kingdom,3062,3062
13649,346.6,United Kingdom,3063,3063
16423,346.12,United Kingdom,3064,3064
13091,345.82,United Kingdom,3065,3065
15781,345.46,United Kingdom,3066,3066
17123,345.3,United Kingdom,3067,3067
13774,345.0,United Kingdom,3068,3068
14633,344.9,United Kingdom,3069,3069
16978,344.33,United Kingdom,3070,3070
17569,344.14,United Kingdom,3071,3071
13068,344.0,United Kingdom,3072,3072
15047,343.62,United Kingdom,3073,3073
15520,343.5,United Kingdom,3074,3074
18081,343.45,United Kingdom,3075,3075
15880,343.28,United Kingdom,3076,3076
12875,343.23,United Kingdom,3077,3077
17201,342.63,United Kingdom,3078,3078
16851,342.45,United Kingdom,3079,3079
16826,341.7,United Kingdom,3080,3080
13347,341.36,United Kingdom,3081,3081
17917,341.28,United Kingdom,3082,3082
14491,340.93,United Kingdom,3083,3083
12519,340.84,Germany,3084,3084
15115,340.11,United Kingdom,3085,3085
13737,339.6,United Kingdom,3086,3086
17045,339.44,United Kingdom,3087,3087
16545,339.3,United Kingdom,3088,3088
17697,338.95,United Kingdom,3089,3089
17839,338.8,United Kingdom,3090,3090
16183,338.71,United Kingdom,3091,3091
15652,337.74,United Kingdom,3092,3092
15942,337.44,United Kingdom,3093,3093
13930,337.34,United Kingdom,3094,3094
17973,337.04,United Kingdom,3095,3095
16105,336.96,United Kingdom,3096,3096
17914,336.43,United Kingdom,3097,3097
15619,336.4,United Kingdom,3098,3098
17384,336.4,United Kingdom,3098,3099
14954,336.17,United Kingdom,3100,3100
18078,336.13,United Kingdom,3101,3101
15921,336.03,United Kingdom,3102,3102
18276,335.86,United Kingdom,3103,3103
14196,335.52,United Kingdom,3104,3104
16063,335.32,United Kingdom,3105,3105
17221,335.13,United Kingdom,3106,3106
12489,334.93,France,3107,3107
14988,334.54,United Kingdom,3108,3108
15466,334.53,United Kingdom,3109,3109
12350,334.4,Norway,3110,3110
15918,334.23,United Kingdom,3111,3111
14264,333.97,United Kingdom,3112,3112
13216,333.74,United Kingdom,3113,3113
13727,333.48,United Kingdom,3114,3114
16625,333.08,United Kingdom,3115,3115
14902,332.66,United Kingdom,3116,3116
13904,332.64,United Kingdom,3117,3117
16850,332.41,United Kingdom,3118,3118
16803,332.3,United Kingdom,3119,3119
16177,331.95,United Kingdom,3120,3120
16030,331.24,United Kingdom,3121,3121
15210,331.18,United Kingdom,3122,3122
16478,331.0,United Kingdom,3123,3123
12891,331.0,United Kingdom,3123,3124
17862,330.9,United Kingdom,3125,3125
15714,330.88,United Kingdom,3126,3126
13706,330.79,United Kingdom,3127,3127
14517,330.45,United Kingdom,3128,3128
15130,330.11,United Kingdom,3129,3129
16593,330.03,United Kingdom,3130,3130
12953,329.85,United Kingdom,3131,3131
14716,329.68,United Kingdom,3132,3132
17866,329.65,United Kingdom,3133,3133
17615,329.6,United Kingdom,3134,3134
13239,329.56,United Kingdom,3135,3135
17154,329.34,United Kingdom,3136,3136
15153,329.25,United Kingdom,3137,3137
14012,328.8,United Kingdom,3138,3138
16855,328.4,United Kingdom,3139,3139
15213,328.35,United Kingdom,3140,3140
14747,328.2,United Kingdom,3141,3141
14206,328.16,United Kingdom,3142,3142
16318,328.15,United Kingdom,3143,3143
15314,327.97,United Kingdom,3144,3144
14024,327.7,United Kingdom,3145,3145
16366,327.3,United Kingdom,3146,3146
14870,327.25,United Kingdom,3147,3147
16322,326.75,United Kingdom,3148,3148
17715,326.4,United Kingdom,3149,3149
14987,326.4,United Kingdom,3149,3150
16071,326.24,United Kingdom,3151,3151
15363,326.0,United Kingdom,3152,3152
12844,325.96,United Kingdom,3153,3153
16830,325.91,United Kingdom,3154,3154
14850,325.75,United Kingdom,3155,3155
15944,325.1,United Kingdom,3156,3156
12790,324.92,Netherlands,3157,3157
13801,324.8,United Kingdom,3158,3158
15597,324.57,United Kingdom,3159,3159
18261,324.24,United Kingdom,3160,3160
16685,324.24,United Kingdom,3160,3161
14555,324.14,United Kingdom,3162,3162
15675,323.69,United Kingdom,3163,3163
17793,323.04,United Kingdom,3164,3164
16739,323.0,United Kingdom,3165,3165
13955,322.96,United Kingdom,3166,3166
16627,322.8,United Kingdom,3167,3167
16342,322.41,United Kingdom,3168,3168
15224,322.08,United Kingdom,3169,3169
14424,322.08,United Kingdom,3169,3170
14484,321.92,United Kingdom,3171,3171
14823,321.43,United Kingdom,3172,3172
15236,321.05,United Kingdom,3173,3173
18117,320.72,United Kingdom,3174,3174
16096,320.62,United Kingdom,3175,3175
14622,320.58,United Kingdom,3176,3176
13986,320.46,United Kingdom,3177,3177
16674,319.61,United Kingdom,3178,3178
15107,319.5,United Kingdom,3179,3179
16967,319.02,United Kingdom,3180,3180
17157,319.0,United Kingdom,3181,3181
17229,318.76,United Kingdom,3182,3182
17248,318.65,United Kingdom,3183,3183
14703,318.17,United Kingdom,3184,3184
12648,318.05,Germany,3185,3185
18066,318.0,United Kingdom,3186,3186
17172,317.76,United Kingdom,3187,3187
17267,317.62,United Kingdom,3188,3188
15101,317.53,United Kingdom,3189,3189
16386,317.2,United Kingdom,3190,3190
15257,317.15,United Kingdom,3191,3191
15385,316.88,United Kingdom,3192,3192
15243,316.68,United Kingdom,3193,3193
16761,316.62,United Kingdom,3194,3194
15204,316.58,United Kingdom,3195,3195
17458,316.5,United Kingdom,3196,3196
13494,316.26,United Kingdom,3197,3197
14479,316.25,United Kingdom,3198,3198
16473,316.11,United Kingdom,3199,3199
12614,315.6,Germany,3200,3200
15766,315.06,United Kingdom,3201,3201
16091,315.06,United Kingdom,3201,3202
17237,314.69,United Kingdom,3203,3203
16193,314.45,United Kingdom,3204,3204
12650,314.44,France,3205,3205
16227,314.22,United Kingdom,3206,3206
15970,314.1,United Kingdom,3207,3207
13484,313.8,United Kingdom,3208,3208
16582,313.62,United Kingdom,3209,3209
14729,313.49,United Kingdom,3210,3210
13845,312.98,United Kingdom,3211,3211
15318,312.62,United Kingdom,3212,3212
12834,312.38,United Kingdom,3213,3213
17362,312.23,United Kingdom,3214,3214
17070,312.14,United Kingdom,3215,3215
12785,311.95,Portugal,3216,3216
16450,311.92,United Kingdom,3217,3217
14142,311.81,United Kingdom,3218,3218
15326,311.71,United Kingdom,3219,3219
14951,311.69,United Kingdom,3220,3220
14327,311.65,United Kingdom,3221,3221
12852,311.55,United Kingdom,3222,3222
13990,311.3,United Kingdom,3223,3223
17854,311.26,United Kingdom,3224,3224
16781,311.25,United Kingdom,3225,3225
13897,311.16,United Kingdom,3226,3226
17912,311.01,United Kingdom,3227,3227
17266,310.64,United Kingdom,3228,3228
15185,310.62,United Kingdom,3229,3229
15308,310.47,United Kingdom,3230,3230
14311,310.26,United Kingdom,3231,3231
14924,310.05,United Kingdom,3232,3232
15661,309.8,United Kingdom,3233,3233
15699,309.65,United Kingdom,3234,3234
16810,309.54,United Kingdom,3235,3235
14339,309.52,United Kingdom,3236,3236
14847,309.4,United Kingdom,3237,3237
17604,309.36,United Kingdom,3238,3238
12884,309.05,United Kingdom,3239,3239
13787,309.04,United Kingdom,3240,3240
15010,308.94,United Kingdom,3241,3241
16956,308.74,United Kingdom,3242,3242
13699,308.58,United Kingdom,3243,3243
17510,308.48,United Kingdom,3244,3244
13369,308.28,United Kingdom,3245,3245
13466,307.9,United Kingdom,3246,3246
15973,307.82,United Kingdom,3247,3247
16123,307.78,United Kingdom,3248,3248
13529,307.76,United Kingdom,3249,3249
13395,307.72,United Kingdom,3250,3250
13060,307.53,United Kingdom,3251,3251
14915,307.48,United Kingdom,3252,3252
17120,307.46,United Kingdom,3253,3253
13932,307.4,United Kingdom,3254,3254
13142,307.09,United Kingdom,3255,3255
17334,307.02,United Kingdom,3256,3256
15087,306.94,United Kingdom,3257,3257
17551,306.84,United Kingdom,3258,3258
13762,306.72,United Kingdom,3259,3259
16668,306.72,United Kingdom,3259,3260
13718,306.55,United Kingdom,3261,3261
18059,306.46,United Kingdom,3262,3262
15659,306.45,United Kingdom,3263,3263
17176,306.13,United Kingdom,3264,3264
13863,305.78,United Kingdom,3265,3265
15219,305.75,United Kingdom,3266,3266
16796,305.62,United Kingdom,3267,3267
16181,305.54,United Kingdom,3268,3268
13045,305.28,United Kingdom,3269,3269
18220,305.28,United Kingdom,3269,3270
12623,305.1,Germany,3271,3271
13667,305.02,United Kingdom,3272,3272
17941,304.56,United Kingdom,3273,3273
15163,304.47,United Kingdom,3274,3274
16217,304.25,United Kingdom,3275,3275
18185,304.25,United Kingdom,3275,3276
17732,303.97,United Kingdom,3277,3277
16400,303.93,United Kingdom,3278,3278
13083,303.75,United Kingdom,3279,3279
17433,303.16,United Kingdom,3280,3280
15060,303.09,United Kingdom,3281,3281
16425,302.7,United Kingdom,3282,3282
14248,302.58,United Kingdom,3283,3283
18165,302.46,United Kingdom,3284,3284
16104,302.36,United Kingdom,3285,3285
16292,302.25,United Kingdom,3286,3286
17506,302.2,United Kingdom,3287,3287
15054,302.1,United Kingdom,3288,3288
17094,302.0,United Kingdom,3289,3289
16297,301.9,United Kingdom,3290,3290
16715,301.72,United Kingdom,3291,3291
15667,301.32,United Kingdom,3292,3292
15148,301.29,United Kingdom,3293,3293
15623,301.03,United Kingdom,3294,3294
13479,300.95,United Kingdom,3295,3295
17978,300.92,United Kingdom,3296,3296
16430,300.85,United Kingdom,3297,3297
16479,300.83,United Kingdom,3298,3298
14762,300.52,United Kingdom,3299,3299
13304,300.42,United Kingdom,3300,3300
15254,300.36,United Kingdom,3301,3301
13745,300.04,United Kingdom,3302,3302
18053,300.02,United Kingdom,3303,3303
16402,299.6,United Kingdom,3304,3304
18215,299.34,United Kingdom,3305,3305
17124,298.89,United Kingdom,3306,3306
15609,298.48,United Kingdom,3307,3307
17255,298.41,United Kingdom,3308,3308
17824,298.4,United Kingdom,3309,3309
17678,298.11,United Kingdom,3310,3310
12881,298.0,United Kingdom,3311,3311
15857,297.0,United Kingdom,3312,3312
13708,296.88,United Kingdom,3313,3313
14985,296.75,United Kingdom,3314,3314
17531,296.7,United Kingdom,3315,3315
13441,296.64,United Kingdom,3316,3316
15154,296.42,United Kingdom,3317,3317
13751,296.25,United Kingdom,3318,3318
13504,295.93,United Kingdom,3319,3319
16998,295.0,United Kingdom,3320,3320
13573,294.4,United Kingdom,3321,3321
15732,294.12,United Kingdom,3322,3322
17163,293.1,United Kingdom,3323,3323
12829,293.0,United Kingdom,3324,3324
15545,292.72,United Kingdom,3325,3325
16721,292.47,United Kingdom,3326,3326
13259,292.32,United Kingdom,3327,3327
13502,292.0,United Kingdom,3328,3328
13449,291.88,United Kingdom,3329,3329
13544,291.41,United Kingdom,3330,3330
14656,291.05,United Kingdom,3331,3331
14947,290.82,United Kingdom,3332,3332
16648,290.66,United Kingdom,3333,3333
15279,290.51,United Kingdom,3334,3334
17691,290.4,United Kingdom,3335,3335
16526,290.36,United Kingdom,3336,3336
17081,290.16,United Kingdom,3337,3337
14784,289.99,United Kingdom,3338,3338
17464,289.96,United Kingdom,3339,3339
14953,289.82,United Kingdom,3340,3340
16897,289.78,United Kingdom,3341,3341
14162,289.36,United Kingdom,3342,3342
16125,289.35,United Kingdom,3343,3343
14549,289.24,United Kingdom,3344,3344
17501,288.6,United Kingdom,3345,3345
16808,288.42,United Kingdom,3346,3346
15396,288.18,United Kingdom,3347,3347
17977,288.14,United Kingdom,3348,3348
17080,287.62,United Kingdom,3349,3349
17760,287.59,United Kingdom,3350,3350
16432,287.4,United Kingdom,3351,3351
13760,286.79,United Kingdom,3352,3352
16555,285.89,United Kingdom,3353,3353
14660,285.74,United Kingdom,3354,3354
17636,285.56,United Kingdom,3355,3355
16429,284.55,United Kingdom,3356,3356
18190,284.46,United Kingdom,3357,3357
13121,283.73,United Kingdom,3358,3358
13439,283.71,United Kingdom,3359,3359
12703,283.55,Germany,3360,3360
17783,283.47,United Kingdom,3361,3361
17251,283.28,United Kingdom,3362,3362
18270,283.15,United Kingdom,3363,3363
17694,283.12,United Kingdom,3364,3364
14350,282.93,United Kingdom,3365,3365
13754,282.6,United Kingdom,3366,3366
13177,282.45,United Kingdom,3367,3367
17247,282.19,United Kingdom,3368,3368
16557,281.85,United Kingdom,3369,3369
17403,281.62,United Kingdom,3370,3370
16848,281.42,United Kingdom,3371,3371
14242,280.55,United Kingdom,3372,3372
13606,280.54,United Kingdom,3373,3373
16149,280.52,United Kingdom,3374,3374
14975,279.94,United Kingdom,3375,3375
15556,279.77,United Kingdom,3376,3376
14480,279.05,United Kingdom,3377,3377
17786,278.74,United Kingdom,3378,3378
14764,278.3,United Kingdom,3379,3379
14908,277.8,United Kingdom,3380,3380
17968,277.35,United Kingdom,3381,3381
13803,277.07,United Kingdom,3382,3382
15355,277.05,United Kingdom,3383,3383
16883,276.73,United Kingdom,3384,3384
13272,276.56,United Kingdom,3385,3385
14508,276.42,United Kingdom,3386,3386
12750,275.88,Poland,3387,3387
14512,275.28,United Kingdom,3388,3388
16313,274.15,United Kingdom,3389,3389
16727,272.82,United Kingdom,3390,3390
17254,272.44,United Kingdom,3391,3391
17498,272.22,United Kingdom,3392,3392
14819,272.07,United Kingdom,3393,3393
13917,272.04,United Kingdom,3394,3394
14816,271.85,United Kingdom,3395,3395
13058,271.4,United Kingdom,3396,3396
13837,271.24,United Kingdom,3397,3397
17767,271.2,United Kingdom,3398,3398
17496,271.05,United Kingdom,3399,3399
18108,271.0,United Kingdom,3400,3400
17011,270.9,United Kingdom,3401,3401
15774,270.8,United Kingdom,3402,3402
13533,270.79,United Kingdom,3403,3403
14520,270.6,United Kingdom,3404,3404
13242,270.4,United Kingdom,3405,3405
12558,269.96,USA,3406,3406
14727,268.58,United Kingdom,3407,3407
15408,267.18,United Kingdom,3408,3408
17550,267.16,United Kingdom,3409,3409
15320,267.13,United Kingdom,3410,3410
17708,267.08,United Kingdom,3411,3411
15517,267.03,United Kingdom,3412,3412
16451,266.97,United Kingdom,3413,3413
14863,266.76,United Kingdom,3414,3414
15119,266.4,United Kingdom,3415,3415
12962,266.39,United Kingdom,3416,3416
15019,266.0,United Kingdom,3417,3417
14068,265.85,United Kingdom,3418,3418
17430,265.76,United Kingdom,3419,3419
14423,265.2,United Kingdom,3420,3420
13973,264.7,United Kingdom,3421,3421
15912,264.62,United Kingdom,3422,3422
14452,264.44,United Kingdom,3423,3423
15894,263.55,United Kingdom,3424,3424
12492,263.21,Germany,3425,3425
16936,262.68,United Kingdom,3426,3426
17194,262.62,United Kingdom,3427,3427
16413,262.2,United Kingdom,3428,3428
17385,261.11,United Kingdom,3429,3429
13189,260.68,United Kingdom,3430,3430
14053,260.25,United Kingdom,3431,3431
15014,260.17,United Kingdom,3432,3432
15143,259.45,United Kingdom,3433,3433
17125,259.35,United Kingdom,3434,3434
13127,259.17,United Kingdom,3435,3435
16447,259.01,United Kingdom,3436,3436
15577,258.88,United Kingdom,3437,3437
13277,258.4,United Kingdom,3438,3438
13227,257.7,United Kingdom,3439,3439
14375,257.68,United Kingdom,3440,3440
18009,257.34,United Kingdom,3441,3441
13626,257.23,United Kingdom,3442,3442
16048,256.44,United Kingdom,3443,3443
12430,256.4,Norway,3444,3444
13806,256.38,United Kingdom,3445,3445
17896,256.32,United Kingdom,3446,3446
15277,255.9,United Kingdom,3447,3447
14761,255.9,United Kingdom,3447,3448
14881,255.4,United Kingdom,3449,3449
16226,255.12,United Kingdom,3450,3450
15261,254.82,United Kingdom,3451,3451
12604,254.18,France,3452,3452
14765,254.11,United Kingdom,3453,3453
15689,254.1,United Kingdom,3454,3454
12797,254.03,Portugal,3455,3455
15759,253.04,United Kingdom,3456,3456
17860,252.8,United Kingdom,3457,3457
15035,252.73,United Kingdom,3458,3458
13404,252.49,United Kingdom,3459,3459
15346,252.42,United Kingdom,3460,3460
13645,252.1,United Kingdom,3461,3461
13711,252.06,United Kingdom,3462,3462
16330,251.91,United Kingdom,3463,3463
16836,251.87,United Kingdom,3464,3464
17155,251.7,United Kingdom,3465,3465
16976,251.52,United Kingdom,3466,3466
16024,251.24,United Kingdom,3467,3467
14501,251.21,United Kingdom,3468,3468
13512,251.21,United Kingdom,3468,3469
13207,250.26,United Kingdom,3470,3470
16596,250.15,United Kingdom,3471,3471
17303,250.04,United Kingdom,3472,3472
15510,250.0,United Kingdom,3473,3473
17456,249.86,United Kingdom,3474,3474
18005,249.72,United Kingdom,3475,3475
16124,249.0,United Kingdom,3476,3476
13061,248.61,United Kingdom,3477,3477
17111,248.61,United Kingdom,3477,3478
18212,248.42,United Kingdom,3479,3479
16510,248.1,United Kingdom,3480,3480
15097,248.08,United Kingdom,3481,3481
13592,247.96,United Kingdom,3482,3482
18072,247.44,United Kingdom,3483,3483
13349,247.32,United Kingdom,3484,3484
14658,247.15,United Kingdom,3485,3485
17051,247.14,United Kingdom,3486,3486
15783,246.3,United Kingdom,3487,3487
17278,246.04,United Kingdom,3488,3488
16778,245.94,United Kingdom,3489,3489
17771,245.81,United Kingdom,3490,3490
12660,245.1,France,3491,3491
15118,244.8,United Kingdom,3492,3492
16601,244.8,United Kingdom,3492,3493
16528,244.41,United Kingdom,3494,3494
17892,244.1,United Kingdom,3495,3495
17925,244.08,United Kingdom,3496,3496
13103,243.94,United Kingdom,3497,3497
16793,243.84,United Kingdom,3498,3498
18193,243.76,United Kingdom,3499,3499
13886,243.56,United Kingdom,3500,3500
15634,243.55,United Kingdom,3501,3501
17339,243.36,United Kingdom,3502,3502
17908,243.28,United Kingdom,3503,3503
14647,243.22,United Kingdom,3504,3504
16215,242.35,United Kingdom,3505,3505
15776,241.62,United Kingdom,3506,3506
14523,241.09,United Kingdom,3507,3507
16427,241.06,United Kingdom,3508,3508
15598,240.68,United Kingdom,3509,3509
15286,240.55,United Kingdom,3510,3510
13565,240.22,United Kingdom,3511,3511
17256,240.0,United Kingdom,3512,3512
17181,239.92,United Kingdom,3513,3513
15690,239.76,United Kingdom,3514,3514
13570,239.49,United Kingdom,3515,3515
17684,239.41,United Kingdom,3516,3516
16756,239.4,United Kingdom,3517,3517
12561,238.85,Germany,3518,3518
15850,238.85,United Kingdom,3518,3519
12718,238.25,France,3520,3520
17877,237.61,United Kingdom,3521,3521
14586,237.36,United Kingdom,3522,3522
15457,237.07,United Kingdom,3523,3523
18110,236.3,United Kingdom,3524,3524
12732,236.26,France,3525,3525
16026,236.09,United Kingdom,3526,3526
13187,236.02,United Kingdom,3527,3527
15462,234.6,United Kingdom,3528,3528
14473,234.34,United Kingdom,3529,3529
17060,234.24,United Kingdom,3530,3530
16961,234.17,United Kingdom,3531,3531
12736,234.0,France,3532,3532
15483,233.81,United Kingdom,3533,3533
13348,233.76,United Kingdom,3534,3534
16583,233.45,United Kingdom,3535,3535
14995,233.23,United Kingdom,3536,3536
16302,233.22,United Kingdom,3537,3537
13678,232.6,United Kingdom,3538,3538
18213,232.48,United Kingdom,3539,3539
16117,232.21,United Kingdom,3540,3540
15393,231.86,United Kingdom,3541,3541
16641,231.1,United Kingdom,3542,3542
18030,230.65,United Kingdom,3543,3543
15866,230.53,United Kingdom,3544,3544
16445,230.51,United Kingdom,3545,3545
13786,230.4,United Kingdom,3546,3546
16926,230.25,United Kingdom,3547,3547
13960,230.22,United Kingdom,3548,3548
12812,229.64,Japan,3549,3549
13474,229.59,United Kingdom,3550,3550
13008,229.47,United Kingdom,3551,3551
15528,229.33,United Kingdom,3552,3552
14793,228.99,United Kingdom,3553,3553
17347,228.96,United Kingdom,3554,3554
13146,228.91,United Kingdom,3555,3555
13712,228.84,United Kingdom,3556,3556
13070,228.8,United Kingdom,3557,3557
17969,228.2,United Kingdom,3558,3558
16527,228.06,United Kingdom,3559,3559
14569,227.39,United Kingdom,3560,3560
17212,226.85,United Kingdom,3561,3561
17572,226.75,United Kingdom,3562,3562
16315,226.37,United Kingdom,3563,3563
16777,226.35,United Kingdom,3564,3564
16619,226.21,United Kingdom,3565,3565
12672,225.9,France,3566,3566
17789,225.9,United Kingdom,3566,3567
14624,225.85,United Kingdom,3568,3568
14357,225.77,United Kingdom,3569,3569
12402,225.6,Belgium,3570,3570
16690,225.58,United Kingdom,3571,3571
14052,225.36,United Kingdom,3572,3572
16587,225.15,United Kingdom,3573,3573
17171,224.91,United Kingdom,3574,3574
15175,224.14,United Kingdom,3575,3575
16471,223.95,United Kingdom,3576,3576
16753,223.92,United Kingdom,3577,3577
14929,223.88,United Kingdom,3578,3578
13926,223.85,United Kingdom,3579,3579
18101,223.65,United Kingdom,3580,3580
17534,223.36,United Kingdom,3581,3581
15637,223.36,United Kingdom,3581,3582
13382,222.99,United Kingdom,3583,3583
15897,222.05,United Kingdom,3584,3584
14598,221.97,United Kingdom,3585,3585
14960,221.27,United Kingdom,3586,3586
16392,221.19,United Kingdom,3587,3587
13419,221.06,United Kingdom,3588,3588
15790,220.85,United Kingdom,3589,3589
16482,220.62,United Kingdom,3590,3590
18114,220.1,United Kingdom,3591,3591
13079,220.1,United Kingdom,3591,3592
13600,219.52,United Kingdom,3593,3593
15096,219.39,United Kingdom,3594,3594
16895,219.14,United Kingdom,3595,3595
12702,219.0,Germany,3596,3596
13669,218.55,United Kingdom,3597,3597
17619,218.52,United Kingdom,3598,3598
13428,218.47,United Kingdom,3599,3599
12574,218.45,France,3600,3600
15724,218.25,United Kingdom,3601,3601
14570,218.06,United Kingdom,3602,3602
16634,217.9,United Kingdom,3603,3603
13271,217.38,United Kingdom,3604,3604
15554,217.2,United Kingdom,3605,3605
16080,217.16,United Kingdom,3606,3606
13739,216.9,United Kingdom,3607,3607
13503,216.85,United Kingdom,3608,3608
15460,216.76,United Kingdom,3609,3609
12897,216.5,United Kingdom,3610,3610
15604,216.39,United Kingdom,3611,3611
17436,216.3,United Kingdom,3612,3612
14104,216.21,United Kingdom,3613,3613
13858,216.17,United Kingdom,3614,3614
16179,215.83,United Kingdom,3615,3615
15052,215.78,United Kingdom,3616,3616
17580,215.72,United Kingdom,3617,3617
14476,215.7,United Kingdom,3618,3618
16189,215.48,United Kingdom,3619,3619
16519,215.08,United Kingdom,3620,3620
16190,215.08,United Kingdom,3620,3621
12831,215.05,United Kingdom,3622,3622
12588,214.9,Finland,3623,3623
16338,214.8,United Kingdom,3624,3624
16411,214.65,United Kingdom,3625,3625
16846,214.32,United Kingdom,3626,3626
16647,214.06,United Kingdom,3627,3627
14601,213.96,United Kingdom,3628,3628
13621,213.85,United Kingdom,3629,3629
17153,213.78,United Kingdom,3630,3630
14241,213.7,United Kingdom,3631,3631
13411,213.55,United Kingdom,3632,3632
16591,213.5,United Kingdom,3633,3633
15540,213.3,United Kingdom,3634,3634
14984,213.27,United Kingdom,3635,3635
17928,212.54,United Kingdom,3636,3636
16017,211.88,United Kingdom,3637,3637
16356,211.77,United Kingdom,3638,3638
15703,211.5,United Kingdom,3639,3639
12995,211.32,United Kingdom,3640,3640
16415,210.35,United Kingdom,3641,3641
13532,210.31,United Kingdom,3642,3642
13828,209.49,United Kingdom,3643,3643
17855,208.97,United Kingdom,3644,3644
15327,208.75,United Kingdom,3645,3645
17514,208.65,United Kingdom,3646,3646
16914,208.46,United Kingdom,3647,3647
16457,208.36,United Kingdom,3648,3648
12547,207.8,Spain,3649,3649
18191,207.8,United Kingdom,3649,3650
16866,207.74,United Kingdom,3651,3651
16752,207.5,United Kingdom,3652,3652
16323,207.5,United Kingdom,3652,3653
17923,207.5,United Kingdom,3652,3654
13099,207.36,United Kingdom,3655,3655
15925,207.15,United Kingdom,3656,3656
15820,206.98,United Kingdom,3657,3657
18126,206.83,United Kingdom,3658,3658
17166,206.34,United Kingdom,3659,3659
14964,206.21,United Kingdom,3660,3660
13065,205.86,United Kingdom,3661,3661
17670,205.7,United Kingdom,3662,3662
17843,205.48,United Kingdom,3663,3663
15307,205.3,United Kingdom,3664,3664
15758,205.25,United Kingdom,3665,3665
13513,205.1,United Kingdom,3666,3666
15319,204.5,United Kingdom,3667,3667
17206,204.24,United Kingdom,3668,3668
18273,204.0,United Kingdom,3669,3669
13017,204.0,United Kingdom,3669,3670
17187,203.95,United Kingdom,3671,3671
17889,203.87,United Kingdom,3672,3672
17394,203.87,United Kingdom,3672,3673
17891,203.86,United Kingdom,3674,3674
17376,203.2,United Kingdom,3675,3675
15723,203.1,United Kingdom,3676,3676
14381,202.68,United Kingdom,3677,3677
18169,202.65,United Kingdom,3678,3678
14385,202.11,United Kingdom,3679,3679
15347,201.6,United Kingdom,3680,3680
13295,201.2,United Kingdom,3681,3681
16965,201.19,United Kingdom,3682,3682
13284,201.19,United Kingdom,3682,3683
13859,201.16,United Kingdom,3684,3684
17988,201.12,United Kingdom,3685,3685
17693,200.47,United Kingdom,3686,3686
13262,200.29,United Kingdom,3687,3687
15437,200.16,United Kingdom,3688,3688
13980,200.14,United Kingdom,3689,3689
14782,200.1,United Kingdom,3690,3690
13723,199.85,United Kingdom,3691,3691
15593,199.8,United Kingdom,3692,3692
13322,199.48,United Kingdom,3693,3693
17383,199.29,United Kingdom,3694,3694
16832,199.15,United Kingdom,3695,3695
17987,198.57,United Kingdom,3696,3696
16178,197.9,United Kingdom,3697,3697
12450,197.88,Spain,3698,3698
12581,197.71,Germany,3699,3699
14185,197.65,United Kingdom,3700,3700
14789,197.64,United Kingdom,3701,3701
17301,197.63,United Kingdom,3702,3702
16829,197.22,United Kingdom,3703,3703
14830,197.13,United Kingdom,3704,3704
15234,197.0,United Kingdom,3705,3705
12586,196.94,Italy,3706,3706
13436,196.89,United Kingdom,3707,3707
15746,196.88,United Kingdom,3708,3708
13978,196.79,United Kingdom,3709,3709
17660,196.0,United Kingdom,3710,3710
16112,195.74,United Kingdom,3711,3711
13792,195.55,United Kingdom,3712,3712
17010,195.36,United Kingdom,3713,3713
14666,195.25,United Kingdom,3714,3714
15612,195.15,United Kingdom,3715,3715
14100,194.9,United Kingdom,3716,3716
16887,194.88,United Kingdom,3717,3717
14087,194.42,United Kingdom,3718,3718
17475,194.37,United Kingdom,3719,3719
15683,193.75,United Kingdom,3720,3720
17343,193.64,United Kingdom,3721,3721
15198,193.64,United Kingdom,3721,3722
16847,193.44,United Kingdom,3723,3723
17608,193.42,United Kingdom,3724,3724
14806,193.39,United Kingdom,3725,3725
14801,193.14,United Kingdom,3726,3726
13568,192.85,United Kingdom,3727,3727
12522,192.72,Germany,3728,3728
12791,192.6,Netherlands,3729,3729
14768,192.6,United Kingdom,3729,3730
15909,191.94,United Kingdom,3731,3731
17904,191.67,United Kingdom,3732,3732
14966,191.32,United Kingdom,3733,3733
15692,191.04,United Kingdom,3734,3734
17233,190.88,United Kingdom,3735,3735
13033,190.55,United Kingdom,3736,3736
15412,190.53,United Kingdom,3737,3737
13972,190.25,United Kingdom,3738,3738
17885,190.19,United Kingdom,3739,3739
12361,189.9,Belgium,3740,3740
13826,189.5,United Kingdom,3741,3741
13663,189.47,United Kingdom,3742,3742
18045,189.4,United Kingdom,3743,3743
16448,188.89,United Kingdom,3744,3744
14697,188.61,United Kingdom,3745,3745
12893,188.14,United Kingdom,3746,3746
17781,188.02,United Kingdom,3747,3747
14722,187.92,United Kingdom,3748,3748
17279,187.83,United Kingdom,3749,3749
18013,187.29,United Kingdom,3750,3750
17440,186.42,United Kingdom,3751,3751
13672,186.39,United Kingdom,3752,3752
14551,186.23,United Kingdom,3753,3753
15567,186.01,United Kingdom,3754,3754
12641,185.9,Sweden,3755,3755
17574,185.65,United Kingdom,3756,3756
14199,185.4,United Kingdom,3757,3757
16097,185.05,United Kingdom,3758,3758
13482,184.64,United Kingdom,3759,3759
17680,184.4,United Kingdom,3760,3760
16433,184.26,United Kingdom,3761,3761
15124,184.19,United Kingdom,3762,3762
14326,183.85,United Kingdom,3763,3763
16680,183.7,United Kingdom,3764,3764
14059,183.6,United Kingdom,3765,3765
13460,183.44,United Kingdom,3766,3766
13059,183.4,United Kingdom,3767,3767
17772,182.77,United Kingdom,3768,3768
14082,182.25,United Kingdom,3769,3769
18119,181.12,United Kingdom,3770,3770
15886,181.09,United Kingdom,3771,3771
16594,181.09,United Kingdom,3771,3772
15945,181.0,United Kingdom,3773,3773
15292,180.94,United Kingdom,3774,3774
16835,180.85,United Kingdom,3775,3775
18280,180.6,United Kingdom,3776,3776
13710,180.48,United Kingdom,3777,3777
15041,180.35,United Kingdom,3778,3778
13598,180.17,United Kingdom,3779,3779
12622,180.1,Germany,3780,3780
18147,179.34,United Kingdom,3781,3781
15895,179.17,United Kingdom,3782,3782
15454,179.1,United Kingdom,3783,3783
16990,179.0,United Kingdom,3784,3784
14705,179.0,United Kingdom,3784,3785
15139,178.96,United Kingdom,3786,3786
16620,178.96,United Kingdom,3786,3787
15262,178.95,United Kingdom,3788,3788
13778,178.7,United Kingdom,3789,3789
17879,178.52,United Kingdom,3790,3790
17253,178.26,United Kingdom,3791,3791
17356,178.22,United Kingdom,3792,3792
18282,178.05,United Kingdom,3793,3793
16403,177.5,United Kingdom,3794,3794
13618,177.34,United Kingdom,3795,3795
12618,177.31,Italy,3796,3796
13072,177.15,United Kingdom,3797,3797
12923,176.97,United Kingdom,3798,3798
17947,176.68,United Kingdom,3799,3799
14287,176.63,United Kingdom,3800,3800
12509,176.5,France,3801,3801
18274,175.92,United Kingdom,3802,3802
17582,175.27,United Kingdom,3803,3803
16144,175.2,United Kingdom,3804,3804
17331,175.2,United Kingdom,3804,3805
18010,174.8,United Kingdom,3806,3806
14355,174.4,United Kingdom,3807,3807
14518,174.37,United Kingdom,3808,3808
13560,174.37,United Kingdom,3808,3809
15335,173.97,United Kingdom,3810,3810
18278,173.9,United Kingdom,3811,3811
16861,173.76,United Kingdom,3812,3812
14798,173.74,United Kingdom,3813,3813
16565,173.7,United Kingdom,3814,3814
12441,173.55,France,3815,3815
15565,173.16,United Kingdom,3816,3816
15670,173.05,United Kingdom,3817,3817
14693,172.9,United Kingdom,3818,3818
18048,172.29,United Kingdom,3819,3819
13690,172.25,United Kingdom,3820,3820
13922,172.25,United Kingdom,3820,3821
12442,172.06,Spain,3822,3822
14536,171.8,United Kingdom,3823,3823
16773,171.59,United Kingdom,3824,3824
17245,171.45,United Kingdom,3825,3825
15432,171.19,United Kingdom,3826,3826
17542,170.75,United Kingdom,3827,3827
14860,170.32,United Kingdom,3828,3828
18058,170.16,United Kingdom,3829,3829
15016,170.04,United Kingdom,3830,3830
16921,169.79,United Kingdom,3831,3831
13962,169.55,United Kingdom,3832,3832
14218,169.48,United Kingdom,3833,3833
18004,169.47,United Kingdom,3834,3834
12367,168.9,Denmark,3835,3835
14578,168.63,United Kingdom,3836,3836
18269,168.6,United Kingdom,3837,3837
17367,168.4,United Kingdom,3838,3838
18099,168.31,United Kingdom,3839,3839
15888,168.31,United Kingdom,3839,3840
16282,168.3,United Kingdom,3841,3841
17737,168.24,United Kingdom,3842,3842
15986,168.12,United Kingdom,3843,3843
15374,168.0,United Kingdom,3844,3844
12551,168.0,Spain,3844,3845
18088,167.67,United Kingdom,3846,3846
17561,167.62,United Kingdom,3847,3847
16952,167.61,United Kingdom,3848,3848
15920,167.5,United Kingdom,3849,3849
16405,167.25,United Kingdom,3850,3850
18014,166.42,United Kingdom,3851,3851
14295,166.2,United Kingdom,3852,3852
17650,166.08,United Kingdom,3853,3853
12817,166.04,Austria,3854,3854
14485,165.75,United Kingdom,3855,3855
14552,165.07,United Kingdom,3856,3856
18042,165.05,United Kingdom,3857,3857
13470,165.0,United Kingdom,3858,3858
15316,165.0,United Kingdom,3858,3859
15904,164.68,United Kingdom,3860,3860
17535,164.4,United Kingdom,3861,3861
13603,164.34,United Kingdom,3862,3862
12920,164.23,United Kingdom,3863,3863
18200,163.8,United Kingdom,3864,3864
14354,163.62,United Kingdom,3865,3865
17110,163.3,United Kingdom,3866,3866
13223,163.2,United Kingdom,3867,3867
16406,163.07,United Kingdom,3868,3868
15167,163.0,United Kingdom,3869,3869
16517,162.7,United Kingdom,3870,3870
15733,162.3,United Kingdom,3871,3871
15325,162.29,United Kingdom,3872,3872
16932,161.94,United Kingdom,3873,3873
17600,161.67,United Kingdom,3874,3874
15458,161.64,United Kingdom,3875,3875
16113,161.38,United Kingdom,3876,3876
14362,161.2,United Kingdom,3877,3877
14204,161.03,United Kingdom,3878,3878
14237,161.0,United Kingdom,3879,3879
14089,161.0,United Kingdom,3879,3880
13229,160.95,United Kingdom,3881,3881
15852,160.71,United Kingdom,3882,3882
17344,160.57,United Kingdom,3883,3883
12573,160.54,France,3884,3884
18203,160.42,United Kingdom,3885,3885
18146,160.35,United Kingdom,3886,3886
14714,160.19,United Kingdom,3887,3887
12966,160.18,United Kingdom,3888,3888
13420,159.85,United Kingdom,3889,3889
16213,159.0,United Kingdom,3890,3890
18224,158.95,United Kingdom,3891,3891
13937,158.85,United Kingdom,3892,3892
17165,158.68,United Kingdom,3893,3893
15160,158.16,United Kingdom,3894,3894
15348,158.04,United Kingdom,3895,3895
15988,158.03,United Kingdom,3896,3896
17556,157.9,United Kingdom,3897,3897
14799,157.7,United Kingdom,3898,3898
14148,157.2,United Kingdom,3899,3899
17128,157.09,United Kingdom,3900,3900
14585,157.05,United Kingdom,3901,3901
17118,157.02,United Kingdom,3902,3902
15007,156.91,United Kingdom,3903,3903
14406,156.75,United Kingdom,3904,3904
15438,156.58,United Kingdom,3905,3905
15263,156.51,United Kingdom,3906,3906
13898,155.93,United Kingdom,3907,3907
17871,155.9,United Kingdom,3908,3908
17899,155.8,United Kingdom,3909,3909
14813,155.43,United Kingdom,3910,3910
17832,155.37,United Kingdom,3911,3911
12738,155.35,Germany,3912,3912
16720,155.24,United Kingdom,3913,3913
15447,155.17,United Kingdom,3914,3914
13809,155.05,Cyprus,3915,3915
14368,155.0,United Kingdom,3916,3916
14046,154.99,United Kingdom,3917,3917
17698,154.95,United Kingdom,3918,3918
15740,154.88,United Kingdom,3919,3919
17026,154.83,United Kingdom,3920,3920
15226,154.41,United Kingdom,3921,3921
17517,153.94,United Kingdom,3922,3922
17286,153.92,United Kingdom,3923,3923
16351,153.9,United Kingdom,3924,3924
12602,153.12,France,3925,3925
17714,153.0,United Kingdom,3926,3926
16248,152.94,United Kingdom,3927,3927
17984,152.68,United Kingdom,3928,3928
18138,152.65,United Kingdom,3929,3929
14066,152.55,United Kingdom,3930,3930
17707,152.4,United Kingdom,3931,3931
13514,152.2,United Kingdom,3932,3932
14039,152.2,United Kingdom,3932,3933
17898,152.06,United Kingdom,3934,3934
16617,151.85,United Kingdom,3935,3935
16412,151.83,United Kingdom,3936,3936
14208,151.74,United Kingdom,3937,3937
13462,151.5,United Kingdom,3938,3938
16461,151.42,United Kingdom,3939,3939
13697,151.3,United Kingdom,3940,3940
16337,151.05,United Kingdom,3941,3941
14073,151.04,United Kingdom,3942,3942
15717,150.3,United Kingdom,3943,3943
17234,149.89,United Kingdom,3944,3944
15869,149.64,United Kingdom,3945,3945
17946,149.58,United Kingdom,3946,3946
18262,149.48,United Kingdom,3947,3947
15748,149.31,United Kingdom,3948,3948
15435,149.29,United Kingdom,3949,3949
13003,149.05,United Kingdom,3950,3950
17549,148.86,United Kingdom,3951,3951
15526,148.44,United Kingdom,3952,3952
17859,148.21,United Kingdom,3953,3953
14968,147.59,United Kingdom,3954,3954
14098,147.35,United Kingdom,3955,3955
14037,147.2,United Kingdom,3956,3956
12864,147.12,United Kingdom,3957,3957
15503,147.09,United Kingdom,3958,3958
17030,146.87,United Kingdom,3959,3959
14238,146.85,United Kingdom,3960,3960
16893,145.93,United Kingdom,3961,3961
12565,145.92,Saudi Arabia,3962,3962
17935,145.79,United Kingdom,3963,3963
13866,145.67,United Kingdom,3964,3964
15937,145.35,United Kingdom,3965,3965
16598,145.05,United Kingdom,3966,3966
17524,145.0,United Kingdom,3967,3967
16852,144.91,United Kingdom,3968,3968
12974,144.8,United Kingdom,3969,3969
14109,144.2,United Kingdom,3970,3970
17186,144.0,United Kingdom,3971,3971
12587,144.0,Finland,3971,3972
17578,143.46,United Kingdom,3973,3973
15705,143.1,United Kingdom,3974,3974
13299,142.5,United Kingdom,3975,3975
16287,142.5,United Kingdom,3975,3976
14386,142.4,United Kingdom,3977,3977
13584,142.4,United Kingdom,3977,3978
13561,141.86,United Kingdom,3979,3979
14041,141.41,United Kingdom,3980,3980
15388,140.54,Canada,3981,3981
13483,140.34,United Kingdom,3982,3982
14494,139.56,United Kingdom,3983,3983
17718,139.35,United Kingdom,3984,3984
16483,139.35,United Kingdom,3984,3985
14772,139.26,United Kingdom,3986,3986
18209,139.1,United Kingdom,3987,3987
15135,139.05,United Kingdom,3988,3988
13273,138.98,United Kingdom,3989,3989
12902,138.68,United Kingdom,3990,3990
14581,138.6,United Kingdom,3991,3991
17122,138.32,United Kingdom,3992,3992
13716,138.28,United Kingdom,3993,3993
15663,138.14,United Kingdom,3994,3994
12512,138.03,Israel,3995,3995
16050,137.9,United Kingdom,3996,3996
13279,137.75,United Kingdom,3997,3997
17709,137.45,United Kingdom,3998,3998
15836,137.37,United Kingdom,3999,3999
14483,137.1,United Kingdom,4000,4000
17468,137.0,United Kingdom,4001,4001
15691,136.8,United Kingdom,4002,4002
14247,136.77,United Kingdom,4003,4003
17972,136.04,United Kingdom,4004,4004
16462,136.0,United Kingdom,4005,4005
12968,135.95,United Kingdom,4006,4006
15042,135.93,United Kingdom,4007,4007
14889,135.9,United Kingdom,4008,4008
15419,135.86,United Kingdom,4009,4009
15174,135.75,United Kingdom,4010,4010
16114,135.75,United Kingdom,4010,4011
16665,135.4,United Kingdom,4012,4012
15276,135.31,United Kingdom,4013,4013
12851,135.18,United Kingdom,4014,4014
13364,134.96,United Kingdom,4015,4015
16055,134.8,United Kingdom,4016,4016
14340,134.7,United Kingdom,4017,4017
15562,134.55,United Kingdom,4018,4018
14174,134.46,United Kingdom,4019,4019
12837,134.1,United Kingdom,4020,4020
14280,134.04,United Kingdom,4021,4021
16424,133.56,United Kingdom,4022,4022
14349,133.5,United Kingdom,4023,4023
12445,133.4,Spain,4024,4024
17881,133.35,United Kingdom,4025,4025
15709,133.25,United Kingdom,4026,4026
17647,133.06,United Kingdom,4027,4027
17785,131.94,United Kingdom,4028,4028
14438,131.9,United Kingdom,4029,4029
17297,131.78,United Kingdom,4030,4030
17455,131.7,United Kingdom,4031,4031
14795,131.45,United Kingdom,4032,4032
15844,130.74,United Kingdom,4033,4033
16679,129.75,United Kingdom,4034,4034
16611,129.49,United Kingdom,4035,4035
16623,129.45,United Kingdom,4036,4036
16828,128.5,United Kingdom,4037,4037
17359,127.86,United Kingdom,4038,4038
15543,127.86,United Kingdom,4038,4039
13781,127.84,United Kingdom,4040,4040
15578,127.1,United Kingdom,4041,4041
15923,127.08,United Kingdom,4042,4042
14962,126.7,United Kingdom,4043,4043
16414,126.25,United Kingdom,4044,4044
15463,126.14,United Kingdom,4045,4045
16988,126.12,United Kingdom,4046,4046
12814,125.92,Poland,4047,4047
13522,125.8,United Kingdom,4048,4048
14861,125.79,United Kingdom,4049,4049
14890,125.65,United Kingdom,4050,4050
15017,125.58,United Kingdom,4051,4051
12531,125.22,Germany,4052,4052
17148,124.88,United Kingdom,4053,4053
16849,124.57,United Kingdom,4054,4054
16569,124.2,United Kingdom,4055,4055
14495,123.8,United Kingdom,4056,4056
16658,123.24,United Kingdom,4057,4057
15917,123.1,United Kingdom,4058,4058
17967,123.07,United Kingdom,4059,4059
13519,122.75,United Kingdom,4060,4060
14413,122.7,United Kingdom,4061,4061
13876,122.7,United Kingdom,4061,4062
13638,122.64,United Kingdom,4063,4063
14165,122.54,United Kingdom,4064,4064
14076,122.47,United Kingdom,4065,4065
16073,122.4,United Kingdom,4066,4066
18018,122.14,United Kingdom,4067,4067
13244,121.74,United Kingdom,4068,4068
13182,121.18,United Kingdom,4069,4069
15049,121.17,United Kingdom,4070,4070
15512,121.0,United Kingdom,4071,4071
13002,120.95,United Kingdom,4072,4072
17446,120.9,United Kingdom,4073,4073
18015,120.03,United Kingdom,4074,4074
14314,120.0,United Kingdom,4075,4075
14259,120.0,United Kingdom,4075,4076
14453,119.93,United Kingdom,4077,4077
16542,119.62,United Kingdom,4078,4078
15266,119.3,United Kingdom,4079,4079
16666,118.98,United Kingdom,4080,4080
15843,118.95,United Kingdom,4081,4081
17079,118.8,United Kingdom,4082,4082
14155,118.75,United Kingdom,4083,4083
13581,118.0,United Kingdom,4084,4084
13193,117.88,United Kingdom,4085,4085
12929,117.85,United Kingdom,4086,4086
17654,117.55,United Kingdom,4087,4087
16959,117.35,United Kingdom,4088,4088
13877,117.24,United Kingdom,4089,4089
17117,116.2,United Kingdom,4090,4090
17601,116.01,United Kingdom,4091,4091
13170,116.01,United Kingdom,4091,4092
14143,115.8,United Kingdom,4093,4093
15350,115.65,United Kingdom,4094,4094
13067,115.46,United Kingdom,4095,4095
18027,115.31,United Kingdom,4096,4096
14972,114.77,United Kingdom,4097,4097
13188,114.6,United Kingdom,4098,4098
16247,114.56,United Kingdom,4099,4099
14632,114.56,United Kingdom,4099,4100
14974,114.39,United Kingdom,4101,4101
17852,114.34,United Kingdom,4102,4102
17219,114.23,United Kingdom,4103,4103
14652,114.18,United Kingdom,4104,4104
12938,114.14,United Kingdom,4105,4105
14582,114.11,United Kingdom,4106,4106
12651,114.0,France,4107,4107
14457,113.64,United Kingdom,4108,4108
15445,113.5,United Kingdom,4109,4109
17217,113.5,United Kingdom,4109,4110
18105,113.48,United Kingdom,4111,4111
16913,113.44,United Kingdom,4112,4112
15280,113.12,United Kingdom,4113,4113
14689,112.8,United Kingdom,4114,4114
13161,112.75,United Kingdom,4115,4115
16697,112.75,United Kingdom,4115,4116
13807,112.6,United Kingdom,4117,4117
18129,112.55,United Kingdom,4118,4118
15610,112.46,United Kingdom,4119,4119
17038,112.4,United Kingdom,4120,4120
14271,112.32,United Kingdom,4121,4121
17893,112.25,United Kingdom,4122,4122
17900,112.2,United Kingdom,4123,4123
12756,112.08,Japan,4124,4124
17274,111.98,United Kingdom,4125,4125
17957,111.68,United Kingdom,4126,4126
17887,111.35,United Kingdom,4127,4127
18120,111.15,United Kingdom,4128,4128
13508,110.97,United Kingdom,4129,4129
13144,110.95,United Kingdom,4130,4130
15537,110.92,United Kingdom,4131,4131
15853,110.8,United Kingdom,4132,4132
17349,110.75,United Kingdom,4133,4133
16963,110.55,United Kingdom,4134,4134
14641,110.46,United Kingdom,4135,4135
12734,110.4,France,4136,4136
18277,110.38,United Kingdom,4137,4137
16792,110.38,United Kingdom,4137,4138
17901,110.38,United Kingdom,4137,4139
17746,110.25,United Kingdom,4140,4140
17836,110.21,United Kingdom,4141,4141
16339,109.95,United Kingdom,4142,4142
13133,109.8,United Kingdom,4143,4143
16363,109.36,United Kingdom,4144,4144
14699,109.13,United Kingdom,4145,4145
14345,108.98,United Kingdom,4146,4146
17639,108.5,United Kingdom,4147,4147
16106,108.38,United Kingdom,4148,4148
13226,108.21,United Kingdom,4149,4149
12956,108.07,United Kingdom,4150,4150
14661,107.95,United Kingdom,4151,4151
16784,107.6,United Kingdom,4152,4152
15395,107.45,United Kingdom,4153,4153
16757,106.83,United Kingdom,4154,4154
15168,106.56,United Kingdom,4155,4155
15070,106.2,United Kingdom,4156,4156
17791,106.1,United Kingdom,4157,4157
16581,105.84,United Kingdom,4158,4158
15775,104.9,United Kingdom,4159,4159
14027,104.82,United Kingdom,4160,4160
15607,104.76,United Kingdom,4161,4161
15958,104.35,United Kingdom,4162,4162
18174,104.0,United Kingdom,4163,4163
18255,103.3,United Kingdom,4164,4164
17548,103.3,United Kingdom,4164,4165
14542,103.25,United Kingdom,4166,4166
17962,102.83,United Kingdom,4167,4167
18011,102.79,United Kingdom,4168,4168
14836,102.45,United Kingdom,4169,4169
14981,102.12,United Kingdom,4170,4170
13948,102.0,United Kingdom,4171,4171
15212,101.8,United Kingdom,4172,4172
16516,101.7,United Kingdom,4173,4173
18068,101.7,United Kingdom,4173,4174
17643,101.55,United Kingdom,4175,4175
16006,101.4,United Kingdom,4176,4176
18086,101.34,United Kingdom,4177,4177
13101,101.19,United Kingdom,4178,4178
16344,101.1,United Kingdom,4179,4179
16498,100.97,United Kingdom,4180,4180
14946,100.9,United Kingdom,4181,4181
17427,100.8,United Kingdom,4182,4182
14371,100.5,United Kingdom,4183,4183
13703,99.5,United Kingdom,4184,4184
17939,99.14,United Kingdom,4185,4185
15256,98.45,United Kingdom,4186,4186
17538,98.42,United Kingdom,4187,4187
17895,98.0,United Kingdom,4188,4188
18033,97.97,United Kingdom,4189,4189
15422,97.7,United Kingdom,4190,4190
12984,97.5,United Kingdom,4191,4191
17325,96.8,United Kingdom,4192,4192
15216,96.6,United Kingdom,4193,4193
14642,96.12,United Kingdom,4194,4194
17024,95.85,United Kingdom,4195,4195
18249,95.34,United Kingdom,4196,4196
12548,95.2,Spain,4197,4197
16387,94.36,United Kingdom,4198,4198
13651,94.2,United Kingdom,4199,4199
15397,94.0,United Kingdom,4200,4200
15428,93.78,United Kingdom,4201,4201
18227,93.75,United Kingdom,4202,4202
13283,93.66,United Kingdom,4203,4203
17991,93.35,United Kingdom,4204,4204
12821,92.72,United Kingdom,4205,4205
14054,92.46,United Kingdom,4206,4206
12789,91.85,Netherlands,4207,4207
13160,91.8,United Kingdom,4208,4208
13551,91.8,United Kingdom,4208,4209
12659,91.68,France,4210,4210
15488,91.32,United Kingdom,4211,4211
14353,90.6,United Kingdom,4212,4212
13947,90.6,United Kingdom,4212,4213
18084,90.48,United Kingdom,4214,4214
16506,90.3,United Kingdom,4215,4215
15552,90.12,United Kingdom,4216,4216
16597,90.04,United Kingdom,4217,4217
14117,90.0,United Kingdom,4218,4218
14219,89.94,United Kingdom,4219,4219
14760,89.2,United Kingdom,4220,4220
12686,89.14,France,4221,4221
14436,89.06,United Kingdom,4222,4222
12353,89.0,Bahrain,4223,4223
15083,88.2,United Kingdom,4224,4224
15180,87.5,United Kingdom,4225,4225
13296,87.4,United Kingdom,4226,4226
15541,85.13,United Kingdom,4227,4227
13841,85.0,United Kingdom,4228,4228
15729,85.0,United Kingdom,4228,4229
13666,84.65,United Kingdom,4230,4230
12401,84.3,Belgium,4231,4231
17309,82.75,United Kingdom,4232,4232
13006,81.57,United Kingdom,4233,4233
17620,81.44,United Kingdom,4234,4234
18281,80.82,United Kingdom,4235,4235
16789,80.8,United Kingdom,4236,4236
13967,80.7,United Kingdom,4237,4237
17752,80.64,United Kingdom,4238,4238
13747,79.6,United Kingdom,4239,4239
15753,79.2,United Kingdom,4240,4240
16078,79.2,United Kingdom,4240,4241
17942,77.5,United Kingdom,4242,4242
14785,77.4,United Kingdom,4243,4243
13132,77.3,United Kingdom,4244,4244
13992,76.8,United Kingdom,4245,4245
14373,76.55,United Kingdom,4246,4246
13106,76.5,United Kingdom,4247,4247
17536,76.5,United Kingdom,4247,4248
18113,76.32,United Kingdom,4249,4249
14090,76.32,United Kingdom,4249,4250
16148,76.32,United Kingdom,4249,4251
15668,76.32,United Kingdom,4249,4252
17995,76.1,United Kingdom,4253,4253
17628,75.75,United Kingdom,4254,4254
16610,75.66,United Kingdom,4255,4255
13403,75.0,United Kingdom,4256,4256
16468,74.9,United Kingdom,4257,4257
18050,74.4,United Kingdom,4258,4258
13095,74.4,United Kingdom,4258,4259
17960,73.78,United Kingdom,4260,4260
18032,73.5,United Kingdom,4261,4261
12506,73.5,France,4261,4262
16171,73.2,United Kingdom,4263,4263
17906,72.9,United Kingdom,4264,4264
13686,72.0,United Kingdom,4265,4265
13938,71.66,United Kingdom,4266,4266
17747,71.4,United Kingdom,4267,4267
13185,71.4,United Kingdom,4267,4268
17022,71.0,United Kingdom,4269,4269
18037,70.02,United Kingdom,4270,4270
15863,68.84,United Kingdom,4271,4271
14393,67.95,United Kingdom,4272,4272
13684,67.23,United Kingdom,4273,4273
17382,65.4,United Kingdom,4274,4274
13130,64.0,United Kingdom,4275,4275
13302,63.75,United Kingdom,4276,4276
17263,63.44,United Kingdom,4277,4277
14437,63.0,United Kingdom,4278,4278
12665,63.0,Germany,4278,4279
14840,62.85,United Kingdom,4280,4280
13218,62.64,United Kingdom,4281,4281
15516,62.43,United Kingdom,4282,4282
13194,60.7,United Kingdom,4283,4283
17174,59.9,United Kingdom,4284,4284
13391,59.8,United Kingdom,4285,4285
13682,59.5,United Kingdom,4286,4286
14957,58.49,United Kingdom,4287,4287
13080,58.08,United Kingdom,4288,4288
17775,56.4,United Kingdom,4289,4289
15899,56.25,United Kingdom,4290,4290
13366,56.16,United Kingdom,4291,4291
16349,53.5,United Kingdom,4292,4292
15504,52.83,United Kingdom,4293,4293
13832,52.2,United Kingdom,4294,4294
14865,52.2,United Kingdom,4294,4295
14682,52.0,United Kingdom,4296,4296
15313,52.0,United Kingdom,4296,4297
17844,51.56,Canada,4298,4298
14351,51.0,United Kingdom,4299,4299
13011,50.55,United Kingdom,4300,4300
18184,49.8,United Kingdom,4301,4301
14821,48.8,United Kingdom,4302,4302
15603,48.48,United Kingdom,4303,4303
16257,46.95,United Kingdom,4304,4304
14080,45.6,United Kingdom,4305,4305
15423,43.5,United Kingdom,4306,4306
14300,43.2,United Kingdom,4307,4307
15992,41.99,United Kingdom,4308,4308
15178,40.5,United Kingdom,4309,4309
14589,39.75,United Kingdom,4310,4310
12977,39.24,United Kingdom,4311,4311
16659,39.12,United Kingdom,4312,4312
18019,38.45,United Kingdom,4313,4313
12855,38.1,United Kingdom,4314,4314
16162,37.4,United Kingdom,4315,4315
17816,36.56,United Kingdom,4316,4316
15940,35.8,United Kingdom,4317,4317
14576,35.4,United Kingdom,4318,4318
16856,35.4,United Kingdom,4318,4319
17831,35.4,United Kingdom,4318,4320
15744,34.8,United Kingdom,4321,4321
16765,34.0,United Kingdom,4322,4322
17408,32.65,United Kingdom,4323,4323
13120,30.6,United Kingdom,4324,4324
15657,30.0,United Kingdom,4325,4325
18268,25.5,United Kingdom,4326,4326
17102,25.5,United Kingdom,4326,4327
17986,20.8,United Kingdom,4328,4328
16953,20.8,United Kingdom,4328,4329
16093,17.0,United Kingdom,4330,4330
15823,15.0,United Kingdom,4331,4331
13307,15.0,United Kingdom,4331,4332
17763,15.0,United Kingdom,4331,4333
16878,13.3,United Kingdom,4334,4334
17956,12.75,United Kingdom,4335,4335
16454,6.9,United Kingdom,4336,4336
14792,6.2,United Kingdom,4337,4337
16738,3.75,United Kingdom,4338,4338
13256,0.0,United Kingdom,4339,4339
