StockCode,Description,total_cantidad,rank,row_number
23843,"PAPER CRAFT , LITTLE BIRDIE",80995,1,1
23166,MEDIUM CERAMIC TOP STORAGE JAR,77916,2,2
84077,WORLD WAR 2 GLIDERS ASSTD DESIGNS,54415,3,3
85099B,JUMBO BAG RED RETROSPOT,46181,4,4
85123A,WHITE HANGING HEART T-LIGHT HOLDER,36725,5,5
84879,ASSORTED COLOUR BIRD ORNAMENT,35362,6,6
21212,PACK OF 72 RETROSPOT CAKE CASES,33693,7,7
22197,POPCORN HOLDER,30931,8,8
23084,RABBIT NIGHT LIGHT,27202,9,9
22492,MINI PAINT SET VINTAGE,26076,10,10
22616,PACK OF 12 LONDON TISSUES,25345,11,11
21977,PACK OF 60 PINK PAISLEY CAKE CASES,24264,12,12
17003,BROCADE RING PURSE,22963,13,13
22178,VICTORIAN GLASS HANGING T-LIGHT,22433,14,14
15036,ASSORTED COLOURS SILK FAN,21876,15,15
21915,RED  HARMONICA IN BOX,20975,16,16
22386,JUMBO BAG PINK POLKADOT,20165,17,17
22197,SMALL POPCORN HOLDER,18252,18,18
20725,LUNCH BAG RED RETROSPOT,17697,19,19
84991,60 TEATIME FAIRY CAKE CASES,17689,20,20
85099F,JUMBO BAG STRAWBERRY,16807,21,21
22469,HEART OF WICKER SMALL,16775,22,22
22693,GROW A FLYTRAP OR SUNFLOWER IN TIN,15940,23,23
22086,PAPER CHAIN KIT 50'S CHRISTMAS,15617,24,24
84755,COLOUR GLASS T-LIGHT HOLDER HANGING,15611,25,25
47566,PARTY BUNTING,15295,26,26
22961,JAM MAKING SET PRINTED,15055,27,27
22151,PLACE SETTING WHITE HEART,14877,28,28
22952,60 CAKE CASES VINTAGE CHRISTMAS,14735,29,29
21213,PACK OF 72 SKULL CAKE CASES,14309,30,30
22629,SPACEBOY LUNCH BOX,13919,31,31
23199,JUMBO BAG APPLES,13887,32,32
84826,ASSTD DESIGN 3D PAPER STICKERS,13702,33,33
21790,VINTAGE SNAP CARDS,13336,34,34
16014,SMALL CHINESE STYLE SCISSOR,13328,35,35
84992,72 SWEETHEART FAIRY CAKE CASES,13070,36,36
84946,ANTIQUE SILVER T-LIGHT GLASS,12973,37,37
21731,RED TOADSTOOL LED NIGHT LIGHT,12871,38,38
20724,RED RETROSPOT CHARLOTTE BAG,12809,39,39
85099C,JUMBO  BAG BAROQUE BLACK WHITE,12793,40,40
20668,DISCO BALL CHRISTMAS DECORATION,12714,41,41
23201,JUMBO BAG ALPHABET,12540,42,42
84568,GIRLS ALPHABET IRON ON PATCHES,12480,43,43
22423,REGENCY CAKESTAND 3 TIER,12412,44,44
21080,SET/20 RED RETROSPOT PAPER NAPKINS,12313,45,45
21975,PACK OF 60 DINOSAUR CAKE CASES,12134,46,46
22969,HOMEMADE JAM SCENTED CANDLES,12092,47,47
21181,PLEASE ONE PERSON METAL SIGN,11963,48,48
23310,BUBBLEGUM RING ASSORTED,11891,49,49
22993,SET OF 4 PANTRY JELLY MOULDS,11792,50,50
22998,TRAVEL CARD WALLET KEEP CALM,11769,51,51
23307,SET OF 60 PANTRY DESIGN CAKE CASES,11675,52,52
23206,LUNCH BAG APPLE DESIGN,11565,53,53
21175,GIN + TONIC DIET METAL SIGN,11519,54,54
21931,JUMBO STORAGE BAG SUKI,11516,55,55
21137,BLACK RECORD COVER FRAME,11406,56,56
22630,DOLLY GIRL LUNCH BOX,11336,57,57
20727,LUNCH BAG  BLACK SKULL.,11291,58,58
22659,LUNCH BOX I LOVE LONDON,11094,59,59
84978,HANGING HEART JAR T-LIGHT HOLDER,10980,60,60
20728,LUNCH BAG CARS BLUE,10820,61,61
23202,JUMBO BAG VINTAGE LEAF,10716,62,62
23203,JUMBO BAG VINTAGE DOILY,10636,63,63
21498,RED RETROSPOT WRAP,10547,64,64
71459,HANGING JAM JAR T-LIGHT HOLDER,10528,65,65
22411,JUMBO SHOPPER VINTAGE RED PAISLEY,10518,66,66
20713,JUMBO BAG OWLS,10466,67,67
84212,"ASSORTED FLOWER COLOUR \"LEIS\"",10297,68,68
84945,MULTI COLOUR SILVER T-LIGHT HOLDER,10279,69,69
22384,LUNCH BAG PINK POLKADOT,10254,70,70
20971,PINK BLUE FELT CRAFT TRINKET BOX,10225,71,71
21166,COOK WITH WINE METAL SIGN,10209,72,72
21326,AGED GLASS SILVER T-LIGHT HOLDER,10088,73,73
21108,FAIRY CAKE FLANNEL ASSORTED COLOUR,10082,74,74
22382,LUNCH BAG SPACEBOY DESIGN,9912,75,75
21929,JUMBO BAG PINK VINTAGE PAISLEY,9889,76,76
22577,WOODEN HEART CHRISTMAS SCANDINAVIAN,9784,77,77
23077,DOUGHNUT LIP GLOSS,9662,78,78
79321,CHILLI LIGHTS,9650,79,79
22578,WOODEN STAR CHRISTMAS SCANDINAVIAN,9630,80,80
22383,LUNCH BAG SUKI DESIGN,9601,81,81
22470,HEART OF WICKER LARGE,9591,82,82
22910,PAPER CHAIN KIT VINTAGE CHRISTMAS,9433,83,83
21232,STRAWBERRY CERAMIC TRINKET BOX,9328,84,84
22489,PACK OF 12 TRADITIONAL CRAYONS,9314,85,85
21703,BAG 125g SWIRLY MARBLES,9272,86,86
20719,WOODLAND CHARLOTTE BAG,9237,87,87
22610,PENS ASSORTED FUNNY FACE,9146,88,88
22699,ROSES REGENCY TEACUP AND SAUCER,9132,89,89
20726,LUNCH BAG WOODLAND,9115,90,90
22355,CHARLOTTE BAG SUKI DESIGN,8975,91,91
23344,JUMBO BAG 50'S CHRISTMAS,8954,92,92
16045,POPART WOODEN PENCILS ASST,8900,93,93
22988,SOLDIERS EGG CUP,8821,94,94
21787,RAIN PONCHO RETROSPOT,8755,95,95
23203,JUMBO BAG DOILEY PATTERNS,8737,96,96
22077,6 RIBBONS RUSTIC CHARM,8605,97,97
21497,FANCY FONTS BIRTHDAY WRAP,8600,98,98
21985,PACK OF 12 HEARTS DESIGN TISSUES,8569,99,99
22457,NATURAL SLATE HEART CHALKBOARD,8480,100,100
84970S,HANGING HEART ZINC T-LIGHT HOLDER,8470,101,101
22558,CLOTHES PEGS RETROSPOT PACK 24,8418,102,102
22741,FUNKY DIVA PEN,8328,103,103
82482,WOODEN PICTURE FRAME WHITE FINISH,8276,104,104
84947,ANTIQUE SILVER TEA GLASS ENGRAVED,8273,105,105
22385,JUMBO BAG SPACEBOY DESIGN,8248,106,106
23293,SET OF 12 FAIRY CAKE BAKING CASES,8243,107,107
22189,CREAM HEART CARD HOLDER,8195,108,108
20712,JUMBO BAG WOODLAND ANIMALS,8187,109,109
85152,HAND OVER THE CHOCOLATE   SIGN,8164,110,110
22960,JAM MAKING SET WITH JARS,8162,111,111
22909,SET OF 20 VINTAGE CHRISTMAS NAPKINS,8122,112,112
22865,HAND WARMER OWL DESIGN,8115,113,113
22417,PACK OF 60 SPACEBOY CAKE CASES,8103,114,114
22326,ROUND SNACK BOXES SET OF4 WOODLAND,8100,115,115
22560,TRADITIONAL MODELLING CLAY,8014,116,116
23230,WRAP ALPHABET DESIGN,7950,117,117
23076,ICE CREAM SUNDAE LIP GLOSS,7920,118,118
21891,TRADITIONAL WOODEN SKIPPING ROPE,7919,119,119
84347,ROTATING SILVER ANGELS T-LIGHT HLDR,7907,120,120
22029,SPACEBOY BIRTHDAY CARD,7858,121,121
21733,RED HANGING HEART T-LIGHT HOLDER,7759,122,122
21928,JUMBO BAG SCANDINAVIAN BLUE PAISLEY,7757,123,123
23301,GARDENERS KNEELING PAD KEEP CALM,7740,124,124
23309,SET OF 60 I LOVE LONDON CAKE CASES,7727,125,125
22467,GUMBALL COAT RACK,7688,126,126
22551,PLASTERS IN TIN SPACEBOY,7664,127,127
23298,SPOTTY BUNTING,7639,128,128
23207,LUNCH BAG ALPHABET DESIGN,7554,129,129
21914,BLUE HARMONICA IN BOX,7434,130,130
22666,RECIPE BOX PANTRY YELLOW DESIGN,7373,131,131
21094,SET/6 RED SPOTTY PAPER PLATES,7351,132,132
21982,PACK OF 12 SUKI TISSUES,7346,133,133
22791,T-LIGHT GLASS FLUTED ANTIQUE,7336,134,134
22554,PLASTERS IN TIN WOODLAND ANIMALS,7307,135,135
22356,CHARLOTTE BAG PINK POLKADOT,7306,136,136
22951,60 CAKE CASES DOLLY GIRL DESIGN,7247,137,137
16161P,WRAP ENGLISH ROSE,7226,138,138
22727,ALARM CLOCK BAKELIKE RED,7221,139,139
22966,GINGERBREAD MAN COOKIE CUTTER,7204,140,140
M,Manual,7179,141,141
21791,VINTAGE HEADS AND TAILS CARD GAME,7143,142,142
20972,PINK CREAM FELT CRAFT TRINKET BOX,7131,143,143
23204,CHARLOTTE BAG APPLES DESIGN,7039,144,144
22720,SET OF 3 CAKE TINS PANTRY DESIGN,7020,145,145
21918,SET 12 KIDS COLOUR  CHALK STICKS,7013,146,146
21499,BLUE POLKADOT WRAP,6925,147,147
22090,PAPER BUNTING RETROSPOT,6903,148,148
20723,STRAWBERRY CHARLOTTE BAG,6847,149,149
75049L,LARGE CIRCULAR MIRROR MOBILE,6821,150,150
84692,BOX OF 24 COCKTAIL PARASOLS,6808,151,151
20974,12 PENCILS SMALL TUBE SKULL,6734,152,152
23200,JUMBO BAG PEARS,6733,153,153
22740,POLKADOT PEN,6625,154,154
23078,ICE CREAM PEN LIP GLOSS,6607,155,155
21086,SET/6 RED SPOTTY PAPER CUPS,6589,156,156
23170,REGENCY TEA PLATE ROSES,6575,157,157
22662,LUNCH BAG DOLLY GIRL DESIGN,6545,158,158
21980,PACK OF 12 RED RETROSPOT TISSUES,6523,159,159
21121,SET/10 RED POLKADOT PARTY CANDLES,6502,160,160
22045,SPACEBOY GIFT WRAP,6502,160,161
23209,LUNCH BAG DOILEY PATTERN,6482,162,162
22328,ROUND SNACK BOXES SET OF 4 FRUITS,6481,163,163
21829,DINOSAUR KEYRINGS ASSORTED,6462,164,164
22065,CHRISTMAS PUDDING TRINKET POT,6452,165,165
23209,LUNCH BAG VINTAGE DOILY,6452,165,166
22697,GREEN REGENCY TEACUP AND SAUCER,6430,167,167
15034,PAPER POCKET TRAVELING FAN,6419,168,168
82583,HOT BATHS METAL SIGN,6415,169,169
20975,12 PENCILS SMALL TUBE RED RETROSPOT,6400,170,170
21500,PINK POLKADOT WRAP,6350,171,171
23300,GARDENERS KNEELING PAD CUP OF TEA,6303,172,172
82494L,WOODEN FRAME ANTIQUE WHITE,6282,173,173
22418,10 COLOUR SPACEBOY PEN,6267,174,174
23208,LUNCH BAG VINTAGE LEAF DESIGN,6225,175,175
22147,FELTCRAFT BUTTERFLY HEARTS,6127,176,176
22866,HAND WARMER SCOTTY DOG DESIGN,6118,177,177
22907,PACK OF 20 NAPKINS PANTRY DESIGN,6102,178,178
22379,RECYCLING BAG RETROSPOT,6088,179,179
22585,PACK OF 6 BIRDY GIFT TAGS,6062,180,180
84378,SET OF 3 HEART COOKIE CUTTERS,6019,181,181
22867,HAND WARMER BIRD DESIGN,6001,182,182
23308,SET OF 60 VINTAGE LEAF CAKE CASES,5967,183,183
23171,REGENCY TEA PLATE GREEN,5966,184,184
22595,GINGHAM HEART DECORATION,5964,185,185
23295,SET OF 12 MINI LOAF BAKING CASES,5963,186,186
22556,PLASTERS IN TIN CIRCUS PARADE,5952,187,187
82484,WOOD BLACK BOARD ANT WHITE FINISH,5921,188,188
22440,BALLOON WATER BOMB PACK OF 35,5897,189,189
22621,TRADITIONAL KNITTING NANCY,5895,190,190
22149,FELTCRAFT 6 FLOWER FRIENDS,5890,191,191
22555,PLASTERS IN TIN STRONGMAN,5885,192,192
20914,SET/5 RED RETROSPOT LID GLASS BOWLS,5882,193,193
18007,ESSENTIAL BALM 3.5g TIN IN ENVELOPE,5856,194,194
23245,SET OF 3 REGENCY CAKE TINS,5856,194,195
72741,GRAND CHOCOLATECANDLE,5801,196,196
21495,SKULLS AND CROSSBONES WRAP,5800,197,197
16156S,WRAP PINK FAIRY CAKES,5800,197,198
21889,WOODEN BOX OF DOMINOES,5778,199,199
21231,SWEETHEART CERAMIC TRINKET BOX,5757,200,200
84836,ZINC METAL HEART DECORATION,5757,200,201
22771,CLEAR DRAWER KNOB ACRYLIC EDWARDIAN,5753,202,202
21930,JUMBO STORAGE BAG SKULLS,5706,203,203
84970L,SINGLE HEART ZINC T-LIGHT HOLDER,5700,204,204
22561,WOODEN SCHOOL COLOURING SET,5695,205,205
21210,SET OF 72 RETROSPOT PAPER  DOILIES,5680,206,206
23167,SMALL CERAMIC TOP STORAGE JAR,5666,207,207
71477,COLOUR GLASS. STAR T-LIGHT HOLDER,5655,208,208
22726,ALARM CLOCK BAKELIKE GREEN,5641,209,209
22609,PENS ASSORTED SPACEBALL,5636,210,210
40016,CHINESE DRAGON PAPER LANTERNS,5524,211,211
82580,BATHROOM METAL SIGN,5505,212,212
22294,HEART FILIGREE DOVE  SMALL,5439,213,213
22722,SET OF 6 SPICE TINS PANTRY DESIGN,5372,214,214
22030,SWALLOWS GREETING CARD,5361,215,215
21877,HOME SWEET HOME MUG,5347,216,216
22698,PINK REGENCY TEACUP AND SAUCER,5343,217,217
23284,DOORMAT KEEP CALM AND COME IN,5342,218,218
23355,HOT WATER BOTTLE KEEP CALM,5338,219,219
23232,WRAP VINTAGE LEAF DESIGN,5326,220,220
21810,CHRISTMAS HANGING STAR WITH BELL,5305,221,221
21981,PACK OF 12 WOODLAND TISSUES,5295,222,222
84380,SET OF 3 BUTTERFLY COOKIE CUTTERS,5293,223,223
22704,WRAP RED APPLES,5275,224,224
21871,SAVE THE PLANET MUG,5265,225,225
21122,SET/10 PINK POLKADOT PARTY CANDLES,5257,226,226
85175,CACTI T-LIGHT CANDLES,5217,227,227
22759,SET OF 3 NOTEBOOKS IN PARCEL,5207,228,228
23233,WRAP POPPIES  DESIGN,5175,229,229
21967,PACK OF 12 SKULL TISSUES,5166,230,230
22112,CHOCOLATE HOT WATER BOTTLE,5160,231,231
22950,36 DOILIES VINTAGE CHRISTMAS,5153,232,232
22661,CHARLOTTE BAG DOLLY GIRL DESIGN,5085,233,233
22728,ALARM CLOCK BAKELIKE PINK,5074,234,234
22983,CARD BILLBOARD FONT,5038,235,235
21668,RED STRIPE CERAMIC DRAWER KNOB,5035,236,236
21704,BAG 250g SWIRLY MARBLES,5004,237,237
21669,BLUE STRIPE CERAMIC DRAWER KNOB,4969,238,238
21976,PACK OF 60 MUSHROOM CAKE CASES,4967,239,239
22608,PENS ASSORTED FUNKY JEWELED,4933,240,240
22992,REVOLVER WOODEN RULER,4917,241,241
23343,JUMBO BAG VINTAGE CHRISTMAS,4908,242,242
23286,BLUE VINTAGE SPOT BEAKER,4901,243,243
23144,ZINC T-LIGHT HOLDER STARS SMALL,4894,244,244
22084,PAPER CHAIN KIT EMPIRE,4893,245,245
23296,SET OF 6 TEA TIME BAKING CASES,4879,246,246
22959,WRAP CHRISTMAS VILLAGE,4876,247,247
22652,TRAVEL SEWING KIT,4864,248,248
22188,BLACK HEART CARD HOLDER,4844,249,249
22579,WOODEN TREE CHRISTMAS SCANDINAVIAN,4808,250,250
22138,BAKING SET 9 PIECE RETROSPOT,4797,251,251
23205,CHARLOTTE BAG VINTAGE ALPHABET,4752,252,252
22633,HAND WARMER UNION JACK,4746,253,253
21506,"FANCY FONT BIRTHDAY CARD,",4740,254,254
22536,MAGIC DRAWING SLATE PURDEY,4721,255,255
23285,PINK VINTAGE SPOT BEAKER,4679,256,256
23231,WRAP DOILEY DESIGN,4675,257,257
84949,SILVER HANGING T-LIGHT HOLDER,4665,258,258
23243,SET OF TEA COFFEE SUGAR TINS PANTRY,4663,259,259
35970,ZINC FOLKART SLEIGH BELLS,4647,260,260
82600,NO SINGING METAL SIGN,4636,261,261
22834,HAND WARMER BABUSHKA DESIGN,4633,262,262
16237,SLEEPING CAT ERASERS,4598,263,263
22557,PLASTERS IN TIN VINTAGE PAISLEY,4573,264,264
21672,WHITE SPOT RED CERAMIC DRAWER KNOB,4564,265,265
16169E,WRAP 50'S  CHRISTMAS,4563,266,266
22996,TRAVEL CARD WALLET VINTAGE TICKET,4552,267,267
23288,GREEN VINTAGE SPOT BEAKER,4505,268,268
22620,4 TRADITIONAL SPINNING TOPS,4491,269,269
84596B,SMALL DOLLY MIX DESIGN ORANGE BOWL,4491,269,270
21136,PAINTED METAL PEARS ASSORTED,4476,271,271
22273,FELTCRAFT DOLL MOLLY,4469,272,272
23582,VINTAGE DOILY JUMBO BAG RED,4447,273,273
22710,WRAP I LOVE LONDON,4425,274,274
22544,MINI JIGSAW SPACEBOY,4414,275,275
62018,SOMBRERO,4402,276,276
23005,TRAVEL CARD WALLET I LOVE LONDON,4396,277,277
22333,RETROSPOT PARTY BAG + STICKER SET,4391,278,278
23581,JUMBO BAG PAISLEY PARK,4373,279,279
20992,JAZZ HEARTS PURSE NOTEBOOK,4365,280,280
21916,SET 12 RETRO WHITE CHALK STICKS,4363,281,281
20676,RED RETROSPOT BOWL,4363,281,282
22534,MAGIC DRAWING SLATE SPACEBOY,4331,283,283
22712,CARD DOLLY GIRL,4319,284,284
22083,PAPER CHAIN KIT RETROSPOT,4307,285,285
23294,SET OF 6 SNACK LOAF BAKING CASES,4292,286,286
82582,AREA PATROLLED METAL SIGN,4290,287,287
23321,SMALL WHITE HEART OF WICKER,4283,288,288
21169,YOU'RE CONFUSING ME METAL SIGN,4281,289,289
22632,HAND WARMER RED RETROSPOT,4274,290,290
20718,RED RETROSPOT SHOPPER BAG,4264,291,291
23297,SET 40 HEART SHAPE PETIT FOUR CASES,4260,292,292
22111,SCOTTIE DOG HOT WATER BOTTLE,4259,293,293
22139,RETROSPOT TEA SET CERAMIC 11 PC,4248,294,294
22970,LONDON BUS COFFEE MUG,4246,295,295
22053,EMPIRE DESIGN ROSETTE,4236,296,296
22908,PACK OF 20 NAPKINS RED APPLES,4234,297,297
20711,JUMBO BAG TOYS,4198,298,298
22338,STAR DECORATION PAINTED ZINC,4179,299,299
22027,TEA PARTY BIRTHDAY CARD,4165,300,300
84375,SET OF 20 KIDS COOKIE CUTTERS,4149,301,301
22161,HEART DECORATION RUSTIC HANGING,4143,302,302
21811,HANGING HEART WITH BELL,4113,303,303
21917,SET 12 KIDS  WHITE CHALK STICKS,4095,304,304
21671,RED SPOT CERAMIC DRAWER KNOB,4080,305,305
16161U,WRAP SUKI AND FRIENDS,4075,306,306
22553,PLASTERS IN TIN SKULLS,4060,307,307
17084R,ASSORTED INCENSE PACK,4032,308,308
21165,BEWARE OF THE CAT METAL SIGN,4027,309,309
20973,12 PENCIL SMALL TUBE WOODLAND,4007,310,310
21670,BLUE SPOT CERAMIC DRAWER KNOB,4004,311,311
21673,WHITE SPOT BLUE CERAMIC DRAWER KNOB,3994,312,312
21986,PACK OF 12 PINK POLKADOT TISSUES,3985,313,313
21124,SET/10 BLUE POLKADOT PARTY CANDLES,3970,314,314
84988,SET OF 72 PINK HEART PAPER DOILIES,3954,315,315
22646,CERAMIC STRAWBERRY CAKE MONEY BANK,3927,316,316
21174,POTTERING IN THE SHED METAL SIGN,3926,317,317
22979,PANTRY WASHING UP BRUSH,3920,318,318
22491,PACK OF 12 COLOURED PENCILS,3910,319,319
20685,DOORMAT RED RETROSPOT,3901,320,320
85150,LADIES & GENTLEMEN METAL SIGN,3899,321,321
22348,TEA BAG PLATE RED RETROSPOT,3863,322,322
22297,HEART IVORY TRELLIS SMALL,3863,322,323
15056N,EDWARDIAN PARASOL NATURAL,3826,324,324
21394,RED POLKADOT BEAKER,3822,325,325
22041,"RECORD FRAME 7\" SINGLE SIZE",3812,326,326
20984,12 PENCILS TALL TUBE POSY,3809,327,327
79000,MOROCCAN TEA GLASS,3808,328,328
22037,ROBOT BIRTHDAY CARD,3795,329,329
21390,FILIGRIS HEART WITH BUTTERFLY,3781,330,330
22087,PAPER BUNTING WHITE LACE,3779,331,331
23439,HAND WARMER RED LOVE HEART,3762,332,332
16218,CARTOON  PENCIL SHARPENERS,3760,333,333
21936,RED RETROSPOT PICNIC BAG,3758,334,334
82581,TOILET METAL SIGN,3749,335,335
23263,SET OF 3 WOODEN HEART DECORATIONS,3747,336,336
22114,HOT WATER BOTTLE TEA AND SYMPATHY,3736,337,337
23353,6 GIFT TAGS VINTAGE CHRISTMAS,3735,338,338
48187,DOORMAT NEW ENGLAND,3721,339,339
21559,STRAWBERRY LUNCH BOX WITH CUTLERY,3716,340,340
22991,GIRAFFE WOODEN RULER,3710,341,341
84029E,RED WOOLLY HOTTIE WHITE HEART.,3707,342,342
22413,METAL SIGN TAKE IT OR LEAVE IT,3690,343,343
23172,REGENCY TEA PLATE PINK,3688,344,344
23103,JINGLE BELL HEART DECORATION,3687,345,345
22962,JAM JAR WITH PINK LID,3681,346,346
21314,SMALL GLASS HEART TRINKET POT,3670,347,347
23318,BOX OF 6 MINI VINTAGE CRACKERS,3647,348,348
23275,SET OF 3 HANGING OWLS OLLIE BEAK,3642,349,349
21908,CHOCOLATE THIS WAY METAL SIGN,3635,350,350
48138,DOORMAT UNION FLAG,3625,351,351
51014A,"FEATHER PEN,HOT PINK",3621,352,352
21509,COWBOYS AND INDIANS BIRTHDAY CARD,3581,353,353
21385,IVORY HANGING DECORATION  HEART,3564,354,354
21876,POTTERING MUG,3548,355,355
23215,JINGLE BELL HEART ANTIQUE SILVER,3547,356,356
22367,CHILDRENS APRON SPACEBOY DESIGN,3543,357,357
23319,BOX OF 6 MINI 50'S CRACKERS,3539,358,358
22154,ANGEL DECORATION 3 BUTTONS,3532,359,359
84997D,CHILDRENS CUTLERY POLKADOT PINK,3530,360,360
20979,36 PENCILS TUBE RED RETROSPOT,3523,361,361
23493,VINTAGE DOILY TRAVEL SEWING KIT,3522,362,362
21238,RED RETROSPOT CUP,3519,363,363
22530,MAGIC DRAWING SLATE DOLLY GIRL,3514,364,364
84946,ANTIQUE SILVER TEA GLASS ETCHED,3500,365,365
22144,CHRISTMAS CRAFT LITTLE FRIENDS,3468,366,366
22816,CARD MOTORBIKE SANTA,3438,367,367
23503,PLAYING CARDS KEEP CALM & CARRY ON,3435,368,368
48185,DOORMAT FAIRY CAKE,3429,369,369
23378,PACK OF 12 50'S CHRISTMAS TISSUES,3419,370,370
23182,TOILET SIGN OCCUPIED OR VACANT,3414,371,371
22047,EMPIRE GIFT WRAP,3400,372,372
16259,PIECE OF CAMO STATIONERY SET,3380,373,373
22631,CIRCUS PARADE LUNCH BOX,3375,374,374
22219,LOVEBIRD HANGING DECORATION WHITE,3372,375,375
23326,HANGING MINI COLOURED BOTTLES,3370,376,376
22714,CARD BIRTHDAY COWBOY,3367,377,377
84950,ASSORTED COLOUR T-LIGHT HOLDER,3361,378,378
23354,6 GIFT TAGS 50'S CHRISTMAS,3346,379,379
22772,PINK DRAWER KNOB ACRYLIC EDWARDIAN,3345,380,380
21485,RETROSPOT HEART HOT WATER BOTTLE,3335,381,381
21172,PARTY METAL SIGN,3335,381,382
22920,HERB MARKER BASIL,3329,383,383
72232,FENG SHUI PILLAR CANDLE,3317,384,384
16216,LETTER SHAPE PENCIL SHARPENER,3316,385,385
23583,LUNCH BAG PAISLEY PARK,3315,386,386
22713,CARD I LOVE LONDON,3309,387,387
21984,PACK OF 12 PINK PAISLEY TISSUES,3309,387,388
84596F,SMALL MARSHMALLOWS PINK BOWL,3301,389,389
23232,WRAP VINTAGE PETALS  DESIGN,3300,390,390
22531,MAGIC DRAWING SLATE CIRCUS PARADE,3293,391,391
22596,CHRISTMAS STAR WISH LIST CHALKBOARD,3290,392,392
23192,BUNDLE OF 3 ALPHABET EXERCISE BOOKS,3286,393,393
22568,FELTCRAFT CUSHION OWL,3284,394,394
23546,WRAP PAISLEY PARK,3275,395,395
48194,DOORMAT HEARTS,3271,396,396
21623,VINTAGE UNION JACK MEMOBOARD,3255,397,397
21519,GIN & TONIC DIET GREETING CARD,3217,398,398
22766,PHOTO FRAME CORNICE,3206,399,399
22464,HANGING METAL HEART LANTERN,3204,400,400
21154,RED RETROSPOT OVEN GLOVE,3187,401,401
21098,CHRISTMAS TOILET ROLL,3176,402,402
22381,TOY TIDY PINK POLKADOT,3169,403,403
22818,CARD CHRISTMAS VILLAGE,3162,404,404
20677,PINK POLKADOT BOWL,3159,405,405
22113,GREY HEART HOT WATER BOTTLE,3156,406,406
21240,BLUE POLKADOT CUP,3156,406,407
47591D,PINK FAIRY CAKE CHILDRENS APRON,3144,408,408
84050,PINK HEART SHAPE EGG FRYING PAN,3139,409,409
POST,POSTAGE,3120,410,410
22663,JUMBO BAG DOLLY GIRL DESIGN,3097,411,411
22716,CARD CIRCUS PARADE,3088,412,412
21523,DOORMAT FANCY FONT HOME SWEET HOME,3088,412,413
21900,"KEY FOB , SHED",3087,414,414
21242,RED RETROSPOT PLATE,3074,415,415
22142,CHRISTMAS CRAFT WHITE FAIRY,3073,416,416
23198,PANTRY MAGNETIC  SHOPPING LIST,3067,417,417
23175,REGENCY MILK JUG PINK,3066,418,418
23351,ROLL WRAP 50'S CHRISTMAS,3058,419,419
20996,JAZZ HEARTS ADDRESS BOOK,3057,420,420
22243,5 HOOK HANGER RED MAGIC TOADSTOOL,3055,421,421
22296,HEART IVORY TRELLIS LARGE,3055,421,422
22963,JAM JAR WITH GREEN LID,3047,423,423
23000,TRAVEL CARD WALLET TRANSPORT,3044,424,424
21156,RETROSPOT CHILDRENS APRON,3039,425,425
22570,FELTCRAFT CUSHION RABBIT,3018,426,426
35953,FOLKART STAR CHRISTMAS DECORATIONS,3017,427,427
22549,PICTURE DOMINOES,2992,428,428
21746,SMALL RED RETROSPOT WINDMILL,2974,429,429
22835,HOT WATER BOTTLE I AM SO POORLY,2972,430,430
22614,PACK OF 12 SPACEBOY TISSUES,2957,431,431
23174,REGENCY SUGAR BOWL GREEN,2956,432,432
23165,LARGE CERAMIC TOP STORAGE JAR,2954,433,433
84987,SET OF 36 TEATIME PAPER DOILIES,2928,434,434
22915,ASSORTED BOTTLE TOP  MAGNETS,2928,434,435
21481,FAWN BLUE HOT WATER BOTTLE,2925,436,436
22150,3 STRIPEY MICE FELTCRAFT,2923,437,437
82552,WASHROOM METAL SIGN,2922,438,438
22028,PENNY FARTHING BIRTHDAY CARD,2915,439,439
16219,HOUSE SHAPE PENCIL SHARPENER,2915,439,440
21892,TRADITIONAL WOODEN CATCH CUP GAME,2914,441,441
22488,NATURAL SLATE RECTANGLE CHALKBOARD,2911,442,442
23322,LARGE WHITE HEART OF WICKER,2908,443,443
85049A,TRADITIONAL CHRISTMAS RIBBONS,2907,444,444
22158,3 HEARTS HANGING DECORATION RUSTIC,2895,445,445
16008,SMALL FOLDING SCISSOR(POINTED EDGE),2892,446,446
22667,RECIPE BOX RETROSPOT,2870,447,447
22945,CHRISTMAS METAL TAGS ASSORTED,2863,448,448
23349,ROLL WRAP VINTAGE CHRISTMAS,2857,449,449
22352,LUNCH BOX WITH CUTLERY RETROSPOT,2853,450,450
21874,GIN AND TONIC MUG,2852,451,451
22711,WRAP CIRCUS PARADE,2852,451,452
21313,GLASS HEART T-LIGHT HOLDER,2843,453,453
22734,SET OF 6 RIBBONS VINTAGE CHRISTMAS,2843,453,454
23507,MINI PLAYING CARDS BUFFALO BILL,2841,455,455
22539,MINI JIGSAW DOLLY GIRL,2824,456,456
22419,LIPSTICK PEN RED,2812,457,457
21395,BLUE POLKADOT BEAKER,2812,457,458
23210,WHITE ROCKING HORSE HAND PAINTED,2803,459,459
82551,LAUNDRY 15C METAL SIGN,2791,460,460
22507,MEMO BOARD RETROSPOT  DESIGN,2786,461,461
23367,SET 12 COLOUR PENCILS SPACEBOY,2785,462,462
22563,HAPPY STENCIL CRAFT,2785,462,463
23157,SET OF 6 NATIVITY MAGNETS,2783,464,464
15056BL,EDWARDIAN PARASOL BLACK,2779,465,465
22708,WRAP DOLLY GIRL,2775,466,466
22303,COFFEE MUG APPLES DESIGN,2770,467,467
23313,VINTAGE CHRISTMAS BUNTING,2755,468,468
47503A,ASS FLORAL PRINT MULTI SCREWDRIVER,2754,469,469
85049E,SCANDINAVIAN REDS RIBBONS,2747,470,470
22437,SET OF 9 BLACK SKULL BALLOONS,2747,470,471
22295,HEART FILIGREE DOVE LARGE,2737,472,472
20675,BLUE POLKADOT BOWL,2729,473,473
84536A,ENGLISH ROSE NOTEBOOK A7 SIZE,2729,473,474
22730,ALARM CLOCK BAKELIKE IVORY,2728,475,475
23506,MINI PLAYING CARDS SPACEBOY,2718,476,476
21135,VICTORIAN  METAL POSTCARD SPRING,2708,477,477
21430,SET/3 RED GINGHAM ROSE STORAGE BOX,2704,478,478
22944,CHRISTMAS METAL POSTCARD WITH BELLS,2704,478,479
21479,WHITE SKULL HOT WATER BOTTLE,2702,480,480
22569,FELTCRAFT CUSHION BUTTERFLY,2698,481,481
22989,SET 2 PANTRY DESIGN TEA TOWELS,2697,482,482
35961,FOLKART ZINC HEART CHRISTMAS DEC,2692,483,483
22174,PHOTO CUBE,2688,484,484
22435,SET OF 9 HEART SHAPED BALLOONS,2680,485,485
22984,CARD GINGHAM ROSE,2678,486,486
22564,ALPHABET STENCIL CRAFT,2673,487,487
23445,ICE CREAM BUBBLES,2667,488,488
23173,REGENCY TEAPOT ROSES,2666,489,489
16235,RECYCLED PENCIL WITH RABBIT ERASER,2665,490,490
21754,HOME BUILDING BLOCK WORD,2654,491,491
23306,SET OF 36 DOILIES PANTRY DESIGN,2653,492,492
20983,12 PENCILS TALL TUBE RED RETROSPOT,2652,493,493
23376,PACK OF 12 VINTAGE CHRISTMAS TISSUE,2642,494,494
23320,GIANT 50'S CHRISTMAS CRACKER,2635,495,495
23168,CLASSIC CAFE SUGAR DISPENSER,2634,496,496
21833,CAMOUFLAGE LED TORCH,2628,497,497
22900,SET 2 TEA TOWELS I LOVE LONDON,2627,498,498
70006,LOVE HEART POCKET WARMER,2620,499,499
22637,PIGGY BANK RETROSPOT,2619,500,500
22775,PURPLE DRAWERKNOB ACRYLIC EDWARDIAN,2614,501,501
22851,SET 20 NAPKINS FAIRY CAKES DESIGN,2609,502,502
84832,ZINC WILLIE WINKIE  CANDLE STICK,2607,503,503
47556B,TEA TIME TEA TOWELS,2600,504,504
21830,ASSORTED CREEPY CRAWLIES,2599,505,505
23350,ROLL WRAP VINTAGE SPOT,2593,506,506
21239,PINK  POLKADOT CUP,2574,507,507
23346,SPACEBOY BEAKER,2571,508,508
22082,RIBBON REEL STRIPES DESIGN,2558,509,509
22398,MAGNETS PACK OF 4 SWALLOWS,2545,510,510
21621,VINTAGE UNION JACK BUNTING,2540,511,511
23158,SET OF 5 LUCKY CAT MAGNETS,2538,512,512
22997,TRAVEL CARD WALLET UNION JACK,2527,513,513
84997C,CHILDRENS CUTLERY POLKADOT BLUE,2524,514,514
17096,ASSORTED LAQUERED INCENSE HOLDERS,2516,515,515
22964,3 PIECE SPACEBOY COOKIE CUTTER SET,2514,516,516
22855,FINE WICKER HEART,2508,517,517
37370,RETRO COFFEE MUGS ASSORTED,2508,517,518
22597,MUSICAL ZINC HEART DECORATION,2499,519,519
21078,SET/20 STRAWBERRY PAPER NAPKINS,2494,520,520
84997B,CHILDRENS CUTLERY RETROSPOT RED,2492,521,521
23508,MINI PLAYING CARDS DOLLY GIRL,2476,522,522
23154,SET OF 4 JAM JAR MAGNETS,2472,523,523
84029G,KNITTED UNION FLAG HOT WATER BOTTLE,2469,524,524
21932,SCANDINAVIAN PAISLEY PICNIC BAG,2467,525,525
23121,PACK OF 6 COCKTAIL PARASOL STRAWS,2465,526,526
23340,VINTAGE CHRISTMAS CAKE FRILL,2465,526,527
21819,GLITTER CHRISTMAS STAR,2465,526,528
51014C,"FEATHER PEN,COAL BLACK",2462,529,529
22892,SET OF SALT AND PEPPER TOADSTOOLS,2461,530,530
21535,RED RETROSPOT SMALL MILK JUG,2460,531,531
21155,RED RETROSPOT PEG BAG,2460,531,532
22153,ANGEL DECORATION STARS ON DRESS,2459,533,533
23497,CLASSIC CHROME BICYCLE BELL,2454,534,534
21642,ASSORTED TUTTI FRUTTI PEN,2452,535,535
85212,MINI PAINTED GARDEN DECORATION,2452,535,536
22540,MINI JIGSAW CIRCUS PARADE,2451,537,537
23231,WRAP  VINTAGE DOILY,2450,538,538
22141,CHRISTMAS CRAFT TREE TOP ANGEL,2448,539,539
22573,STAR WOODEN CHRISTMAS DECORATION,2445,540,540
23374,RED SPOT PAPER GIFT BAG,2444,541,541
21818,GLITTER HEART DECORATION,2435,542,542
23177,TREASURE ISLAND BOOK BOX,2431,543,543
17021,NAMASTE SWAGAT INCENSE,2427,544,544
71459,HANGING JAM JAR T-LIGHT HOLDERS,2413,545,545
21933,PINK VINTAGE PAISLEY PICNIC BAG,2410,546,546
47599A,PINK PARTY BAGS,2409,547,547
22978,PANTRY ROLLING PIN,2407,548,548
23345,DOLLY GIRL BEAKER,2398,549,549
21878,PACK OF 6 SANDCASTLE FLAGS ASSORTED,2397,550,550
21508,VINTAGE KID DOLLY CARD,2393,551,551
22196,SMALL HEART MEASURING SPOONS,2385,552,552
10133,COLOURING PENCILS BROWN TUBE,2384,553,553
22460,EMBOSSED GLASS TEALIGHT HOLDER,2381,554,554
22619,SET OF 6 SOLDIER SKITTLES,2377,555,555
85178,VICTORIAN SEWING KIT,2371,556,556
22567,20 DOLLY PEGS RETROSPOT,2368,557,557
23290,SPACEBOY CHILDRENS BOWL,2367,558,558
22971,QUEENS GUARD COFFEE MUG,2365,559,559
22493,PAINT YOUR OWN CANVAS SET,2354,560,560
23356,LOVE HOT WATER BOTTLE,2352,561,561
22152,PLACE SETTING WHITE STAR,2351,562,562
21868,POTTING SHED TEA MUG,2346,563,563
82483,WOOD 2 DRAWER CABINET WHITE FINISH,2341,564,564
23187,FRENCH STYLE STORAGE JAR BONBONS,2338,565,565
22938,CUPCAKE LACE PAPER SET 6,2321,566,566
21035,SET/2 RED RETROSPOT TEA TOWELS,2319,567,567
22792,FLUTED ANTIQUE CANDLE HOLDER,2313,568,568
22024,RAINY LADIES BIRTHDAY CARD,2304,569,569
23510,MINI PLAYING CARDS GYMKHANA,2298,570,570
23240,SET OF 4 KNICK KNACK TINS DOILY,2294,571,571
21907,I'M ON HOLIDAY METAL SIGN,2294,571,572
47566B,TEA TIME PARTY BUNTING,2291,573,573
22980,PANTRY SCRUBBING BRUSH,2289,574,574
22302,COFFEE MUG PEARS  DESIGN,2288,575,575
47590B,PINK HAPPY BIRTHDAY BUNTING,2287,576,576
22336,DOVE DECORATION PAINTED ZINC,2283,577,577
22339,CHRISTMAS TREE PAINTED ZINC,2283,577,578
23159,SET OF 5 PANCAKE DAY MAGNETS,2283,577,579
22986,WRAP GINGHAM ROSE,2276,580,580
23082,SET 6 PAPER TABLE LANTERN HEARTS,2265,581,581
22046,TEA PARTY  WRAPPING PAPER,2250,582,582
22066,LOVE HEART TRINKET POT,2248,583,583
84929,ASSTD FRUIT+FLOWERS FRIDGE MAGNETS,2244,584,584
22601,CHRISTMAS RETROSPOT ANGEL WOOD,2238,585,585
22995,TRAVEL CARD WALLET SUKI,2236,586,586
85199S,SMALL HANGING IVORY/RED WOOD BIRD,2234,587,587
21983,PACK OF 12 BLUE PAISLEY TISSUES,2223,588,588
22749,FELTCRAFT PRINCESS CHARLOTTE DOLL,2223,588,589
23211,RED ROCKING HORSE HAND PAINTED,2208,590,590
22571,ROCKING HORSE RED CHRISTMAS,2207,591,591
22155,STAR DECORATION RUSTIC,2203,592,592
22898,CHILDRENS APRON APPLES DESIGN,2201,593,593
23311,VINTAGE CHRISTMAS STOCKING,2199,594,594
21084,SET/6 COLLAGE PAPER CUPS,2199,594,595
21650,ASSORTED TUTTI FRUTTI BRACELET,2197,596,596
21988,PACK OF 6 SKULL PAPER PLATES,2194,597,597
23108,SET OF 10 LED DOLLY LIGHTS,2194,597,598
22729,ALARM CLOCK BAKELIKE ORANGE,2182,599,599
23212,HEART WREATH DECORATION WITH BELL,2167,600,600
23119,PACK OF 6 LARGE FRUIT STRAWS,2156,601,601
23368,SET 12 COLOUR PENCILS DOLLY GIRL,2155,602,602
23334,IVORY WICKER HEART SMALL,2154,603,603
22617,BAKING SET SPACEBOY DESIGN,2153,604,604
21592,RETROSPOT CIGAR BOX MATCHES,2151,605,605
22173,METAL 4 HOOK HANGER FRENCH CHATEAU,2151,605,606
23089,GLASS BON BON JAR,2136,607,607
21244,BLUE POLKADOT PLATE,2131,608,608
85015,SET OF 12  VINTAGE POSTCARD SET,2130,609,609
23090,VINTAGE GLASS T-LIGHT HOLDER,2130,609,610
22574,HEART WOODEN CHRISTMAS DECORATION,2124,611,611
22383,LUNCH BAG SUKI  DESIGN,2121,612,612
22301,COFFEE MUG CAT + BIRD DESIGN,2118,613,613
23191,BUNDLE OF 3 RETRO NOTE BOOKS,2116,614,614
21507,"ELEPHANT, BIRTHDAY CARD,",2114,615,615
22436,12 COLOURED PARTY BALLOONS,2110,616,616
22994,TRAVEL CARD WALLET RETROSPOT,2107,617,617
23155,KNICKERBOCKERGLORY MAGNET ASSORTED,2106,618,618
23545,WRAP RED VINTAGE DOILY,2100,619,619
23122,PARTY CHARMS 50 PIECES,2093,620,620
21380,WOODEN HAPPY BIRTHDAY GARLAND,2093,620,621
23100,SILVER BELLS TABLE DECORATION,2093,620,622
23176,ABC TREASURE BOOK BOX,2090,623,623
22813,PACK 3 BOXES BIRD PANNETONE,2088,624,624
23380,PACK OF 12 VINTAGE DOILY TISSUES,2087,625,625
22094,RED RETROSPOT TISSUE BOX,2087,625,626
23032,DRAWER KNOB CRACKLE GLAZE IVORY,2084,627,627
23002,TRAVEL CARD WALLET SKULLS,2078,628,628
23148,MINIATURE ANTIQUE ROSE HOOK IVORY,2070,629,629
21989,PACK OF 20 SKULL PAPER NAPKINS,2068,630,630
23328,SET 6 SCHOOL MILK BOTTLES IN CRATE,2067,631,631
17091J,VANILLA INCENSE IN TIN,2066,632,632
22546,MINI JIGSAW PURDEY,2065,633,633
23247,BISCUIT TIN 50'S CHRISTMAS,2060,634,634
72351B,SET/6 PINK  BUTTERFLY T-LIGHTS,2060,634,635
21218,RED SPOTTY BISCUIT TIN,2058,636,636
23035,DRAWER KNOB CERAMIC IVORY,2053,637,637
22644,CERAMIC CHERRY CAKE MONEY BANK,2052,638,638
22706,WRAP COWBOYS,2050,639,639
21987,PACK OF 6 SKULL PAPER CUPS,2050,639,640
22593,CHRISTMAS GINGHAM STAR,2049,641,641
21399,BLUE POLKADOT COFFEE MUG,2047,642,642
22804,CANDLEHOLDER PINK HANGING HEART,2046,643,643
37340,MULTICOLOUR SPRING FLOWER MUG,2042,644,644
21974,SET OF 36 PAISLEY FLOWER DOILIES,2036,645,645
23571,TRADITIONAL NAUGHTS & CROSSES,2036,645,646
20717,STRAWBERRY SHOPPER BAG,2036,645,647
23145,ZINC T-LIGHT HOLDER STAR LARGE,2030,648,648
23333,IVORY WICKER HEART MEDIUM,2030,648,649
48188,DOORMAT WELCOME PUPPIES,2028,650,650
22615,PACK OF 12 CIRCUS PARADE TISSUES,2024,651,651
23241,TREASURE TIN GYMKHANA DESIGN,2024,651,652
22335,HEART DECORATION PAINTED ZINC,2024,651,653
20982,12 PENCILS TALL TUBE SKULLS,2019,654,654
22466,FAIRY TALE COTTAGE NIGHTLIGHT,2016,655,655
22584,PACK OF 6 PANNETONE GIFT BOXES,2015,656,656
22774,RED DRAWER KNOB ACRYLIC EDWARDIAN,2007,657,657
22738,RIBBON REEL SNOWY VILLAGE,2007,657,658
47559B,TEA TIME OVEN GLOVE,2004,659,659
22956,36 FOIL HEART CAKE CASES,2003,660,660
21875,KINGS CHOICE MUG,2000,661,661
23332,IVORY WICKER HEART LARGE,1996,662,662
22427,ENAMEL FLOWER JUG CREAM,1995,663,663
22651,GENTLEMAN SHIRT REPAIR KIT,1992,664,664
85061W,WHITE JEWELLED HEART DECORATION,1986,665,665
22899,CHILDREN'S APRON DOLLY GIRL,1983,666,666
23186,FRENCH STYLE STORAGE JAR CAFE,1982,667,667
23256,CHILDRENS CUTLERY SPACEBOY,1982,667,668
22431,WATERING CAN BLUE ELEPHANT,1981,669,669
22895,SET OF 2 TEA TOWELS APPLE AND PEARS,1980,670,670
48184,DOORMAT ENGLISH ROSE,1975,671,671
23266,SET OF 3 WOODEN STOCKING DECORATION,1975,671,672
22227,HANGING HEART MIRROR DECORATION,1969,673,673
22668,PINK BABY BUNTING,1965,674,674
22465,HANGING METAL STAR LANTERN,1965,674,675
22750,FELTCRAFT PRINCESS LOLA DOLL,1964,676,676
47504K,ENGLISH ROSE GARDEN SECATEURS,1958,677,677
22098,BOUDOIR SQUARE TISSUE BOX,1957,678,678
82578,KITCHEN METAL SIGN,1956,679,679
22900,SET 2 TEA TOWELS I LOVE LONDON,1953,680,680
23292,SPACEBOY CHILDRENS CUP,1952,681,681
47590A,BLUE HAPPY BIRTHDAY BUNTING,1950,682,682
22985,"WRAP, BILLBOARD FONTS DESIGN",1950,682,683
23101,SILVER STARS TABLE DECORATION,1948,684,684
21928,JUMBO BAG SCANDINAVIAN PAISLEY,1947,685,685
21755,LOVE BUILDING BLOCK WORD,1946,686,686
21558,SKULL LUNCH BOX WITH CUTLERY,1946,686,687
22091,EMPIRE TISSUE BOX,1945,688,688
10135,COLOURING PENCILS BROWN TUBE,1938,689,689
51014L,"FEATHER PEN,LIGHT PINK",1936,690,690
22421,LIPSTICK PEN FUSCHIA,1925,691,691
84406B,CREAM CUPID HEARTS COAT HANGER,1918,692,692
21902,"KEY FOB , FRONT  DOOR",1915,693,693
21243,PINK  POLKADOT PLATE,1911,694,694
21845,DAIRY MAID STRIPE MUG,1907,695,695
21749,LARGE RED RETROSPOT WINDMILL,1900,696,696
22705,WRAP GREEN PEARS,1900,696,697
22940,FELTCRAFT CHRISTMAS FAIRY,1896,698,698
22748,POPPY'S PLAYHOUSE KITCHEN,1895,699,699
21034,REX CASH+CARRY JUMBO SHOPPER,1893,700,700
22131,FOOD CONTAINER SET 3 LOVE HEART,1890,701,701
23437,50'S CHRISTMAS GIFT BAG LARGE,1885,702,702
21504,SKULLS GREETING CARD,1884,703,703
20969,RED FLORAL FELTCRAFT SHOULDER BAG,1876,704,704
85204,HANGING WOOD AND FELT FLOWER,1876,704,705
22156,HEART DECORATION WITH PEARLS,1875,706,706
23366,SET 12 COLOURING PENCILS DOILY,1874,707,707
22548,HEADS AND TAILS SPORTING FUN,1873,708,708
21899,"KEY FOB , GARAGE DESIGN",1872,709,709
21544,SKULLS  WATER TRANSFER TATTOOS,1872,709,710
21069,VINTAGE BILLBOARD TEA MUG,1868,711,711
23004,TRAVEL CARD WALLET PANTRY,1862,712,712
22266,EASTER DECORATION HANGING BUNNY,1861,713,713
23083,SET 6 PAPER TABLE LANTERN STARS,1860,714,714
21809,CHRISTMAS HANGING TREE WITH BELL,1859,715,715
22917,HERB MARKER ROSEMARY,1858,716,716
22817,CARD SUKI BIRTHDAY,1858,716,717
23193,BUFFALO BILL TREASURE BOOK BOX,1855,718,718
22773,GREEN DRAWER KNOB ACRYLIC EDWARDIAN,1852,719,719
22602,RETROSPOT WOODEN HEART DECORATION,1852,719,720
23234,BISCUIT TIN VINTAGE CHRISTMAS,1851,721,721
20981,12 PENCILS TALL TUBE WOODLAND,1851,721,722
23550,WRAP ALPHABET POSTER,1850,723,723
22819,"BIRTHDAY CARD, RETRO SPOT",1848,724,724
23570,TRADITIONAL PICK UP STICKS GAME,1846,725,725
85014B,RED RETROSPOT UMBRELLA,1846,725,726
23147,SINGLE ANTIQUE ROSE HOOK IVORY,1845,727,727
23264,SET OF 3 WOODEN SLEIGH DECORATIONS,1845,727,728
21216,"SET 3 RETROSPOT TEA,COFFEE,SUGAR",1841,729,729
23280,FOLDING BUTTERFLY MIRROR HOT PINK,1839,730,730
22093,MOTORING TISSUE BOX,1828,731,731
22986,GINGHAM ROSE WRAP,1825,732,732
23399,HOME SWEET HOME HANGING HEART,1823,733,733
72818,CHRISTMAS DECOUPAGE CANDLE,1821,734,734
22148,EASTER CRAFT 4 CHICKS,1819,735,735
22916,HERB MARKER THYME,1819,735,736
22537,MAGIC DRAWING SLATE DINOSAUR,1818,737,737
21844,RED RETROSPOT MUG,1814,738,738
22815,CARD PSYCHEDELIC APPLES,1810,739,739
21843,RED RETROSPOT CAKE STAND,1809,740,740
23240,SET OF 4 KNICK KNACK TINS DOILEY,1803,741,741
22754,SMALL RED BABUSHKA NOTEBOOK,1802,742,742
22985,WRAP BILLBOARD FONTS DESIGN,1800,743,743
23434,3 RAFFIA RIBBONS 50'S CHRISTMAS,1792,744,744
22745,POPPY'S PLAYHOUSE BEDROOM,1788,745,745
22241,GARLAND WOODEN HAPPY EASTER,1788,745,746
21287,SCENTED VELVET LOUNGE CANDLE,1788,745,747
23238,SET OF 4 KNICK KNACK TINS LONDON,1788,745,748
48173C,DOORMAT BLACK FLOCK,1787,749,749
21179,NO JUNK MAIL METAL SIGN,1785,750,750
22624,IVORY KITCHEN SCALES,1783,751,751
23287,RED VINTAGE SPOT BEAKER,1782,752,752
23436,VINTAGE CHRISTMAS GIFT BAG LARGE,1781,753,753
22918,HERB MARKER PARSLEY,1776,754,754
22725,ALARM CLOCK BAKELIKE CHOCOLATE,1776,754,755
22025,RING OF ROSES BIRTHDAY CARD,1776,754,756
23188,VINTAGE  2 METER FOLDING RULER,1776,754,757
16011,ANIMAL STICKERS,1773,758,758
23501,KEY RING BASEBALL BOOT UNION JACK,1772,759,759
22331,WOODLAND PARTY BAG + STICKER SET,1768,760,760
22439,6 ROCKET BALLOONS,1768,760,761
22904,CALENDAR PAPER CUT DESIGN,1768,760,762
21935,SUKI  SHOULDER BAG,1763,763,763
23330,DECORATIVE WICKER HEART MEDIUM,1761,764,764
22645,CERAMIC HEART FAIRY CAKE MONEY BANK,1757,765,765
22670,FRENCH WC SIGN BLUE METAL,1754,766,766
23229,VINTAGE DONKEY TAIL GAME,1750,767,767
22957,SET 3 PAPER VINTAGE CHICK PAPER EGG,1749,768,768
22059,CERAMIC STRAWBERRY DESIGN MUG,1749,768,769
21901,"KEY FOB , BACK DOOR",1746,770,770
85078,SCANDINAVIAN 3 HEARTS NAPKIN RING,1746,770,771
22533,MAGIC DRAWING SLATE BAKE A CAKE,1745,772,772
22594,CHRISTMAS GINGHAM TREE,1744,773,773
22499,WOODEN UNION JACK BUNTING,1734,774,774
21786,POLKADOT RAIN HAT,1733,775,775
23552,BICYCLE PUNCTURE REPAIR KIT,1731,776,776
22128,PARTY CONES CANDY ASSORTED,1729,777,777
23109,PACK OF SIX LED TEA LIGHTS,1729,777,778
22171,3 HOOK PHOTO SHELF ANTIQUE WHITE,1723,779,779
23480,MINI LIGHTS WOODLAND MUSHROOMS,1720,780,780
20749,ASSORTED COLOUR MINI CASES,1719,781,781
21403,BLUE EGG  SPOON,1718,782,782
22535,MAGIC DRAWING SLATE BUNNIES,1716,783,783
22079,RIBBON REEL HEARTS DESIGN,1715,784,784
23163,REGENCY SUGAR TONGS,1714,785,785
21164,HOME SWEET HOME METAL SIGN,1714,785,786
23382,BOX OF 6 CHRISTMAS CAKE DECORATIONS,1712,787,787
20750,RED RETROSPOT MINI CASES,1712,787,788
23329,DECORATIVE WICKER HEART LARGE,1712,787,789
23327,HANGING CLEAR MINI BOTTLE,1710,790,790
22402,MAGNETS PACK OF 4 VINTAGE COLLAGE,1705,791,791
22343,PARTY PIZZA DISH RED RETROSPOT,1705,791,792
85066,CREAM SWEETHEART MINI CHEST,1705,791,793
23438,RED SPOT GIFT BAG LARGE,1700,794,794
22195,LARGE HEART MEASURING SPOONS,1699,795,795
23006,TRAVEL CARD WALLET FLOWER MEADOW,1699,795,796
21381,MINI WOODEN HAPPY BIRTHDAY GARLAND,1699,795,797
22088,PAPER BUNTING COLOURED LACE,1698,798,798
22972,CHILDREN'S SPACEBOY MUG,1691,799,799
84997A,CHILDRENS CUTLERY POLKADOT GREEN,1688,800,800
22378,WALL TIDY RETROSPOT,1685,801,801
84536B,FAIRY CAKES NOTEBOOK A7 SIZE,1684,802,802
23265,SET OF 3 WOODEN TREE DECORATIONS,1680,803,803
84971S,SMALL HEART FLOWERS HOOK,1679,804,804
23190,BUNDLE OF 3 SCHOOL EXERCISE BOOKS,1678,805,805
79164,BLACK WINE GLASS,1672,806,806
21090,SET/6 COLLAGE PAPER PLATES,1672,806,807
22919,HERB MARKER MINT,1669,808,808
23504,PLAYING CARDS JUBILEE UNION JACK,1668,809,809
35471D,SET OF 3 BIRD LIGHT PINK FEATHER,1668,809,810
47593B,SCOTTIE DOGS BABY BIB,1663,811,811
21524,DOORMAT SPOTTY HOME SWEET HOME,1662,812,812
84596G,SMALL CHOCOLATES PINK BOWL,1662,812,813
22752,SET 7 BABUSHKA NESTING BOXES,1654,814,814
22271,FELTCRAFT DOLL ROSIE,1653,815,815
22921,HERB MARKER CHIVES,1648,816,816
22432,WATERING CAN PINK BUNNY,1648,816,817
23120,PACK OF 6 SMALL FRUIT STRAWS,1648,816,818
22798,ANTIQUE GLASS DRESSING TABLE POT,1643,819,819
23156,SET OF 5 MINI GROCERY MAGNETS,1638,820,820
23251,VINTAGE RED ENAMEL TRIM MUG,1634,821,821
23194,GYMKHANA TREASURE BOOK BOX,1634,821,822
20978,36 PENCILS TUBE SKULLS,1631,823,823
84508A,CAMOUFLAGE DESIGN TEDDY,1630,824,824
20679,EDWARDIAN PARASOL RED,1630,824,825
23254,CHILDRENS CUTLERY DOLLY GIRL,1628,826,826
22906,12 MESSAGE CARDS WITH ENVELOPES,1628,826,827
23268,SET OF 2 CERAMIC CHRISTMAS REINDEER,1627,828,828
22244,3 HOOK HANGER MAGIC GARDEN,1617,829,829
23551,PACK OF 12 PAISLEY PARK TISSUES,1617,829,830
21429,RED GINGHAM ROSE JEWELLERY BOX,1616,831,831
22694,WICKER STAR,1612,832,832
22064,PINK DOUGHNUT TRINKET POT,1608,833,833
23161,REGENCY CAKE FORK,1608,833,834
23271,CHRISTMAS TABLE SILVER CANDLE SPIKE,1606,835,835
20977,36 PENCILS TUBE WOODLAND,1597,836,836
22690,DOORMAT HOME SWEET HOME BLUE,1597,836,837
23196,VINTAGE LEAF MAGNETIC NOTEPAD,1596,838,838
23352,ROLL WRAP 50'S RED CHRISTMAS,1596,838,839
23213,STAR WREATH DECORATION WITH BELL,1595,840,840
23227,FILIGREE HEART BUTTERFLY WHITE,1592,841,841
71053,WHITE METAL LANTERN,1591,842,842
23498,CLASSIC BICYCLE CLIPS,1591,842,843
22097,SWALLOW SQUARE TISSUE BOX,1591,842,844
21937,STRAWBERRY   PICNIC BAG,1591,842,845
22739,RIBBON REEL CHRISTMAS SOCK BAUBLE,1588,846,846
21873,IF YOU CAN'T STAND THE HEAT MUG,1586,847,847
23500,KEY RING BASEBALL BOOT ASSORTED,1585,848,848
22814,CARD PARTY GAMES,1581,849,849
85049G,CHOCOLATE BOX RIBBONS,1580,850,850
22095,LADS ONLY TISSUE BOX,1578,851,851
21770,OPEN CLOSED METAL SIGN,1577,852,852
22755,SMALL PURPLE BABUSHKA NOTEBOOK,1577,852,853
21088,SET/6 FRUIT SALAD PAPER CUPS,1576,854,854
23547,WRAP FLOWER SHOP,1575,855,855
21912,VINTAGE SNAKES & LADDERS,1575,855,856
22805,BLUE DRAWER KNOB ACRYLIC EDWARDIAN,1574,857,857
22026,BANQUET BIRTHDAY  CARD,1572,858,858
22941,CHRISTMAS LIGHTS 10 REINDEER,1572,858,859
22075,6 RIBBONS ELEGANT CHRISTMAS,1565,860,860
23373,VINTAGE CHRISTMAS PAPER GIFT BAG,1563,861,861
22718,CARD CAT AND TREE,1560,862,862
21422,PORCELAIN ROSE SMALL,1560,862,863
15039,SANDALWOOD FAN,1559,864,864
21484,CHICK GREY HOT WATER BOTTLE,1555,865,865
23289,DOLLY GIRL CHILDRENS BOWL,1553,866,866
21888,BINGO SET,1553,866,867
46000S,POLYESTER FILLER PAD 40x40cm,1551,868,868
23291,DOLLY GIRL CHILDRENS CUP,1549,869,869
85053,FRENCH ENAMEL CANDLEHOLDER,1549,869,870
23681,LUNCH BAG RED VINTAGE DOILY,1548,871,871
84997B,RED 3 PIECE RETROSPOT CUTLERY SET,1543,872,872
22600,CHRISTMAS RETROSPOT STAR WOOD,1540,873,873
23135,SMALL ZINC HEART WALL ORGANISER,1538,874,874
21294,ETCHED GLASS COASTER,1536,875,875
21068,VINTAGE BILLBOARD LOVE/HATE MUG,1535,876,876
22779,WOODEN OWLS LIGHT GARLAND,1535,876,877
22102,MIRROR MOSAIC T-LIGHT HOLDER,1533,878,878
22812,PACK 3 BOXES CHRISTMAS PANNETONE,1532,879,879
23365,SET 12 COLOUR PENCILS LOVE LONDON,1531,880,880
22974,CHILDRENS DOLLY GIRL MUG,1523,881,881
22732,3D VINTAGE CHRISTMAS STICKERS,1522,882,882
79163,BLACK CHAMPAGNE GLASS,1517,883,883
22508,DOORSTOP RETROSPOT HEART,1516,884,884
22751,FELTCRAFT PRINCESS OLIVIA DOLL,1514,885,885
22715,CARD WEDDING DAY,1506,886,886
23371,SET 36 COLOUR PENCILS SPACEBOY,1505,887,887
22130,PARTY CONE CHRISTMAS DECORATION,1505,887,888
17038,PORCELAIN BUDAH INCENSE HOLDER,1501,889,889
21398,RED POLKADOT COFFEE  MUG,1499,890,890
21588,RETROSPOT GIANT TUBE MATCHES,1497,891,891
22115,METAL SIGN EMPIRE TEA,1495,892,892
23331,DECORATIVE WICKER HEART SMALL,1492,893,893
22999,TRAVEL CARD WALLET RETRO PETALS,1490,894,894
22599,CHRISTMAS MUSICAL ZINC STAR,1489,895,895
22613,PACK OF 20 SPACEBOY NAPKINS,1488,896,896
23381,PACK OF 12 VINTAGE LEAF TISSUES,1487,897,897
22922,FRIDGE MAGNETS US DINER ASSORTED,1482,898,898
23302,KNEELING MAT HOUSEWORK  DESIGN,1481,899,899
22625,RED KITCHEN SCALES,1478,900,900
21531,RED RETROSPOT SUGAR JAM BOWL,1473,901,901
22733,3D TRADITIONAL CHRISTMAS STICKERS,1471,902,902
22893,MINI CAKE STAND T-LIGHT HOLDER,1464,903,903
23221,REINDEER HEART DECORATION SILVER,1461,904,904
21880,RED RETROSPOT TAPE,1458,905,905
22948,METAL DECORATION NAUGHTY CHILDREN,1456,906,906
22456,NATURAL SLATE CHALKBOARD LARGE,1452,907,907
47599B,BLUE PARTY BAGS,1451,908,908
21824,PAINTED METAL STAR WITH HOLLY BELLS,1450,909,909
22300,COFFEE MUG DOG + BALL DESIGN,1450,909,910
16048,TEATIME ROUND PENCIL SHARPENER,1437,911,911
22543,MINI JIGSAW BAKE A CAKE,1436,912,912
23242,TREASURE TIN BUFFALO BILL,1436,912,913
37342,POLKADOT COFFEE CUP & SAUCER PINK,1435,914,914
23431,NATURAL HANGING QUILTED HEARTS,1432,915,915
22185,SLATE TILE NATURAL HANGING,1428,916,916
22502,PICNIC BASKET WICKER SMALL,1427,917,917
21158,MOODY GIRL DOOR HANGER,1427,917,918
22191,IVORY DINER WALL CLOCK,1426,919,919
23323,WHITE WICKER STAR,1426,919,920
84818,DANISH ROSE PHOTO FRAME,1424,921,921
84030E,ENGLISH ROSE HOT WATER BOTTLE,1423,922,922
22212,FOUR HOOK  WHITE LOVEBIRDS,1422,923,923
22576,SWALLOW WOODEN CHRISTMAS DECORATION,1419,924,924
48116,DOORMAT MULTICOLOUR STRIPE,1419,924,925
22478,BIRDHOUSE GARDEN MARKER,1417,926,926
21162,TOXIC AREA  DOOR HANGER,1416,927,927
85111,SILVER GLITTER FLOWER VOTIVE HOLDER,1407,928,928
22035,VINTAGE CARAVAN GREETING CARD,1406,929,929
22099,CARAVAN SQUARE TISSUE BOX,1405,930,930
37448,CERAMIC CAKE DESIGN SPOTTED MUG,1404,931,931
85132C,CHARLIE AND LOLA FIGURES TINS,1404,931,932
23160,REGENCY TEA SPOON,1404,931,933
22896,PEG BAG APPLES DESIGN,1398,934,934
22562,MONSTERS STENCIL CRAFT,1398,934,935
23228,FILIGREE HEART BIRD WHITE,1397,936,936
22400,MAGNETS PACK OF 4 HOME SWEET HOME,1393,937,937
22264,FELT FARM ANIMAL WHITE BUNNY,1393,937,938
84997D,PINK 3 PIECE POLKADOT CUTLERY SET,1392,939,939
22329,ROUND CONTAINER SET OF 5 RETROSPOT,1387,940,940
22999,TRAVEL CARD WALLET VINTAGE LEAF,1385,941,941
22109,FULL ENGLISH BREAKFAST PLATE,1383,942,942
22672,FRENCH BATHROOM SIGN BLUE METAL,1382,943,943
85062,PEARL CRYSTAL PUMPKIN T-LIGHT HLDR,1380,944,944
22692,DOORMAT WELCOME TO OUR HOME,1378,945,945
21705,BAG 500g SWIRLY MARBLES,1377,946,946
37327,ASSTD MULTICOLOUR CIRCLES MUG,1375,947,947
72802C,VANILLA SCENT CANDLE JEWELLED BOX,1375,947,948
20674,GREEN POLKADOT BOWL,1373,949,949
82486,WOOD S/3 CABINET ANT WHITE FINISH,1370,950,950
85184C,S/4 VALENTINE DECOUPAGE HEART BOX,1369,951,951
21883,STARS GIFT TAPE,1368,952,952
21993,FLORAL FOLK STATIONERY SET,1366,953,953
22505,MEMO BOARD COTTAGE DESIGN,1365,954,954
23312,VINTAGE CHRISTMAS GIFT SACK,1365,954,955
22096,PINK PAISLEY SQUARE TISSUE BOX,1364,956,956
23162,REGENCY TEA STRAINER,1362,957,957
21563,RED HEART SHAPE LOVE BUCKET,1358,958,958
21870,I CAN ONLY PLEASE ONE PERSON MUG,1357,959,959
22702,BLACK AND WHITE CAT BOWL,1357,959,960
22350,ILLUSTRATED CAT BOWL,1356,961,961
20754,RETROSPOT RED WASHING UP GLOVES,1356,961,962
21114,LAVENDER SCENTED FABRIC HEART,1352,963,963
22193,RED DINER WALL CLOCK,1352,963,964
22319,HAIRCLIPS FORTIES FABRIC ASSORTED,1346,965,965
22349,DOG BOWL CHASING BALL DESIGN,1341,966,966
22433,WATERING CAN GREEN DINOSAUR,1341,966,967
22780,LIGHT GARLAND BUTTERFILES PINK,1340,968,968
22268,DECORATION SITTING BUNNY,1335,969,969
23169,CLASSIC GLASS COOKIE JAR,1334,970,970
23197,SKETCHBOOK MAGNETIC SHOPPING LIST,1332,971,971
85172,HYACINTH BULB T-LIGHT CANDLES,1328,972,972
23375,50'S CHRISTMAS PAPER GIFT BAG,1327,973,973
22709,WRAP WEDDING DAY,1325,974,974
21439,BASKET OF TOADSTOOLS,1322,975,975
23483,HANGING  BUTTERFLY T-LIGHT HOLDER,1322,975,976
23188,VINTAGE  2 METRE FOLDING RULER,1322,975,977
85227,SET OF 6 3D KIT CARDS FOR KIDS,1322,975,978
22746,POPPY'S PLAYHOUSE LIVINGROOM,1319,979,979
21533,RETROSPOT LARGE MILK JUG,1317,980,980
22299,PIG KEYRING WITH LIGHT & SOUND,1316,981,981
22274,FELTCRAFT DOLL EMILY,1301,982,982
22078,RIBBON REEL LACE DESIGN,1300,983,983
23549,WRAP BIRD GARDEN,1300,983,984
22897,OVEN MITT APPLES DESIGN,1298,985,985
37446,MINI CAKE STAND WITH HANGING CAKES,1297,986,986
23225,CHERUB HEART DECORATION SILVER,1297,986,987
23372,SET 36 COLOUR PENCILS DOLLY GIRL,1296,988,988
16236,KITTY PENCIL ERASERS,1296,988,989
22603,CHRISTMAS RETROSPOT TREE WOOD,1295,990,990
22622,BOX OF VINTAGE ALPHABET BLOCKS,1295,990,991
23370,SET 36 COLOURING PENCILS DOILY,1294,992,992
22117,METAL SIGN HER DINNER IS SERVED,1290,993,993
22477,WATERING CAN GARDEN MARKER,1290,993,994
21402,RED  EGG  SPOON,1290,993,995
23217,LAUREL HEART ANTIQUE SILVER,1290,993,996
21718,RED METAL BEACH SPADE,1289,997,997
22208,WOOD STAMP SET THANK YOU,1289,997,998
21934,SKULL SHOULDER BAG,1288,999,999
84535B,FAIRY CAKES NOTEBOOK A6 SIZE,1288,999,1000
22923,FRIDGE MAGNETS LES ENFANTS ASSORTED,1281,1001,1001
22943,CHRISTMAS LIGHTS 10 VINTAGE BAUBLES,1280,1002,1002
23432,PRETTY HANGING QUILTED HEARTS,1274,1003,1003
22674,FRENCH TOILET SIGN BLUE METAL,1274,1003,1004
16016,LARGE CHINESE STYLE SCISSOR,1273,1005,1005
23029,DRAWER KNOB CRACKLE GLAZE GREEN,1272,1006,1006
22607,WOODEN ROUNDERS GARDEN SET,1269,1007,1007
21872,GLAMOROUS  MUG,1269,1007,1008
85048,15CM CHRISTMAS GLASS BALL 20 LIGHTS,1266,1009,1009
21700,BIG DOUGHNUT FRIDGE MAGNETS,1266,1009,1010
20829,GLITTER HANGING BUTTERFLY STRING,1265,1011,1011
35923,CANDY HEART HANGING DECORATION,1265,1011,1012
22572,ROCKING HORSE GREEN CHRISTMAS,1265,1011,1013
85230B,CINNAMON SCENTED VOTIVE CANDLE,1264,1014,1014
23270,SET OF 2 CERAMIC PAINTED HEARTS,1262,1015,1015
16238,PARTY TIME PENCIL ERASERS,1261,1016,1016
21167,WHITE SAGE INCENSE,1260,1017,1017
85071B,RED CHARLIE+LOLA PERSONAL DOORSIGN,1256,1018,1018
22055,MINI CAKE STAND  HANGING STRAWBERY,1253,1019,1019
11001,ASSTD DESIGN RACING CAR PEN,1252,1020,1020
23281,FOLDING BUTTERFLY MIRROR RED,1252,1020,1021
23236,STORAGE TIN VINTAGE DOILY,1251,1022,1022
21015,DARK BIRD HOUSE TREE DECORATION,1251,1022,1023
22707,WRAP MONSTER FUN,1250,1024,1024
72351A,SET/6 TURQUOISE BUTTERFLY T-LIGHTS,1248,1025,1025
84598,BOYS ALPHABET IRON ON PATCHES,1248,1025,1026
23499,SET 12 VINTAGE DOILY CHALK,1247,1027,1027
23102,SILVER HEARTS TABLE DECORATION,1245,1028,1028
16012,FOOD/DRINK SPONGE STICKERS,1244,1029,1029
22291,HANGING CHICK CREAM DECORATION,1243,1030,1030
82001S,VINYL RECORD FRAME SILVER,1236,1031,1031
23031,DRAWER KNOB CRACKLE GLAZE PINK,1234,1032,1032
21014,SWISS CHALET TREE DECORATION,1233,1033,1033
23426,METAL SIGN DROP YOUR PANTS,1232,1034,1034
21494,ROTATING LEAVES T-LIGHT HOLDER,1228,1035,1035
22737,RIBBON REEL CHRISTMAS PRESENT,1227,1036,1036
21561,DINOSAUR LUNCH BOX WITH CUTLERY,1227,1036,1037
10125,MINI FUNKY DESIGN TAPES,1226,1038,1038
79030G,TUMBLER NEW ENGLAND,1226,1038,1039
22050,PINK PAISLEY ROSE GIFT WRAP,1225,1040,1040
22403,MAGNETS PACK OF 4 VINTAGE LABELS,1223,1041,1041
21206,STRAWBERRY HONEYCOMB  GARLAND,1220,1042,1042
22665,RECIPE BOX BLUE SKETCHBOOK DESIGN,1219,1043,1043
21990,MODERN FLORAL STATIONERY SET,1219,1043,1044
23189,SET OF 12 FORK CANDLES,1215,1045,1045
23433,HANGING QUILTED PATCHWORK APPLES,1215,1045,1046
22089,PAPER BUNTING VINTAGE PAISLEY,1214,1047,1047
22784,LANTERN CREAM GAZEBO,1214,1047,1048
22902,TOTE BAG I LOVE LONDON,1212,1049,1049
84012,MAGIC SHEEP WOOL GROWING FROM PAPER,1212,1049,1050
21716,BOYS VINTAGE TIN SEASIDE BUCKET,1206,1051,1051
21788,KIDS RAIN MAC BLUE,1203,1052,1052
23377,PACK OF 12 DOLLY GIRL TISSUES,1203,1052,1053
22207,FRYING PAN UNION FLAG,1200,1054,1054
22420,LIPSTICK PEN BABY PINK,1199,1055,1055
23226,FILIGREE HEART DAISY WHITE,1199,1055,1056
22245,"HOOK, 1 HANGER ,MAGIC GARDEN",1199,1055,1057
85049C,ROMANTIC PINKS RIBBONS,1198,1058,1058
22809,SET OF 6 T-LIGHTS SANTA,1198,1058,1059
82600,N0 SINGING METAL SIGN,1197,1060,1060
21823,PAINTED METAL HEART WITH HOLLY BELL,1196,1061,1061
22700,BLACK AND WHITE DOG BOWL,1194,1062,1062
22501,PICNIC BASKET WICKER LARGE,1194,1062,1063
22429,ENAMEL MEASURING JUG CREAM,1193,1064,1064
22973,CHILDREN'S CIRCUS PARADE MUG,1192,1065,1065
22924,FRIDGE MAGNETS LA VIE EN ROSE,1188,1066,1066
22043,CHRISTMAS CARD SCREEN PRINT,1188,1066,1067
21591,COSY HOUR CIGAR BOX MATCHES,1187,1068,1068
23086,ZINC  STAR T-LIGHT HOLDER,1186,1069,1069
22187,GREEN CHRISTMAS TREE CARD HOLDER,1183,1070,1070
22080,RIBBON REEL POLKADOTS,1182,1071,1071
22396,MAGNETS PACK OF 4 RETRO PHOTO,1182,1071,1072
21163,DO NOT TOUCH MY STUFF DOOR HANGER,1176,1073,1073
22675,FRENCH KITCHEN SIGN BLUE METAL,1176,1073,1074
21201,TROPICAL  HONEYCOMB PAPER GARLAND,1175,1075,1075
23379,PACK OF 12 RED APPLE TISSUES,1175,1075,1076
22604,SET OF 4 NAPKIN CHARMS CUTLERY,1173,1077,1077
22717,CARD DOG AND BALL,1170,1078,1078
84997C,BLUE 3 PIECE POLKADOT CUTLERY SET,1170,1078,1079
16054,POPART RECT PENCIL SHARPENER ASST,1166,1080,1080
22103,MIRROR MOSAIC T-LIGHT HOLDER ROUND,1165,1081,1081
85194S,HANGING SPRING FLOWER EGG SMALL,1163,1082,1082
21992,VINTAGE PAISLEY STATIONERY SET,1163,1082,1083
22967,SET 3 SONG BIRD PAPER EGGS ASSORTED,1161,1084,1084
21955,DOORMAT UNION JACK GUNS AND ROSES,1159,1085,1085
23267,SET OF 4 SANTA PLACE SETTINGS,1158,1086,1086
22965,3 TRADITIONAl BISCUIT CUTTERS  SET,1156,1087,1087
22857,ASSORTED EASTER GIFT TAGS,1156,1087,1088
22380,TOY TIDY SPACEBOY,1156,1087,1089
22859,EASTER TIN BUNNY BOUQUET,1150,1090,1090
22955,36 FOIL STAR CAKE CASES,1149,1091,1091
21096,SET/6 FRUIT SALAD  PAPER PLATES,1143,1092,1092
22023,EMPIRE BIRTHDAY CARD,1143,1092,1093
23274,STAR T-LIGHT HOLDER WILLIE WINKIE,1142,1094,1094
21209,MULTICOLOUR HONEYCOMB FAN,1142,1094,1095
21715,GIRLS VINTAGE TIN SEASIDE BUCKET,1141,1096,1096
20682,RED RETROSPOT CHILDRENS UMBRELLA,1140,1097,1097
23113,PANTRY CHOPPING BOARD,1138,1098,1098
21803,CHRISTMAS TREE STAR DECORATION,1138,1098,1099
22306,SILVER MUG BONE CHINA TREE OF LIFE,1138,1098,1100
85014A,BLACK/BLUE POLKADOT UMBRELLA,1133,1101,1101
22399,MAGNETS PACK OF 4 CHILDHOOD MEMORY,1130,1102,1102
21260,FIRST AID TIN,1129,1103,1103
21903,MAN FLU METAL SIGN,1129,1103,1104
21259,VICTORIAN SEWING BOX SMALL,1128,1105,1105
23691,WRAP KEEP CALM BIRTHDAY,1125,1106,1106
35954,SMALL FOLKART STAR CHRISTMAS DEC,1124,1107,1107
22758,LARGE PURPLE BABUSHKA NOTEBOOK,1122,1108,1108
22975,SPACEBOY CHILDRENS EGG CUP,1118,1109,1109
21159,MOODY BOY  DOOR HANGER,1109,1110,1110
48111,DOORMAT 3 SMILEY CATS,1107,1111,1111
85035C,ROSE 3 WICK MORRIS BOX CANDLE,1105,1112,1112
79191C,RETRO PLASTIC ELEPHANT TRAY,1105,1112,1113
20963,APPLE BATH SPONGE,1102,1114,1114
22550,HOLIDAY FUN LUDO,1102,1114,1115
22736,RIBBON REEL MAKING SNOWMEN,1102,1114,1116
21641,ASSORTED TUTTI FRUTTI KEYRING BALL,1102,1114,1117
85230E,STRAWBRY SCENTED VOTIVE CANDLE,1101,1118,1118
21428,SET3 BOOK BOX GREEN GINGHAM FLOWER,1099,1119,1119
22795,SWEETHEART RECIPE BOOK STAND,1099,1119,1120
21507,ELEPHANT BIRTHDAY CARD,1092,1121,1121
22581,WOOD STOCKING CHRISTMAS SCANDISPOT,1090,1122,1122
22545,MINI JIGSAW BUNNIES,1089,1123,1123
22292,HANGING CHICK  YELLOW DECORATION,1088,1124,1124
21714,CITRONELLA CANDLE GARDEN POT,1085,1125,1125
23028,DRAWER KNOB CRACKLE GLAZE BLUE,1085,1125,1126
23236,DOILEY STORAGE TIN,1082,1127,1127
22858,EASTER TIN KEEPSAKE,1081,1128,1128
20970,PINK FLORAL FELTCRAFT SHOULDER BAG,1081,1128,1129
23250,VINTAGE RED TRIM ENAMEL BOWL,1079,1130,1130
22479,DAISY GARDEN MARKER,1078,1131,1131
21890,S/6 WOODEN SKITTLES IN COTTON BAG,1075,1132,1132
22169,FAMILY ALBUM WHITE PICTURE FRAME,1075,1132,1133
22731,3D CHRISTMAS STAMPS STICKERS,1075,1132,1134
23548,WRAP MAGIC FOREST,1075,1132,1135
22653,BUTTON BOX,1072,1136,1136
85034C,3 ROSE MORRIS BOXED CANDLES,1072,1136,1137
21584,RETROSPOT SMALL TUBE MATCHES,1066,1138,1138
23505,PLAYING CARDS I LOVE LONDON,1065,1139,1139
23134,LARGE ZINC HEART WALL ORGANISER,1064,1140,1140
84510A,SET OF 4 ENGLISH ROSE COASTERS,1063,1141,1141
22532,MAGIC DRAWING SLATE LEAP FROG,1063,1141,1142
22723,SET OF 6 HERB TINS SKETCHBOOK,1059,1143,1143
22654,DELUXE SEWING KIT,1058,1144,1144
21679,SKULLS  STICKERS,1054,1145,1145
22311,OFFICE MUG WARMER BLACK+SILVER,1054,1145,1146
21058,PARTY INVITES WOODLAND,1049,1147,1147
22344,PARTY PIZZA DISH PINK POLKADOT,1049,1147,1148
72817,SET OF 2 CHRISTMAS DECOUPAGE CANDLE,1048,1149,1149
22976,CIRCUS PARADE CHILDRENS EGG CUP,1047,1150,1150
22982,PANTRY PASTRY BRUSH,1045,1151,1151
21382,SET/4 SPRING FLOWER DECORATION,1045,1151,1152
23509,MINI PLAYING CARDS FUN FAIR,1043,1153,1153
22930,BAKING MOULD HEART MILK CHOCOLATE,1041,1154,1154
22676,FRENCH BLUE METAL DOOR SIGN 1,1040,1155,1155
84596L,BISCUITS SMALL BOWL LIGHT BLUE,1039,1156,1156
22377,BOTTLE BAG RETROSPOT,1038,1157,1157
21232,STRAWBERRY CERAMIC TRINKET POT,1038,1157,1158
23389,SPACEBOY MINI BACKPACK,1037,1159,1159
23530,WALL ART ONLY ONE PERSON,1037,1159,1160
22076,6 RIBBONS EMPIRE,1035,1161,1161
20832,RED FLOCK LOVE HEART PHOTO FRAME,1034,1162,1162
21070,VINTAGE BILLBOARD MUG,1033,1163,1163
85230G,ORANGE VOTIVE CANDLE,1032,1164,1164
23360,SET 8 CANDLES VINTAGE DOILY,1029,1165,1165
20961,STRAWBERRY BATH SPONGE,1029,1165,1166
22582,PACK OF 6 SWEETIE GIFT BOXES,1029,1165,1167
22669,RED BABY BUNTING,1027,1168,1168
21879,HEARTS GIFT TAPE,1027,1168,1169
22049,WRAP CHRISTMAS SCREEN PRINT,1025,1170,1170
17084N,FAIRY DREAMS INCENSE,1025,1170,1171
22170,PICTURE FRAME WOOD TRIPLE PORTRAIT,1023,1172,1172
23132,SMALL IVORY HEART WALL ORGANISER,1022,1173,1173
85038,6 CHOCOLATE LOVE HEART T-LIGHTS,1018,1174,1174
21389,IVORY HANGING DECORATION  BIRD,1018,1174,1175
21884,CAKES AND BOWS GIFT  TAPE,1017,1176,1176
20985,HEART CALCULATOR,1017,1176,1177
23012,GLASS APOTHECARY BOTTLE PERFUME,1017,1176,1178
21564,PINK  HEART SHAPE LOVE BUCKET,1016,1179,1179
21397,BLUE POLKADOT EGG CUP,1016,1179,1180
21245,GREEN POLKADOT PLATE,1014,1181,1181
20828,GLITTER BUTTERFLY CLIPS,1012,1182,1182
21401,BLUE PUDDING SPOON,1010,1183,1183
21200,MULTICOLOUR HONEYCOMB PAPER GARLAND,1010,1183,1184
22757,LARGE RED BABUSHKA NOTEBOOK,1009,1185,1185
46000M,POLYESTER FILLER PAD 45x45cm,1008,1186,1186
90057,DIAMANTE RING ASSORTED IN BOX.,1008,1186,1187
23096,PETIT TRAY CHIC,1007,1188,1188
23080,RED METAL BOX TOP SECRET,1003,1189,1189
22074,6 RIBBONS SHIMMERING PINKS,1001,1190,1190
21802,CHRISTMAS TREE HEART DECORATION,1000,1191,1191
22051,BLUE SCANDINAVIAN PAISLEY WRAP,1000,1191,1192
71477,COLOURED GLASS STAR T-LIGHT HOLDER,997,1193,1193
22441,GROW YOUR OWN BASIL IN ENAMEL MUG,994,1194,1194
22340,NOEL GARLAND PAINTED ZINC,993,1195,1195
84926E,FLOWERS TILE COASTER,990,1196,1196
23126,FELTCRAFT GIRL AMELIE KIT,987,1197,1197
22837,HOT WATER BOTTLE BABUSHKA,984,1198,1198
21207,SKULL AND CROSSBONES  GARLAND,982,1199,1199
22332,SKULLS PARTY BAG + STICKER SET,982,1199,1200
23299,FOOD COVER WITH BEADS SET 2,980,1201,1201
85183B,CHARLIE & LOLA WASTEPAPER BIN FLORA,977,1202,1202
85071A,BLUE CHARLIE+LOLA PERSONAL DOORSIGN,976,1203,1203
21123,SET/10 IVORY POLKADOT PARTY CANDLES,975,1204,1204
47421,ASSORTED COLOUR LIZARD SUCTION HOOK,975,1204,1205
22048,BIRTHDAY BANQUET GIFT WRAP,975,1204,1206
21391,FRENCH LAVENDER SCENT HEART,975,1204,1207
21881,CUTE CATS TAPE,975,1204,1208
21217,RED RETROSPOT ROUND CAKE TINS,975,1204,1209
20751,FUNKY WASHING UP GLOVES ASSORTED,973,1210,1210
22345,PARTY PIZZA DISH BLUE POLKADOT,972,1211,1211
22422,TOOTHPASTE TUBE PEN,971,1212,1212
23404,HOME SWEET HOME BLACKBOARD,969,1213,1213
72802B,OCEAN SCENT CANDLE IN JEWELLED BOX,968,1214,1214
21198,WHITE HEART CONFETTI IN TUBE,964,1215,1215
23531,WALL ART BIG LOVE,963,1216,1216
23255,CHILDRENS CUTLERY CIRCUS PARADE,963,1216,1217
23543,WALL ART KEEP CALM,959,1218,1218
84817,DANISH ROSE DECORATIVE PLATE,951,1219,1219
21896,POTTING SHED TWINE,949,1220,1220
21634,ASSORTED MINI MADRAS NOTEBOOK,948,1221,1221
47504H,ENGLISH ROSE SPIRIT LEVEL,948,1221,1222
84821,DANISH ROSE DELUXE COASTER,947,1223,1223
23034,DRAWER KNOB CERAMIC BLACK,947,1223,1224
85017B,ENVELOPE 50 BLOSSOM IMAGES,947,1223,1225
21654,RIDGED GLASS FINGER BOWL,946,1226,1226
23129,HEART SHAPED HOLLY WREATH,942,1227,1227
21539,RED RETROSPOT BUTTER DISH,939,1228,1228
22132,RED LOVE HEART SHAPE CUP,935,1229,1229
23569,TRADTIONAL ALPHABET STAMP SET,933,1230,1230
23220,REINDEER HEART DECORATION GOLD,930,1231,1231
21745,GAOLERS KEYS DECORATIVE GARDEN,929,1232,1232
23273,HEART T-LIGHT HOLDER WILLIE WINKIE,928,1233,1233
21340,CLASSIC METAL BIRDCAGE PLANT HOLDER,928,1233,1234
22230,JIGSAW TREE WITH WATERING CAN,926,1235,1235
21192,WHITE BELL HONEYCOMB PAPER,925,1236,1236
85199L,LARGE HANGING IVORY & RED WOOD BIRD,925,1236,1237
22262,FELT EGG COSY CHICKEN,924,1238,1238
22522,CHILDS GARDEN FORK BLUE,923,1239,1239
21033,JUMBO BAG CHARLIE AND LOLA TOYS,922,1240,1240
22623,BOX OF VINTAGE JIGSAW BLOCKS,920,1241,1241
21291,SMALL POLKADOT CHOCOLATE GIFT BAG,920,1241,1242
21773,DECORATIVE ROSE BATHROOM BOTTLE,920,1241,1243
22671,FRENCH LAUNDRY SIGN BLUE METAL,919,1244,1244
20733,GOLD MINI TAPE MEASURE,918,1245,1245
22753,SMALL YELLOW BABUSHKA NOTEBOOK,918,1245,1246
23359,SET OF 12 T-LIGHTS VINTAGE DOILY,918,1245,1247
20803,SMALL PINK GLASS SUNDAE DISH,917,1248,1248
21636,MADRAS NOTEBOOK MEDIUM,917,1248,1249
22937,BAKING MOULD CHOCOLATE CUPCAKES,917,1248,1250
23093,SMALL PARISIENNE HEART PHOTO FRAME,916,1251,1251
85206A,CREAM FELT EASTER EGG BASKET,916,1251,1252
22210,WOOD STAMP SET BEST WISHES,914,1253,1253
22466,FAIRY TALE COTTAGE NIGHT LIGHT,913,1254,1254
22721,SET OF 3 CAKE TINS SKETCHBOOK,910,1255,1255
22810,SET OF 6 T-LIGHTS SNOWMEN,908,1256,1256
21817,GLITTER CHRISTMAS TREE,908,1256,1257
22192,BLUE DINER WALL CLOCK,907,1258,1258
22977,DOLLY GIRL CHILDRENS EGG CUP,905,1259,1259
22949,36 DOILIES DOLLY GIRL,905,1259,1260
23061,VINTAGE EMBOSSED HEART,904,1261,1261
85194L,HANGING SPRING FLOWER EGG LARGE,901,1262,1262
22284,HEN HOUSE DECORATION,901,1262,1263
23369,SET 36 COLOUR PENCILS LOVE LONDON,901,1262,1264
22438,BALLOON ART MAKE YOUR OWN FLOWERS,900,1265,1265
21619,4 VANILLA BOTANICAL CANDLES,900,1265,1266
23123,COCKTAIL SWORDS 50 PIECES,900,1265,1267
22776,SWEETHEART CAKESTAND 3 TIER,892,1268,1268
22840,ROUND CAKE TIN VINTAGE RED,891,1269,1269
22494,EMERGENCY FIRST AID TIN,890,1270,1270
22801,ANTIQUE GLASS PEDESTAL BOWL,890,1270,1271
22360,GLASS JAR ENGLISH CONFECTIONERY,886,1272,1272
22346,PARTY PIZZA DISH GREEN POLKADOT,885,1273,1273
85034B,3 WHITE CHOC MORRIS BOXED CANDLES,884,1274,1274
48129,DOORMAT TOPIARY,880,1275,1275
22747,POPPY'S PLAYHOUSE BATHROOM,879,1276,1276
21208,PASTEL COLOUR HONEYCOMB FAN,878,1277,1277
22412,METAL SIGN NEIGHBOURHOOD WITCH,877,1278,1278
22933,BAKING MOULD EASTER EGG MILK CHOC,876,1279,1279
23138,SINGLE WIRE HOOK IVORY HEART,875,1280,1280
22070,SMALL RED RETROSPOT MUG IN BOX,874,1281,1281
22677,FRENCH BLUE METAL DOOR SIGN 2,874,1281,1282
22198,LARGE POPCORN HOLDER,873,1283,1283
22231,JIGSAW TREE WITH BIRDHOUSE,869,1284,1284
21215,IVORY PAPER CUP CAKE CASES,868,1285,1285
22743,MAKE YOUR OWN FLOWERPOWER CARD KIT,867,1286,1286
22932,BAKING MOULD TOFFEE CUP CHOCOLATE,866,1287,1287
23013,GLASS APOTHECARY BOTTLE TONIC,866,1287,1288
23056,FLOWERS CHANDELIER T-LIGHT HOLDER,866,1287,1289
21292,SMALL STRIPES CHOCOLATE GIFT BAG,865,1290,1290
21199,PINK  HEART CONFETTI IN TUBE,864,1291,1291
22686,FRENCH BLUE METAL DOOR SIGN No,859,1292,1292
23244,ROUND STORAGE TIN VINTAGE LEAF,853,1293,1293
22228,BUNNY WOODEN PAINTED WITH BIRD,852,1294,1294
21071,VINTAGE BILLBOARD DRINK ME MUG,849,1295,1295
20801,LARGE PINK GLASS SUNDAE DISH,848,1296,1296
22847,BREAD BIN DINER STYLE IVORY,847,1297,1297
22587,FELTCRAFT HAIRBAND RED AND BLUE,845,1298,1298
22523,CHILDS GARDEN FORK PINK,844,1299,1299
22269,EGG CUP NATURAL CHICKEN,841,1300,1300
22175,PINK OWL SOFT TOY,841,1300,1301
21615,4 LAVENDER BOTANICAL DINNER CANDLES,840,1302,1302
16033,MINI HIGHLIGHTER PENS,840,1302,1303
85230A,OPIUM SCENTED VOTIVE CANDLE,840,1302,1304
22580,ADVENT CALENDAR GINGHAM SACK,840,1302,1305
21107,CREAM SLICE FLANNEL PINK SPOT,840,1302,1306
23461,SWEETHEART BIRD HOUSE,839,1307,1307
23130,MISTLETOE HEART WREATH GREEN,838,1308,1308
22789,T-LIGHT HOLDER SWEETHEART HANGING,838,1308,1309
22101,MIRROR MOSAIC VOTIVE HOLDER,837,1310,1310
22768,FAMILY PHOTO FRAME CORNICE,837,1310,1311
84660A,WHITE STITCHED WALL CLOCK,837,1310,1312
21400,RED PUDDING SPOON,837,1310,1313
84997A,GREEN 3 PIECE POLKADOT CUTLERY SET,837,1310,1314
21774,DECORATIVE CATS BATHROOM BOTTLE,835,1315,1315
22566,FELTCRAFT HAIRBAND PINK AND PURPLE,834,1316,1316
22821,GIFT BAG PSYCHEDELIC APPLES,834,1316,1317
22744,MAKE YOUR OWN MONSOON CARD KIT,833,1318,1318
84828,JUNGLE POPSICLES ICE LOLLY MOULDS,833,1318,1319
22342,HOME GARLAND PAINTED ZINC,833,1318,1320
22327,ROUND SNACK BOXES SET OF 4 SKULLS,832,1321,1321
84006,MAGIC TREE -PAPER FLOWERS,832,1321,1322
22371,AIRLINE BAG VINTAGE TOKYO 78,830,1323,1323
21109,LARGE CAKE TOWEL CHOCOLATE SPOTS,830,1323,1324
23087,ZINC  HEART T-LIGHT HOLDER,830,1323,1325
22267,EASTER DECORATION EGG BUNNY,828,1326,1326
47518F,ICON PLACEMAT POP ART ELVIS,827,1327,1327
72816,SET/3 CHRISTMAS DECOUPAGE CANDLES,827,1327,1328
23347,I LOVE LONDON BEAKER,827,1327,1329
22844,VINTAGE CREAM DOG FOOD CONTAINER,826,1330,1330
22209,WOOD STAMP SET HAPPY BIRTHDAY,825,1331,1331
22222,CAKE PLATE LOVEBIRD WHITE,824,1332,1332
10002,INFLATABLE POLITICAL GLOBE,823,1333,1333
22804,PINK HANGING HEART T-LIGHT HOLDER,823,1333,1334
23239,SET OF 4 KNICK KNACK TINS POPPIES,823,1333,1335
23541,WALL ART CLASSIC PUDDINGS,821,1336,1336
22293,HANGING CHICK GREEN DECORATION,821,1336,1337
85213,MINI  ZINC GARDEN DECORATIONS,821,1336,1338
22565,FELTCRAFT HAIRBANDS PINK AND WHITE,818,1339,1339
22044,CHRISTMAS CARD STACK OF PRESENTS,816,1340,1340
85130B,BEADED CRYSTAL HEART GREEN LARGE,816,1340,1341
22529,MAGIC DRAWING SLATE GO TO THE FAIR,816,1340,1342
21211,SET OF 72 SKULL PAPER  DOILIES,816,1340,1343
22598,CHRISTMAS MUSICAL ZINC TREE,815,1344,1344
35648,VINTAGE BEAD PINK PURSE,814,1345,1345
22072,RED RETROSPOT TEA CUP AND SAUCER,813,1346,1346
84819,DANISH ROSE ROUND SEWING BOX,811,1347,1347
35095A,BLUE VICTORIAN FABRIC OVAL BOX,811,1347,1348
22476,EMPIRE UNION JACK TV DINNER TRAY,811,1347,1349
21620,SET OF 4 ROSE BOTANICAL CANDLES,811,1347,1350
85040A,S/4 PINK FLOWER CANDLES IN BOWL,807,1351,1351
21556,CERAMIC STRAWBERRY MONEY BOX,804,1352,1352
21680,WOODLAND  STICKERS,804,1352,1353
22186,RED STAR CARD HOLDER,801,1354,1354
22650,CERAMIC PIRATE CHEST MONEY BANK,800,1355,1355
22416,SET OF 36 DOILIES SPACEBOY DESIGN,800,1355,1356
23014,GLASS APOTHECARY BOTTLE ELIXIR,800,1355,1357
21789,KIDS RAIN MAC PINK,799,1358,1358
85231B,CINAMMON SET OF 9 T-LIGHTS,798,1359,1359
22586,FELTCRAFT HAIRBAND PINK AND BLUE,796,1360,1360
22285,HANGING HEN ON NEST DECORATION,795,1361,1361
22931,BAKING MOULD HEART WHITE CHOCOLATE,794,1362,1362
21756,BATH BUILDING BLOCK WORD,792,1363,1363
22627,MINT KITCHEN SCALES,792,1363,1364
23249,VINTAGE RED ENAMEL TRIM PLATE,790,1365,1365
21111,"SWISS ROLL TOWEL, CHOCOLATE  SPOTS",789,1366,1366
23388,WOODLAND MINI BACKPACK,788,1367,1367
23566,EGG CUP MILKMAID HEIDI,786,1368,1368
21832,CHOCOLATE CALCULATOR,785,1369,1369
23489,VINTAGE BELLS GARLAND,784,1370,1370
22211,WOOD STAMP SET FLOWERS,783,1371,1371
23146,TRIPLE HOOK ANTIQUE IVORY ROSE,781,1372,1372
22434,BALLOON PUMP WITH 10 BALLOONS,779,1373,1373
23184,BULL DOG BOTTLE OPENER,778,1374,1374
21355,TOAST ITS - I LOVE YOU,777,1375,1375
23222,CHRISTMAS TREE HANGING GOLD,776,1376,1376
22811,SET OF 6 T-LIGHTS CACTI,775,1377,1377
23068,ALUMINIUM STAMPED HEART,775,1377,1378
84792,ENCHANTED BIRD COATHANGER 5 HOOK,775,1377,1379
85177,BASKET OF FLOWERS SEWING KIT,775,1377,1380
22628,PICNIC BOXES SET OF 3 RETROSPOT,775,1377,1381
21110,LARGE CAKE TOWEL PINK SPOTS,775,1377,1382
21658,GLASS  BEURRE DISH,773,1383,1383
22673,FRENCH GARDEN SIGN BLUE METAL,772,1384,1384
35095B,RED VICTORIAN FABRIC OVAL BOX,772,1384,1385
21383,PACK OF 12 STICKY BUNNIES,772,1384,1386
23393,HOME SWEET HOME CUSHION COVER,769,1387,1387
15056P,EDWARDIAN PARASOL PINK,769,1387,1388
21677,HEARTS  STICKERS,766,1389,1389
22217,T-LIGHT HOLDER HANGING LACE,765,1390,1390
23214,JINGLE BELL HEART ANTIQUE GOLD,765,1390,1391
22800,ANTIQUE TALL SWIRLGLASS TRINKET POT,765,1390,1392
23118,PARISIENNE JEWELLERY DRAWER,765,1390,1393
21684,SMALL MEDINA STAMPED METAL BOWL,764,1394,1394
22639,SET OF 4 NAPKIN CHARMS HEARTS,763,1395,1395
22444,GROW YOUR OWN PLANT IN A CAN,763,1395,1396
16225,RATTLE SNAKE EGGS,762,1397,1397
22315,200 RED + WHITE BENDY STRAWS,761,1398,1398
22767,TRIPLE PHOTO FRAME CORNICE,761,1398,1399
22820,GIFT BAG BIRTHDAY,761,1398,1400
21609,SET 12 LAVENDER  BOTANICAL T-LIGHTS,761,1398,1401
23088,ZINC HEART FLOWER T-LIGHT HOLDER,760,1402,1402
21328,BALLOONS  WRITING SET,760,1402,1403
22321,BIRD DECORATION RED RETROSPOT,760,1402,1404
21922,UNION STRIPE WITH FRINGE  HAMMOCK,759,1405,1405
23133,LARGE IVORY HEART WALL ORGANISER,759,1405,1406
37447,CERAMIC CAKE DESIGN SPOTTED PLATE,757,1407,1407
21530,DAIRY MAID TOASTRACK,756,1408,1408
23269,SET OF 2 CERAMIC CHRISTMAS TREES,755,1409,1409
22778,GLASS CLOCHE SMALL,755,1409,1410
40001,WHITE BAMBOO RIBS LAMPSHADE,755,1409,1411
21616,4 PEAR BOTANICAL DINNER CANDLES,755,1409,1412
21354,TOAST ITS - BEST MUM,753,1413,1413
22286,DECORATION WOBBLY RABBIT METAL,753,1413,1414
22678,FRENCH BLUE METAL DOOR SIGN 3,751,1415,1415
85032B,BLOSSOM IMAGES GIFT WRAP SET,751,1415,1416
22649,STRAWBERRY FAIRY CAKE TEAPOT,751,1415,1417
22854,CREAM SWEETHEART EGG HOLDER,750,1418,1418
21447,12 IVORY ROSE PEG PLACE SETTINGS,749,1419,1419
23223,CHRISTMAS TREE HANGING SILVER,747,1420,1420
21452,TOADSTOOL MONEY BOX,745,1421,1421
22680,FRENCH BLUE METAL DOOR SIGN 5,745,1421,1422
22304,COFFEE MUG BLUE PAISLEY DESIGN,744,1423,1423
21626,VINTAGE UNION JACK PENNANT,742,1424,1424
85036C,ROSE 1 WICK MORRIS BOXED CANDLE,742,1424,1425
23237,SET OF 4 KNICK KNACK TINS LEAF,740,1426,1426
79066K,RETRO MOD TRAY,739,1427,1427
85032A,ROMANTIC IMAGES GIFT WRAP SET,738,1428,1428
22547,MINI JIGSAW DINOSAUR,738,1428,1429
23282,FOLDING BUTTERFLY MIRROR IVORY,735,1430,1430
21224,SET/4 SKULL BADGES,734,1431,1431
21899,GARAGE KEY FOB,733,1432,1432
70007,HI TEC ALPINE HAND WARMER,732,1433,1433
21586,KINGS CHOICE GIANT TUBE MATCHES,731,1434,1434
22634,CHILDS BREAKFAST SET SPACEBOY,731,1434,1435
22365,DOORMAT RESPECTABLE HOUSE,730,1436,1436
20956,PORCELAIN T-LIGHT HOLDERS ASSORTED,730,1436,1437
22968,ROSE COTTAGE KEEPSAKE BOX,729,1438,1438
22100,SKULLS SQUARE TISSUE BOX,729,1438,1439
22307,GOLD MUG BONE CHINA TREE OF LIFE,729,1438,1440
23695,DOILY THANK YOU CARD,727,1441,1441
23494,VINTAGE DOILY DELUXE SEWING KIT,726,1442,1442
21503,TOYBOX  WRAP,726,1442,1443
22483,RED GINGHAM TEDDY BEAR,726,1442,1444
22040,BOTANICAL ROSE GIFT WRAP,725,1445,1445
35924,HANGING FAIRY CAKE DECORATION,724,1446,1446
22487,WHITE WOOD GARDEN PLANT LADDER,724,1446,1447
21411,GINGHAM HEART  DOORSTOP RED,722,1448,1448
22366,DOORMAT AIRMAIL,722,1448,1449
22258,FELT FARM ANIMAL RABBIT,722,1448,1450
22647,CERAMIC LOVE HEART MONEY BANK,721,1451,1451
23224,CHERUB HEART DECORATION GOLD,719,1452,1452
23390,DOLLY GIRL MINI BACKPACK,717,1453,1453
82486,3 DRAWER ANTIQUE WHITE WOOD CABINET,715,1454,1454
22424,ENAMEL BREAD BIN CREAM,713,1455,1455
21386,IVORY HANGING DECORATION  EGG,713,1455,1456
22071,SMALL WHITE RETROSPOT MUG IN BOX,711,1457,1457
22605,WOODEN CROQUET GARDEN SET,709,1458,1458
23235,STORAGE TIN VINTAGE LEAF,705,1459,1459
84926D,LA PALMIERA TILE COASTER,705,1459,1460
22520,CHILDS GARDEN TROWEL BLUE,705,1459,1461
22845,VINTAGE CREAM CAT FOOD CONTAINER,704,1462,1462
22133,PINK LOVE HEART SHAPE CUP,702,1463,1463
21713,CITRONELLA CANDLE FLOWERPOT,701,1464,1464
37413,ICON MUG REVOLUTIONARY,701,1464,1465
16161G,WRAP BAD HAIR DAY,700,1466,1466
22688,DOORMAT PEACE ON EARTH BLUE,700,1466,1467
22354,RETROSPOT PADDED SEAT CUSHION,700,1466,1468
84660B,BLACK STITCHED WALL CLOCK,697,1469,1469
22129,PARTY CONES CANDY TREE DECORATION,696,1470,1470
23395,BELLE JARDINIERE CUSHION COVER,696,1470,1471
22695,WICKER WREATH SMALL,695,1472,1472
22481,BLACK TEA TOWEL CLASSIC DESIGN,694,1473,1473
22696,WICKER WREATH LARGE,694,1473,1474
85116,BLACK CANDELABRA T-LIGHT HOLDER,694,1473,1475
22863,SOAP DISH BROCANTE,693,1476,1476
47480,HANGING PHOTO CLIP ROPE LADDER,692,1477,1477
72349B,SET/6 PURPLE BUTTERFLY T-LIGHTS,689,1478,1478
23534,WALL ART STOP FOR TEA,689,1478,1479
22224,WHITE LOVEBIRD LANTERN,688,1480,1480
21066,VINTAGE RED MUG,688,1480,1481
23033,DRAWER KNOB CERAMIC RED,685,1482,1482
21905,MORE BUTTER METAL SIGN,685,1482,1483
22334,DINOSAUR PARTY BAG + STICKER SET,684,1484,1484
22305,COFFEE MUG PINK PAISLEY DESIGN,684,1484,1485
22831,WHITE BROCANTE SOAP DISH,684,1484,1486
21318,GLASS CHALICE BLUE SMALL,680,1487,1487
23348,CHILDRENS TOY COOKING UTENSIL SET,680,1487,1488
23435,3 RAFFIA RIBBONS VINTAGE CHRISTMAS,679,1489,1489
23502,PLAYING CARDS VINTAGE DOILY,677,1490,1490
22807,SET OF 6 T-LIGHTS TOADSTOOLS,676,1491,1491
84459B,YELLOW METAL CHICKEN HEART,676,1491,1492
22735,RIBBON REEL SOCKS AND MITTENS,673,1493,1493
18097C,WHITE TALL PORCELAIN T-LIGHT HOLDER,673,1493,1494
22935,BAKING MOULD ROSE MILK CHOCOLATE,673,1493,1495
21249,WOODLAND  HEIGHT CHART STICKERS,672,1496,1496
84459A,PINK METAL CHICKEN HEART,671,1497,1497
72807C,SET/3 VANILLA SCENTED CANDLE IN BOX,669,1498,1498
37450,CERAMIC CAKE BOWL + HANGING CAKES,668,1499,1499
22092,BLUE PAISLEY TISSUE BOX,668,1499,1500
23473,WOODLAND SMALL RED FELT HEART,666,1501,1501
21112,SWISS ROLL TOWEL PINK  SPOTS,666,1501,1502
23110,PARISIENNE KEY CABINET,664,1503,1503
16015,MEDIUM CHINESE STYLE SCISSOR,662,1504,1504
35598D,PINK/WHITE CHRISTMAS TREE 60CM,660,1505,1505
22426,ENAMEL WASH BOWL CREAM,660,1505,1506
16169M,WRAP DAISY CARPET,660,1505,1507
85183A,CHARLIE & LOLA WASTEPAPER BIN BLUE,657,1508,1508
22635,CHILDS BREAKFAST SET DOLLY GIRL,657,1508,1509
79190B,RETRO PLASTIC POLKA TRAY,655,1510,1510
84032B,CHARLIE + LOLA RED HOT WATER BOTTLE,654,1511,1511
21648,ASSORTED TUTTI FRUTTI SMALL PURSE,654,1511,1512
22838,3 TIER CAKE TIN RED AND CREAM,652,1513,1513
22252,BIRDCAGE DECORATION TEALIGHT HOLDER,650,1514,1514
23535,WALL ART BICYCLE SAFETY,649,1515,1515
20802,SMALL GLASS SUNDAE DISH CLEAR,648,1516,1516
20846,ZINC HEART LATTICE T-LIGHT HOLDER,647,1517,1517
22679,FRENCH BLUE METAL DOOR SIGN 4,647,1517,1518
23127,FELTCRAFT GIRL NICOLE KIT,646,1519,1519
22249,DECORATION WHITE CHICK MAGIC GARDEN,645,1520,1520
44234,ASSORTED CIRCULAR MOBILE,645,1520,1521
21463,MIRRORED DISCO BALL,644,1522,1522
79337,BLUE FLOCK GLASS CANDLEHOLDER,644,1522,1523
22664,TOY TIDY DOLLY GIRL DESIGN,642,1524,1524
84660C,PINK STITCHED WALL CLOCK,639,1525,1525
22316,200 BENDY SKULL STRAWS,638,1526,1526
22337,ANGEL DECORATION PAINTED ZINC,635,1527,1527
22242,5 HOOK HANGER MAGIC TOADSTOOL,631,1528,1528
22134,MINI LADLE LOVE HEART RED,631,1528,1529
85032D,YULETIDE IMAGES GIFT WRAP SET,630,1530,1530
15044D,RED PAPER PARASOL,630,1530,1531
22742,MAKE YOUR OWN PLAYTIME CARD KIT,628,1532,1532
22681,FRENCH BLUE METAL DOOR SIGN 6,627,1533,1533
85176,SEWING SUSAN 21 NEEDLE SET,626,1534,1534
22846,BREAD BIN DINER STYLE RED,626,1534,1535
22163,HEART STRING MEMO HOLDER HANGING,626,1534,1536
72586,SET OF 6 HALLOWEEN GHOST T-LIGHTS,626,1534,1537
35964,FOLKART CLIP ON STARS,624,1538,1538
22232,JIGSAW TOADSTOOLS 3 PIECE,623,1539,1539
85159B,"WHITE TEA,COFFEE,SUGAR JARS",622,1540,1540
22575,METAL MERRY CHRISTMAS WREATH,622,1540,1541
21927,BLUE/CREAM STRIPE CUSHION COVER,622,1540,1542
22110,BIRD HOUSE HOT WATER BOTTLE,618,1543,1543
84341B,SMALL PINK MAGIC CHRISTMAS TREE,618,1543,1544
22682,FRENCH BLUE METAL DOOR SIGN 7,618,1543,1545
21822,GLITTER CHRISTMAS TREE WITH BELLS,615,1546,1546
22689,DOORMAT MERRY CHRISTMAS RED,614,1547,1547
22480,RED TEA TOWEL CLASSIC DESIGN,613,1548,1548
21949,SET OF 6 STRAWBERRY CHOPSTICKS,613,1548,1549
90058B,CRYSTAL STUD EARRINGS ASSORTED COL,612,1550,1550
84509A,SET OF 4 ENGLISH ROSE PLACEMATS,612,1550,1551
21864,UNION JACK FLAG PASSPORT COVER,610,1552,1552
22521,CHILDS GARDEN TROWEL PINK,607,1553,1553
85071C,"CHARLIE+LOLA\"EXTREMELY BUSY\" SIGN",607,1553,1554
22990,COTTON APRON PANTRY DESIGN,607,1553,1555
22588,CARD HOLDER GINGHAM HEART,605,1556,1556
35810A,ENAMEL PINK COFFEE CONTAINER,603,1557,1557
21882,SKULLS TAPE,600,1558,1558
72225C,LAVENDER SCENT CAKE CANDLE,600,1558,1559
23057,BEADED CHANDELIER T-LIGHT HOLDER,599,1560,1560
21125,SET 6 FOOTBALL CELEBRATION CANDLES,598,1561,1561
85032C,CURIOUS IMAGES GIFT WRAP SET,597,1562,1562
84926A,WAKE UP COCKEREL TILE COASTER,597,1562,1563
23109,LED TEA LIGHTS,596,1564,1564
23403,LETTER HOLDER HOME SWEET HOME,596,1564,1565
21947,SET OF 6 HEART CHOPSTICKS,596,1564,1566
22081,RIBBON REEL FLORA + FAUNA,595,1567,1567
22062,CERAMIC BOWL WITH LOVE HEART DESIGN,595,1567,1568
22254,FELT TOADSTOOL LARGE,594,1569,1569
22524,CHILDRENS GARDEN GLOVES BLUE,592,1570,1570
47567B,TEA TIME KITCHEN APRON,592,1570,1571
23392,SPACEBOY ROCKET LOLLY MAKERS,592,1570,1572
23398,HANGING HEART BONHEUR,591,1573,1573
79051A,SMOKEY GREY COLOUR D.O.F. GLASS,591,1573,1574
21329,DINOSAURS  WRITING SET,589,1575,1575
20966,SANDWICH BATH SPONGE,589,1575,1576
23564,EGG CUP MILKMAID INGRID,587,1577,1577
21578,WOODLAND DESIGN  COTTON TOTE BAG,586,1578,1578
85114A,BLACK ENCHANTED FOREST PLACEMAT,585,1579,1579
23252,VINTAGE RED ENAMEL TRIM JUG,582,1580,1580
22942,CHRISTMAS LIGHTS 10 SANTAS,581,1581,1581
23568,EGG CUP HENRIETTA HEN CREAM,580,1582,1582
21112,"SWISS ROLL TOWEL, PINK  SPOTS",579,1583,1583
22057,CERAMIC PLATE STRAWBERRY DESIGN,578,1584,1584
22181,SNOWSTORM PHOTO FRAME FRIDGE MAGNET,577,1585,1585
21041,RED RETROSPOT OVEN GLOVE DOUBLE,576,1586,1586
23131,MISTLETOE HEART WREATH CREAM,576,1586,1587
22683,FRENCH BLUE METAL DOOR SIGN 8,575,1588,1588
85231G,ORANGE SCENTED SET/9 T-LIGHTS,573,1589,1589
21059,PARTY INVITES DINOSAURS,573,1589,1590
84763,ZINC FINISH 15CM PLANTER POTS,573,1589,1591
22842,BISCUIT TIN VINTAGE RED,572,1592,1592
22052,VINTAGE CARAVAN GIFT WRAP,571,1593,1593
23052,RECYCLED ACAPULCO MAT TURQUOISE,571,1593,1594
85203,HANGING WOOD AND FELT BUTTERFLY,570,1595,1595
22926,IVORY GIANT GARDEN THERMOMETER,569,1596,1596
22687,DOORMAT CHRISTMAS VILLAGE,568,1597,1597
22860,EASTER TIN CHICKS PINK DAISY,567,1598,1598
21012,ANTIQUE ALL GLASS CANDLESTICK,567,1598,1599
22190,LOCAL CAFE MUG,566,1600,1600
22636,CHILDS BREAKFAST SET CIRCUS PARADE,566,1600,1601
23559,WOODLAND BUNNIES LOLLY MAKERS,566,1600,1602
22061,LARGE CAKE STAND  HANGING STRAWBERY,565,1603,1603
84944,SET OF 6 KASHMIR FOLKART BAUBLES,564,1604,1604
22856,ASSORTED EASTER DECORATIONS  BELLS,564,1604,1605
23048,SET OF 10 LANTERNS FAIRY LIGHT STAR,564,1604,1606
23164,REGENCY CAKE SLICE,564,1604,1607
37449,CERAMIC CAKE STAND + HANGING CAKES,562,1608,1608
23055,IVORY CHANDELIER T-LIGHT HOLDER,561,1609,1609
22934,BAKING MOULD EASTER EGG WHITE CHOC,560,1610,1610
35957,SMALLFOLKART BAUBLE CHRISTMAS DEC,558,1611,1611
85035B,CHOCOLATE 3 WICK MORRIS BOX CANDLE,558,1611,1612
23515,EMBROIDERED RIBBON REEL DAISY,558,1611,1613
23553,LANDMARK FRAME CAMDEN TOWN,558,1611,1614
23513,EMBROIDERED RIBBON REEL SUSIE,556,1615,1615
47422,ASSORTED MONKEY SUCTION CUP HOOK,555,1616,1616
35598B,BLACK CHRISTMAS TREE 60CM,554,1617,1617
22796,PHOTO FRAME 3 CLASSIC HANGING,554,1617,1618
22756,LARGE YELLOW BABUSHKA NOTEBOOK,554,1617,1619
22313,OFFICE MUG WARMER PINK,553,1620,1620
22595,CHRISTMAS GINGHAM HEART,552,1621,1621
85130D,BEADED CRYSTAL HEART PINK LARGE,552,1621,1622
85054,FRENCH ENAMEL POT W LID,551,1623,1623
84422,PINK/BLUE DISC/MIRROR STRING,551,1623,1624
21577,SAVE THE PLANET COTTON TOTE BAG,549,1625,1625
23091,ZINC HERB GARDEN CONTAINER,546,1626,1626
23152,IVORY SWEETHEART WIRE LETTER RACK,545,1627,1627
22430,ENAMEL WATERING CAN CREAM,544,1628,1628
22063,CERAMIC BOWL WITH STRAWBERRY DESIGN,544,1628,1629
22685,FRENCH BLUE METAL DOOR SIGN 0,543,1630,1630
22255,FELT TOADSTOOL  SMALL,542,1631,1631
23003,TRAVEL CARD WALLET VINTAGE ROSE,541,1632,1632
21640,ASSORTED TUTTI FRUTTI  FOB NOTEBOOK,541,1632,1633
22233,JIGSAW RABBIT AND BIRDHOUSE,541,1632,1634
23283,DOORMAT VINTAGE LEAF,541,1632,1635
22361,GLASS JAR DAISY FRESH COTTON WOOL,539,1636,1636
85049D,BRIGHT BLUES RIBBONS,539,1636,1637
23490,T-LIGHT HOLDER HANGING LOVE BIRD,539,1636,1638
21327,SKULLS WRITING SET,538,1639,1639
21866,UNION JACK FLAG LUGGAGE TAG,537,1640,1640
22947,WOODEN ADVENT CALENDAR RED,536,1641,1641
23418,LAVENDER TOILETTE BOTTLE,534,1642,1642
22781,GUMBALL MAGAZINE RACK,533,1643,1643
17013D,ORIGAMI ROSE INCENSE IN TUBE,532,1644,1644
22310,IVORY KNITTED MUG COSY,531,1645,1645
72803A,ROSE SCENT CANDLE JEWELLED DRAWER,530,1646,1646
85106,CUT GLASS HEXAGON T-LIGHT HOLDER,530,1646,1647
22583,PACK OF 6 HANDBAG GIFT BOXES,529,1648,1648
23358,HOT STUFF HOT WATER BOTTLE,528,1649,1649
23396,LE JARDIN BOTANIQUE CUSHION COVER,527,1650,1650
23511,EMBROIDERED RIBBON REEL EMILY,526,1651,1651
85186A,EASTER BUNNY GARLAND OF FLOWERS,525,1652,1652
21675,BUTTERFLIES STICKERS,525,1652,1653
21115,ROSE CARAVAN DOORSTOP,523,1654,1654
85016,SET OF 6 VINTAGE NOTELETS KIT,522,1655,1655
22287,DECORATION WOBBLY CHICKEN,521,1656,1656
22251,BIRDHOUSE DECORATION MAGIC GARDEN,520,1657,1657
22261,FELT EGG COSY WHITE RABBIT,520,1657,1658
22364,GLASS JAR DIGESTIVE BISCUITS,519,1659,1659
47021G,SET/6 BEAD COASTERS GAUZE BAG GOLD,518,1660,1660
23216,LAUREL HEART ANTIQUE GOLD,518,1660,1661
23534,STOP FOR TEA WALL ART,518,1660,1662
22841,ROUND CAKE TIN VINTAGE GREEN,517,1663,1663
22314,OFFICE MUG WARMER CHOC+BLUE,517,1663,1664
22265,EASTER DECORATION NATURAL CHICK,514,1665,1665
35646,VINTAGE BEAD PINK EVENING BAG,513,1666,1666
22458,CAST IRON HOOK GARDEN FORK,513,1666,1667
85132B,CHARLIE AND LOLA TABLE TINS,513,1666,1668
84827,ASS DES PHONE SPONGE CRAFT STICKER,511,1669,1669
51008,AFGHAN SLIPPER SOCK PAIR,511,1669,1670
23452,HEART MINI PORTRAIT FRAME,510,1671,1671
21039,RED RETROSPOT SHOPPING BAG,510,1671,1672
23092,LARGE ANTIQUE WHITE PHOTO FRAME,509,1673,1673
22085,PAPER CHAIN KIT SKULLS,507,1674,1674
21373,MIRRORED WALL ART SNOWFLAKES,507,1674,1675
22592,CARDHOLDER HOLLY WREATH METAL,506,1676,1676
22105,MIRROR MOSAIC GOBLET CANDLE HOLDER,506,1676,1677
22120,WELCOME  WOODEN BLOCK LETTERS,505,1678,1678
22116,METAL SIGN HIS DINNER IS SERVED,505,1678,1679
22626,BLACK KITCHEN SCALES,504,1680,1680
16049,TEATIME GEL PENS ASST,504,1680,1681
23026,DRAWER KNOB VINTAGE GLASS STAR,504,1680,1682
21272,SALLE DE BAIN HOOK,503,1683,1683
22312,OFFICE MUG WARMER POLKADOT,503,1683,1684
22268,EASTER DECORATION SITTING BUNNY,503,1683,1685
23124,18PC WOODEN CUTLERY SET DISPOSABLE,503,1683,1686
84754,S/15 SILVER GLASS BAUBLES IN BAG,502,1687,1687
85169A,IVORY LOVE BIRD CANDLE,502,1687,1688
85094,CANDY SPOT EGG WARMER RABBIT,502,1687,1689
84976,RECTANGULAR SHAPED MIRROR,502,1687,1690
21794,CLASSIC FRENCH STYLE BASKET NATURAL,501,1691,1691
21062,PARTY INVITES SPACEMAN,501,1691,1692
85019B,BLOSSOM  IMAGES NOTEBOOK SET,498,1693,1693
21730,GLASS STAR FROSTED T-LIGHT HOLDER,498,1693,1694
82567,"AIRLINE LOUNGE,METAL SIGN",497,1695,1695
85174,S/4 CACTI CANDLES,497,1695,1696
21471,STRAWBERRY RAFFIA FOOD COVER,495,1697,1697
22229,BUNNY WOODEN PAINTED WITH FLOWER,495,1697,1698
85034A,3 GARDENIA MORRIS BOXED CANDLES,492,1699,1699
85039B,S/4 IVORY MINI ROSE CANDLE IN BOWL,491,1700,1700
84509G,SET OF 4 FAIRY CAKE PLACEMATS,491,1700,1701
21643,ASSORTED TUTTI FRUTTI MIRROR,490,1702,1702
22176,BLUE OWL SOFT TOY,489,1703,1703
37482P,CUBIC MUG PINK POLKADOT,489,1703,1704
21257,VICTORIAN SEWING BOX MEDIUM,489,1703,1705
21116,OWL DOORSTOP,489,1703,1706
75131,METAL TUBE CHIME ON BAMBOO,488,1707,1707
21126,SET OF 6 GIRLS CELEBRATION CANDLES,488,1707,1708
21065,BOOM BOX SPEAKER GIRLS,487,1709,1709
21306,SET/4 DAISY MIRROR MAGNETS,487,1709,1710
22393,PAPERWEIGHT VINTAGE COLLAGE,487,1709,1711
23058,CHRISTMAS HANGING SNOWFLAKE,486,1712,1712
22247,BUNNY DECORATION MAGIC GARDEN,485,1713,1713
23512,EMBROIDERED RIBBON REEL ROSIE,485,1713,1714
21063,PARTY INVITES JAZZ HEARTS,483,1715,1715
21906,PHARMACIE FIRST AID TIN,483,1715,1716
84520B,PACK 20 ENGLISH ROSE PAPER NAPKINS,481,1717,1717
22279,POCKET BAG BLUE PAISLEY RED SPOT,480,1718,1718
84849D,HOT BATHS SOAP HOLDER,479,1719,1719
85130C,BEADED CRYSTAL HEART BLUE  LARGE,479,1719,1720
22905,CALENDAR IN SEASON DESIGN,478,1721,1721
21311,SET/4 BIRD MIRROR MAGNETS,478,1721,1722
84519A,TOMATO CHARLIE+LOLA COASTER SET,477,1723,1723
21894,POTTING SHED SEED ENVELOPES,476,1724,1724
22038,BOTANICAL LAVENDER GIFT WRAP,475,1725,1725
35004B,SET OF 3 BLACK FLYING DUCKS,475,1725,1726
23526,WALL ART DOG LICENCE,474,1727,1727
44235,ASS COL CIRCLE MOBILE,474,1727,1728
21175,GIN AND TONIC DIET METAL SIGN,474,1727,1729
21617,4 LILY  BOTANICAL DINNER CANDLES,473,1730,1730
22445,PENCIL CASE LIFE IS BEAUTIFUL,472,1731,1731
23112,PARISIENNE CURIO CABINET,472,1731,1732
21991,BOHEMIAN COLLAGE STATIONERY SET,471,1733,1733
82613D,METAL SIGN CUPCAKE SINGLE HOOK,470,1734,1734
85131A,BEADED PEARL HEART WHITE ON STICK,469,1735,1735
84596J,MIXED NUTS LIGHT GREEN BOWL,469,1735,1736
21527,RED RETROSPOT TRADITIONAL TEAPOT,468,1737,1737
16052,TEATIME PUSH DOWN RUBBER,467,1738,1738
22468,BABUSHKA LIGHTS STRING OF 10,467,1738,1739
22541,MINI JIGSAW LEAP FROG,466,1740,1740
22684,FRENCH BLUE METAL DOOR SIGN 9,464,1741,1741
20840,FRENCH FLORAL CUSHION COVER,464,1741,1742
22719,GUMBALL MONOCHROME COAT RACK,463,1743,1743
22485,SET OF 2 WOODEN MARKET CRATES,462,1744,1744
20986,BLUE CALCULATOR RULER,462,1744,1745
22783,SET 3 WICKER OVAL BASKETS W LIDS,462,1744,1746
84313C,ORANGE TV TRAY TABLE,461,1747,1747
72598,SET/12 TAPER CANDLES,459,1748,1748
23050,RECYCLED ACAPULCO MAT GREEN,459,1748,1749
23535,BICYCLE SAFTEY WALL ART,458,1750,1750
23514,EMBROIDERED RIBBON REEL SALLY,458,1750,1751
22525,CHILDRENS GARDEN GLOVES PINK,458,1750,1752
85114C,RED ENCHANTED FOREST PLACEMAT,457,1753,1753
21801,CHRISTMAS TREE DECORATION WITH BELL,457,1753,1754
21520,BOOZE & WOMEN GREETING CARD,457,1753,1755
22358,KINGS CHOICE TEA CADDY,456,1756,1756
84625A,PINK NEW BAROQUECANDLESTICK CANDLE,455,1757,1757
75178,ASSTD COL BUTTERFLY/CRYSTAL W/CHIME,455,1757,1758
85132A,CHARLIE + LOLA BISCUITS TINS,455,1757,1759
17012B,ORIGAMI JASMINE INCENSE/CANDLE SET,455,1757,1760
22363,GLASS JAR MARMALADE,454,1761,1761
72800E,4 IVORY DINNER CANDLES SILVER FLOCK,453,1762,1762
20886,BOX OF 9 PEBBLE CANDLES,453,1762,1763
22288,HANGING METAL RABBIT DECORATION,453,1762,1764
20839,FRENCH PAISLEY CUSHION COVER,452,1765,1765
85159A,"BLACK TEA,COFFEE,SUGAR JARS",451,1766,1766
85093,CANDY SPOT EGG WARMER HARE,451,1766,1767
23007,SPACEBOY BABY GIFT SET,450,1768,1768
84032A,CHARLIE+LOLA PINK HOT WATER BOTTLE,449,1769,1769
21202,DOLLY HONEYCOMB GARLAND,449,1769,1770
22250,DECORATION  BUTTERFLY  MAGIC GARDEN,449,1769,1771
23075,PARLOUR CERAMIC WALL HOOK,448,1772,1772
85049H,URBAN BLACK RIBBONS,448,1772,1773
23400,SHELF WITH 4 HOOKS HOME SWEET HOME,448,1772,1774
22374,AIRLINE BAG VINTAGE JET SET RED,448,1772,1775
22482,BLUE TEA TOWEL CLASSIC DESIGN,448,1772,1776
79160,HEART SHAPE WIRELESS DOORBELL,446,1777,1777
16258A,SWIRLY CIRCULAR RUBBERS IN BAG,445,1778,1778
85039A,SET/4 RED MINI ROSE CANDLE IN BOWL,445,1778,1779
21898,POTTING SHED ROSE CANDLE,445,1778,1780
21289,LARGE STRIPES CHOCOLATE GIFT BAG,443,1781,1781
23401,RUSTIC MIRROR WITH LACE HEART,443,1781,1782
22123,PING MICROWAVE APRON,443,1781,1783
21043,APRON MODERN VINTAGE COTTON,443,1781,1784
84625C,BLUE NEW BAROQUE CANDLESTICK CANDLE,439,1785,1785
23556,LANDMARK FRAME COVENT GARDEN,438,1786,1786
23697,A PRETTY THANK YOU CARD,438,1786,1787
23419,HOME SWEET HOME BOTTLE,438,1786,1788
22911,PAPER CHAIN KIT LONDON,438,1786,1789
23081,GREEN METAL BOX ARMY SUPPLIES,438,1786,1790
22473,TV DINNER TRAY VINTAGE PAISLEY,437,1791,1791
21194,PINK  HONEYCOMB PAPER FAN,437,1791,1792
22068,BLACK PIRATE TREASURE CHEST,437,1791,1793
21747,SMALL SKULL WINDMILL,437,1791,1794
22701,PINK DOG BOWL,436,1795,1795
22981,PANTRY APPLE CORER,436,1795,1796
22953,BIRTHDAY PARTY CORDON BARRIER TAPE,436,1795,1797
23357,HOT WATER BOTTLE SEX BOMB,435,1798,1798
23049,RECYCLED ACAPULCO MAT RED,435,1798,1799
23406,HOME SWEET HOME KEY HOLDER,435,1798,1800
22425,ENAMEL COLANDER CREAM,434,1801,1801
22843,BISCUIT TIN VINTAGE GREEN,434,1801,1802
85180A,RED HEARTS LIGHT CHAIN,434,1801,1803
23397,FOOT STOOL HOME SWEET HOME,434,1801,1804
85173,SET/6 FROG PRINCE T-LIGHT CANDLES,434,1801,1805
22853,CAT BOWL VINTAGE CREAM,431,1806,1806
22914,BLUE COAT RACK PARIS FASHION,428,1807,1807
37495,FAIRY CAKE BIRTHDAY CANDLE SET,428,1807,1808
15044A,PINK PAPER PARASOL,428,1807,1809
17129F,BLUE GLASS GEMS IN BAG,427,1810,1810
22925,BLUE GIANT GARDEN THERMOMETER,427,1810,1811
84519B,CARROT CHARLIE+LOLA COASTER SET,426,1812,1812
23283,DOORMAT VINTAGE LEAVES DESIGN,426,1812,1813
21258,VICTORIAN SEWING BOX LARGE,425,1814,1814
21171,BATHROOM METAL SIGN,424,1815,1815
84926F,PSYCHEDELIC TILE COASTER,423,1816,1816
35971,ROSE FOLKART HEART DECORATIONS,423,1816,1817
47574A,ENGLISH ROSE SCENTED HANGING FLOWER,423,1816,1818
23555,LANDMARK FRAME NOTTING HILL,422,1819,1819
82599,FANNY'S REST STOPMETAL SIGN,421,1820,1820
23554,LANDMARK FRAME OXFORD STREET,421,1820,1821
23008,DOLLY GIRL BABY GIFT SET,421,1820,1822
23598,PAPER BUNTING VINTAGE PARTY,421,1820,1823
21204,DAISIES  HONEYCOMB GARLAND,419,1824,1824
21948,SET OF 6 CAKE CHOPSTICKS,418,1825,1825
22822,CREAM WALL PLANTER HEART SHAPED,417,1826,1826
21195,PINK  HONEYCOMB PAPER BALL,417,1826,1827
23022,SMALL BONNE JAM JAR  T-LIGHT HOLDER,416,1828,1828
21807,WHITE CHRISTMAS STAR DECORATION,415,1829,1829
23482,PEARLISED IVORY HEART LARGE,415,1829,1830
21926,RED/CREAM STRIPE CUSHION COVER,414,1831,1831
85186C,BUNNY EGG GARLAND,413,1832,1832
23424,GINGHAM RECIPE BOOK BOX,413,1832,1833
23558,LANDMARK FRAME LONDON BRIDGE,413,1832,1834
21061,PARTY INVITES FOOTBALL,412,1835,1835
21785,RAIN PONCHO,411,1836,1836
15060B,FAIRY CAKE DESIGN UMBRELLA,411,1836,1837
22260,FELT EGG COSY BLUE RABBIT,410,1838,1838
20866,BLUE ROSE FABRIC MIRROR,409,1839,1839
85019A,ROMANTIC IMAGES NOTEBOOK SET,409,1839,1840
79030D,TUMBLER BAROQUE,408,1841,1841
23325,RUSTIC STRAWBERRY JAM POT SMALL,408,1841,1842
23526,DOG LICENCE WALL ART,408,1841,1843
22179,SET 10 LIGHTS NIGHT OWL,407,1844,1844
23139,SINGLE WIRE HOOK PINK HEART,407,1844,1845
21717,EASTER TIN BUCKET,405,1846,1846
23338,EGG FRYING PAN RED,405,1846,1847
22341,LOVE GARLAND PAINTED ZINC,405,1846,1848
23125,6PC WOOD PLATE SET DISPOSABLE,405,1846,1849
17136A,BLUE STONES ON WIRE FOR CANDLE,404,1850,1850
23219,LAUREL STAR ANTIQUE SILVER,404,1850,1851
21925,UNION STRIPE CUSHION COVER,403,1852,1852
21897,POTTING SHED CANDLE CITRONELLA,402,1853,1853
22127,PARTY CONES CARNIVAL ASSORTED,402,1853,1854
82613B,"METAL SIGN,CUPCAKE SINGLE HOOK",401,1855,1855
21446,12 RED ROSE PEG PLACE SETTINGS,400,1856,1856
23205,CHARLOTTE BAG ALPHABET  DESIGN,400,1856,1857
84535A,ENGLISH ROSE NOTEBOOK A6 SIZE,398,1858,1858
22318,FIVE HEART HANGING DECORATION,396,1859,1859
22927,GREEN GIANT GARDEN THERMOMETER,395,1860,1860
23394,POSTE FRANCE CUSHION COVER,395,1860,1861
21191,LARGE WHITE HONEYCOMB PAPER BELL,394,1862,1862
85114B,IVORY ENCHANTED FOREST PLACEMAT,394,1862,1863
72799E,IVORY PILLAR CANDLE SILVER FLOCK,394,1862,1864
23314,VINTAGE CHRISTMAS TABLECLOTH,393,1865,1865
35004C,SET OF 3 COLOURED  FLYING DUCKS,393,1865,1866
84596E,SMALL LICORICE DES PINK BOWL,392,1867,1867
22322,BIRD DECORATION GREEN POLKADOT,390,1868,1868
22179,SET 10 NIGHT OWL LIGHTS,389,1869,1869
35809A,ENAMEL PINK TEA CONTAINER,389,1869,1870
22067,CHOC TRUFFLE GOLD TRINKET POT,389,1869,1871
21442,GREEN BIRDHOUSE DECORATION,389,1869,1872
22452,MEASURING TAPE BABUSHKA PINK,388,1873,1873
17012D,ORIGAMI ROSE INCENSE/CANDLE SET,387,1874,1874
22559,SEASIDE FLYING DISC,387,1874,1875
22538,MINI JIGSAW GO TO THE FAIR,387,1874,1876
23536,VILLAGE SHOW WALL ART,386,1877,1877
72760B,VINTAGE CREAM 3 BASKET CAKE STAND,386,1877,1878
77101A,UNION FLAG WINDSOCK,386,1877,1879
21284,RETROSPOT CANDLE  SMALL,385,1880,1880
22259,FELT FARM ANIMAL HEN,384,1881,1881
21666,RIDGED GLASS T-LIGHT HOLDER,384,1881,1882
22199,FRYING PAN RED RETROSPOT,383,1883,1883
22248,DECORATION  PINK CHICK MAGIC GARDEN,383,1883,1884
20868,SILVER FABRIC MIRROR,381,1885,1885
35967,FOLK ART METAL STAR T-LIGHT HOLDER,381,1885,1886
21441,BLUE BIRDHOUSE DECORATION,376,1887,1887
23545,WRAP RED DOILEY,375,1888,1888
22459,CAST IRON HOOK GARDEN TROWEL,375,1888,1889
16156L,WRAP CAROUSEL,375,1888,1890
22591,CARDHOLDER GINGHAM CHRISTMAS TREE,374,1891,1891
85049F,BABY BOOM RIBBONS,374,1891,1892
23085,ANTIQUE SILVER BAUBLE LAMP,374,1891,1893
21724,PANDA AND BUNNIES STICKER SHEET,372,1894,1894
23218,LAUREL STAR ANTIQUE GOLD,372,1894,1895
22042,CHRISTMAS CARD SINGING ANGEL,372,1894,1896
21723,ALPHABET HEARTS STICKER SHEET,371,1897,1897
22946,WOODEN ADVENT CALENDAR CREAM,370,1898,1898
22519,CHILDS GARDEN BRUSH PINK,370,1898,1899
21744,SNOWFLAKE PORTABLE TABLE LIGHT,367,1900,1900
20752,BLUE POLKADOT WASHING UP GLOVES,367,1900,1901
81952V,ROUND PURPLE CLOCK WITH SUCKER,367,1900,1902
22890,NOVELTY BISCUITS CAKE STAND 3 TIER,366,1903,1903
22449,SILK PURSE BABUSHKA PINK,365,1904,1904
23342,MINT DINER WALL CLOCK,365,1904,1905
17012F,ORIGAMI SANDLEWOOD INCENSE/CAND SET,365,1904,1906
22839,3 TIER CAKE TIN GREEN AND CREAM,364,1907,1907
21622,VINTAGE UNION JACK CUSHION COVER,364,1907,1908
84951A,SET OF 4 PISTACHIO LOVEBIRD COASTER,363,1909,1909
22031,BOTANICAL LAVENDER BIRTHDAY CARD,363,1909,1910
17012C,ORIGAMI LAVENDER INCENSE/CANDL SET,363,1909,1911
85071D,CHARLIE+LOLA MY ROOM DOOR SIGN,362,1912,1912
82613C,"METAL SIGN,CUPCAKE SINGLE HOOK",361,1913,1913
22032,BOTANICAL LILY GREETING CARD,361,1913,1914
85036B,CHOCOLATE 1 WICK MORRIS BOX CANDLE,360,1915,1915
22471,TV DINNER TRAY AIR HOSTESS,360,1915,1916
84800L,LARGE WHITE/PINK ROSE ART FLOWER,360,1915,1917
23391,I LOVE LONDON MINI BACKPACK,360,1915,1918
23335,EGG FRYING PAN IVORY,359,1919,1919
47469,ASSORTED SHAPES PHOTO CLIP SILVER,359,1919,1920
21693,SMALL HAMMERED SILVER CANDLEPOT,358,1921,1921
23518,EMBROIDERED RIBBON REEL RACHEL,358,1921,1922
84078A,SET/4 WHITE RETRO STORAGE CUBES,357,1923,1923
21060,PARTY INVITES BALLOON GIRL,356,1924,1924
79302M,"ART LIGHTS,FUNK MONKEY",355,1925,1925
22277,COSMETIC BAG VINTAGE ROSE PAISLEY,355,1925,1926
85170D,SET/6 PINK BIRD T-LIGHT CANDLES,355,1925,1927
22852,DOG BOWL VINTAGE CREAM,354,1928,1928
23128,FELTCRAFT BOY JEAN-PAUL KIT,354,1928,1929
23272,TREE T-LIGHT HOLDER WILLIE WINKIE,352,1930,1930
23412,HEART MIRROR ANTIQUE WHITE,351,1931,1931
72807B,SET/3 OCEAN SCENT CANDLE JEWEL BOX,350,1932,1932
22021,BLUE FELT EASTER EGG BASKET,350,1932,1933
21285,RETROSPOT CANDLE  MEDIUM,350,1932,1934
22362,GLASS JAR PEACOCK BATH SALTS,349,1935,1935
17084P,DRAGONS BLOOD INCENSE,349,1935,1936
22119,PEACE WOODEN BLOCK LETTERS,348,1937,1937
71101E,STANDING FAIRY POLE SUPPORT,348,1937,1938
23694,PAISLEY PARK CARD,348,1937,1939
21365,MIRRORED WALL ART STARS,348,1937,1940
23565,EGG CUP MILKMAID HELGA,348,1937,1941
22405,MONEY BOX POCKET MONEY DESIGN,347,1942,1942
23046,PAPER LANTERN 9 POINT DELUXE STAR,347,1942,1943
23557,LANDMARK FRAME BAKER STREET,347,1942,1944
22891,TEA FOR ONE POLKADOT,345,1945,1945
22691,DOORMAT WELCOME SUNRISE,344,1946,1946
20665,RED RETROSPOT PURSE,340,1947,1947
72807A,SET/3 ROSE CANDLE IN JEWELLED BOX,340,1947,1948
79190A,RETRO PLASTIC 70'S TRAY,340,1947,1949
84279P,CHERRY BLOSSOM  DECORATIVE FLASK,339,1950,1950
21470,FLOWER VINE RAFFIA FOOD COVER,338,1951,1951
37500,TEA TIME TEAPOT IN GIFT BOX,338,1951,1952
85230F,JASMINE VOTIVE CANDLE,338,1951,1953
84356,POMPOM CURTAIN,337,1954,1954
85169C,EAU DE NIL LOVE BIRD CANDLE,336,1955,1955
84247G,"DECOUPAGE,GREETING CARD,",336,1955,1956
22033,BOTANICAL ROSE GREETING CARD,336,1955,1957
84580,MOUSE TOY WITH PINK T-SHIRT,335,1958,1958
23051,RECYCLED ACAPULCO MAT BLUE,335,1958,1959
22453,MEASURING TAPE BABUSHKA BLUE,334,1960,1960
22136,LOVE HEART SOCK HANGER,334,1960,1961
84951B,SET OF 4 BLACK LOVEBIRD COASTERS,334,1960,1962
23542,WALL ART 70'S ALPHABET,334,1960,1963
22121,NOEL WOODEN BLOCK LETTERS,333,1964,1964
22518,CHILDS GARDEN BRUSH BLUE,333,1964,1965
21792,CLASSIC FRENCH STYLE BASKET GREEN,331,1966,1966
35651,VINTAGE BEAD PINK SCARF,330,1967,1967
20838,FRENCH LATTICE CUSHION COVER,330,1967,1968
47580,TEA TIME DES TEA COSY,330,1967,1969
22215,CAKE STAND WHITE TWO TIER LACE,330,1967,1970
21187,WHITE BELL HONEYCOMB PAPER GARLAND,330,1967,1971
16168M,FUNKY MONKEY GIFT BAG MEDIUM,329,1972,1972
22777,GLASS CLOCHE LARGE,329,1972,1973
22389,PAPERWEIGHT SAVE THE PLANET,329,1972,1974
21358,TOAST ITS - HAPPY BIRTHDAY,328,1975,1975
20658,RED RETROSPOT LUGGAGE TAG,328,1975,1976
22913,RED COAT RACK PARIS FASHION,327,1977,1977
21448,12 DAISY PEGS IN WOOD BOX,327,1977,1978
21534,DAIRY MAID LARGE MILK JUG,327,1977,1979
22660,DOORMAT I LOVE LONDON,327,1977,1980
21537,RED RETROSPOT PUDDING BOWL,327,1977,1981
22216,T-LIGHT HOLDER WHITE LACE,327,1977,1982
23538,WALL ART VINTAGE HEART,327,1977,1983
23072,MARIE ANTOINETTE TRINKET BOX SILVER,326,1984,1984
22200,FRYING PAN PINK POLKADOT,326,1984,1985
23415,HOME SWEET HOME HOOK,326,1984,1986
51020A,SUMMER FUN DESIGN SHOWER CAP,325,1987,1987
85187,S/12 MINI RABBIT EASTER,324,1988,1988
23107,WHITE HEARTS WIRE PLANT POT HOLDER,324,1988,1989
22357,KINGS CHOICE BISCUIT TIN,324,1988,1990
90058A,CRYSTAL STUD EARRINGS CLEAR DISPLAY,324,1988,1991
21219,SET/4 BADGES BALLOON GIRL,323,1992,1992
22589,CARDHOLDER GINGHAM STAR,323,1992,1993
23185,FRENCH STYLE STORAGE JAR JAM,323,1992,1994
23453,OVAL  MINI PORTRAIT FRAME,323,1992,1995
23525,WALL ART BUFFALO BILL,322,1996,1996
22808,SET OF 6 T-LIGHTS EASTER CHICKS,320,1997,1997
23469,CARD HOLDER LOVE BIRD SMALL,320,1997,1998
22406,MONEY BOX KINGS CHOICE DESIGN,319,1999,1999
21562,HAWAIIAN GRASS SKIRT,319,1999,2000
23053,RECYCLED ACAPULCO MAT PINK,319,1999,2001
21454,PAINTED PINK RABBIT,318,2002,2002
23529,DOLLY GIRL WALL ART,318,2002,2003
23025,DRAWER KNOB VINTAGE GLASS BALL,317,2004,2004
21688,SILVER PLATE CANDLE BOWL SMALL,316,2005,2005
23071,MARIE ANTOINETTE TRINKET BOX GOLD,316,2005,2006
72802A,ROSE SCENT CANDLE IN JEWELLED BOX,316,2005,2007
22223,CAKE PLATE LOVEBIRD PINK,315,2008,2008
21828,EIGHT PIECE SNAKE  SET,314,2009,2009
20716,PARTY FOOD SHOPPER BAG,314,2009,2010
23517,EMBROIDERED RIBBON REEL REBECCA,312,2011,2011
23178,JAM CLOCK MAGNET,312,2011,2012
21352,EUCALYPTUS & PINECONE  WREATH,311,2013,2013
23529,WALL ART DOLLY GIRL,311,2013,2014
22203,MILK PAN RED RETROSPOT,310,2015,2015
23408,PHOTO FRAME LINEN AND LACE SMALL,310,2015,2016
22236,CAKE STAND 3 TIER MAGIC GARDEN,308,2017,2017
85025C,PINK HEART SHAPE PHOTO FRAME,308,2017,2018
82616B,FRAPPUCINO SCARF KNITTING KIT,308,2017,2019
15044B,BLUE PAPER PARASOL,307,2020,2020
21625,VINTAGE UNION JACK APRON,307,2020,2021
23528,SPACEBOY WALL ART,306,2022,2022
22606,WOODEN SKITTLES GARDEN SET,305,2023,2023
84993A,75 GREEN PETIT FOUR CASES,305,2023,2024
21913,VINTAGE SEASIDE JIGSAW PUZZLES,305,2023,2025
85025B,EAU DE NILE HEART SHAPE PHOTO FRAME,305,2023,2026
23237,SET OF 4 KNICK KNACK TINS LEAVES,304,2027,2027
21356,TOAST ITS - FAIRY FLOWER,304,2027,2028
22849,BREAD BIN DINER STYLE MINT,304,2027,2029
23179,CLOCK MAGNET MUM'S KITCHEN,304,2027,2030
22180,RETROSPOT LAMP,303,2031,2031
21694,SMALL REGAL  SILVER CANDLEPOT,303,2031,2032
21618,4 WILDFLOWER BOTANICAL CANDLES,303,2031,2033
21042,RED RETROSPOT APRON,303,2031,2034
84880,WHITE WIRE EGG HOLDER,303,2031,2035
22848,BREAD BIN DINER STYLE PINK,302,2036,2036
85188A,GREEN METAL SWINGING BUNNY,302,2036,2037
21719,LOVELY BONBON STICKER SHEET,301,2038,2038
21557,SET OF 6 FUNKY BEAKERS,300,2039,2039
22794,SWEETHEART WIRE MAGAZINE RACK,300,2039,2040
22073,RED RETROSPOT STORAGE JAR,300,2039,2041
85202,HANGING WOOD AND FELT HEART,300,2039,2042
22286,"DECORATION , WOBBLY RABBIT , METAL",298,2043,2043
21421,PORCELAIN ROSE LARGE,298,2043,2044
23474,WOODLAND SMALL BLUE FELT HEART,297,2045,2045
21683,MEDIUM MEDINA STAMPED METAL BOWL,297,2045,2046
84806B,WHITE CANDYSTUFT ARTIFICIAL FLOWER,296,2047,2047
21143,ANTIQUE GLASS HEART DECORATION,296,2047,2048
21793,CLASSIC FRENCH STYLE BASKET BROWN,296,2047,2049
23111,PARISIENNE SEWING BOX,296,2047,2050
22129,PARTY CONES CANDY DECORATION,296,2047,2051
84969,BOX OF 6 ASSORTED COLOUR TEASPOONS,295,2052,2052
84927F,PSYCHEDELIC TILE HOOK,295,2052,2053
21374,MIRRORED WALL ART SKULLS,294,2054,2054
21188,3D HEARTS  HONEYCOMB PAPER GARLAND,294,2054,2055
84558A,3D DOG PICTURE PLAYING CARDS,293,2056,2056
23660,HENRIETTA HEN MUG,293,2056,2057
22472,TV DINNER TRAY DOLLY GIRL,293,2056,2058
22107,PIZZA PLATE IN BOX,293,2056,2059
22309,TEA COSY RED  STRIPE,293,2056,2060
21972,SET OF 36 DINOSAUR PAPER DOILIES,292,2061,2061
22442,GROW YOUR OWN FLOWERS SET OF 3,292,2061,2062
20755,BLUE PAISLEY POCKET BOOK,292,2061,2063
72122,COFFEE SCENT PILLAR CANDLE,292,2061,2064
22861,EASTER TIN CHICKS IN GARDEN,292,2061,2065
23516,EMBROIDERED RIBBON REEL SOPHIE,292,2061,2066
10080,GROOVY CACTUS INFLATABLE,291,2067,2067
21820,GLITTER HEART GARLAND WITH BELLS,291,2067,2068
22894,TABLECLOTH RED APPLES DESIGN,291,2067,2069
85059,FRENCH ENAMEL WATER BASIN,290,2070,2070
21417,COCKLE SHELL DISH,289,2071,2071
20914,SET/5 RED SPOTTY LID GLASS BOWLS,288,2072,2072
23027,DRAWER KNOB VINTAGE GLASS HEXAGON,287,2073,2073
84884A,ANT WHITE WIRE HEART SPIRAL,286,2074,2074
22106,MIRROR MOSAIC HURRICANE LAMP,286,2074,2075
23010,CIRCUS PARADE BABY GIFT SET,285,2076,2076
22257,FELT FARM ANIMAL SHEEP,283,2077,2077
21775,DECORATIVE FLORE BATHROOM BOTTLE,283,2077,2078
21695,SMALL SILVER FLOWER CANDLE POT,283,2077,2079
23341,PINK DINER WALL CLOCK,282,2080,2080
22475,SKULL DESIGN TV DINNER TRAY,281,2081,2081
23475,WOODLAND SMALL PINK FELT HEART,280,2082,2082
84051,ASS COLOUR GLOWING TIARAS,280,2082,2083
23478,WOODLAND LARGE PINK FELT HEART,278,2084,2084
23067,HANGING ENGRAVED METAL HEART,277,2085,2085
82616C,MIDNIGHT GLAMOUR SCARF KNITTING KIT,277,2085,2086
20826,SILVER APERITIF GLASS,276,2087,2087
23106,ZINC HEARTS PLANT POT HOLDER,275,2088,2088
21743,STAR PORTABLE TABLE LIGHT,275,2088,2089
21371,MIRRORED WALL ART POPPIES,275,2088,2090
21725,SWEETIES  STICKERS,274,2091,2091
84559A,3D SHEET OF DOG STICKERS,272,2092,2092
23023,RIDGED BONNE JAM JAR T-LIGHT HOLDER,272,2092,2093
82001S,SILVER RECORD COVER FRAME,272,2092,2094
15044C,PURPLE PAPER PARASOL,272,2092,2095
21455,PAINTED YELLOW WOODEN DAISY,271,2096,2096
21635,MADRAS NOTEBOOK LARGE,270,2097,2097
84228,HEN HOUSE W CHICK STANDING,270,2097,2098
17012A,ORIGAMI VANILLA INCENSE/CANDLE SET,270,2097,2099
22912,YELLOW COAT RACK PARIS FASHION,270,2097,2100
23521,CAT AND BIRD WALL ART,270,2097,2101
23523,TREASURE AHOY WALL ART,270,2097,2102
84569D,PACK 6 HEART/ICE-CREAM PATCHES,269,2103,2103
23543,KEEP CALM WALL ART,269,2103,2104
23451,SQUARE MINI PORTRAIT FRAME,269,2103,2105
85232B,SET OF 3 BABUSHKA STACKING TINS,268,2106,2106
22939,APRON APPLE DELIGHT,268,2106,2107
21262,WHITE GOOSE FEATHER CHRISTMAS TREE,268,2106,2108
35819B,"ACRYLIC HANGING JEWEL,BLUE",268,2106,2109
23054,RECYCLED ACAPULCO MAT LAVENDER,268,2106,2110
21466,RED FLOWER CROCHET FOOD COVER,267,2111,2111
22165,"DIAMANTE HEART SHAPED WALL MIRROR,",267,2111,2112
23486,ANTIQUE HEART SHELF UNIT,267,2111,2113
23527,ANIMALS AND NATURE WALL ART,267,2111,2114
22246,MAGIC GARDEN FELT GARLAND,266,2115,2115
21867,PINK UNION JACK  LUGGAGE TAG,266,2115,2116
21698,MOCK LOBSTER FRIDGE MAGNET,266,2115,2117
21518,BANK ACCOUNT  GREETING  CARD,265,2118,2118
21818,GLITTER CHRISTMAS HEART,264,2119,2119
47471,RAINBOW PEGS PHOTO CLIP STRING,264,2119,2120
35818P,"ACRYLIC JEWEL ICICLE, PINK",264,2119,2121
85035A,GARDENIA 3 WICK MORRIS BOXED CANDLE,263,2122,2122
20931,BLUE POT PLANT CANDLE,263,2122,2123
22256,FELT FARM ANIMAL CHICKEN,262,2124,2124
84820,DANISH ROSE TRINKET TRAYS,261,2125,2125
23324,RUSTIC STRAWBERRY JAM POT LARGE,261,2125,2126
22514,CHILDS GARDEN SPADE BLUE,261,2125,2127
22390,PAPERWEIGHT CHILDHOOD MEMORIES,261,2125,2128
84663A,GRASS HOPPER WOODEN WALL CLOCK,260,2129,2129
23485,BOTANICAL GARDENS WALL CLOCK,259,2130,2130
20893,HANGING BAUBLE T-LIGHT HOLDER SMALL,259,2130,2131
22760,"TRAY, BREAKFAST IN BED",259,2130,2132
22283,6 EGG HOUSE PAINTED WOOD,258,2133,2133
22936,BAKING MOULD ROSE WHITE CHOCOLATE,258,2133,2134
20967,GREY FLORAL FELTCRAFT SHOULDER BAG,257,2135,2135
21264,WHITE GOOSE FEATHER TREE 60CM,256,2136,2136
21288,STRIPEY CHOCOLATE NESTING BOXES,256,2136,2137
22263,FELT EGG COSY LADYBIRD,256,2136,2138
23402,HOME SWEET HOME 3 PEG HANGER,256,2136,2139
23524,HORSE & PONY WALL ART,256,2136,2140
22638,SET OF 4 NAPKIN CHARMS CROWNS,255,2141,2141
20686,DOLLY MIXTURE CHILDREN'S UMBRELLA,255,2141,2142
21286,RETROSPOT CANDLE  LARGE,255,2141,2143
23024,LARGE BONNE JAM JAR  T-LIGHT HOLDER,254,2144,2144
22642,SET OF 4 NAPKIN CHARMS STARS,253,2145,2145
22375,AIRLINE BAG VINTAGE JET SET BROWN,253,2145,2146
22414,DOORMAT NEIGHBOURHOOD WITCH,253,2145,2147
22276,WASH BAG VINTAGE ROSE PAISLEY,253,2145,2148
23522,DOG AND BALL WALL ART,252,2149,2149
85170C,SET/6 EAU DE NIL BIRD T-LIGHTS,252,2149,2150
23103,BELL HEART DECORATION,252,2149,2151
23407,SET OF 2 TRAYS HOME SWEET HOME,252,2149,2152
22928,YELLOW GIANT GARDEN THERMOMETER,251,2153,2153
21469,POLKA DOT RAFFIA FOOD COVER,250,2154,2154
22039,BOTANICAL LILY GIFT WRAP,250,2154,2155
21813,GARLAND WITH STARS AND BELLS,250,2154,2156
35912B,WHITE/PINK CHICK DECORATION,249,2157,2157
23079,TOADSTOOL BEDSIDE LIGHT,248,2158,2158
23153,ZINC SWEETHEART WIRE LETTER RACK,248,2158,2159
23597,PAPER BUNTING PAISLEY PARK,248,2158,2160
85185B,PINK HORSE SOCK PUPPET,247,2161,2161
23065,LARGE DECO JEWELLERY STAND,247,2161,2162
23525,BUFFALO BILL WALL ART,246,2163,2163
23562,SET OF 6 RIBBONS PERFECTLY PRETTY,245,2164,2164
22511,RETROSPOT BABUSHKA DOORSTOP,245,2164,2165
22278,OVERNIGHT BAG VINTAGE ROSE PAISLEY,244,2166,2166
22474,SPACEBOY TV DINNER TRAY,244,2166,2167
23060,HEART BEADED TRELLIS DECORATION,244,2166,2168
21464,DISCO BALL ROTATOR BATTERY OPERATED,244,2166,2169
85107,CUT GLASS T-LIGHT HOLDER OCTAGON,243,2170,2170
21197,MULTICOLOUR  CONFETTI IN TUBE,243,2170,2171
22806,SET OF 6 T-LIGHTS WEDDING CAKE,243,2170,2172
22496,SET OF 2 ROUND TINS DUTCH CHEESE,243,2170,2173
22135,MINI LADLE LOVE HEART PINK,243,2170,2174
22495,SET OF 2 ROUND TINS CAMEMBERT,242,2175,2175
84691,PACK 20 DOLLY PEGS,242,2175,2176
22782,SET 3 WICKER STORAGE BASKETS,241,2177,2177
22500,SET OF 2 TINS JARDIN DE PROVENCE,240,2178,2178
23131,MISELTOE HEART WREATH CREAM,240,2178,2179
71038,WHITE HANGING BEADS CANDLE HOLDER,239,2180,2180
21220,SET/4 BADGES DOGS,239,2180,2181
23405,HOME SWEET HOME 2 DRAWER CABINET,237,2182,2182
23425,STORAGE TIN HOME SWEET HOME,237,2182,2183
22515,CHILDS GARDEN SPADE PINK,237,2182,2184
23316,RED REFECTORY CLOCK,236,2185,2185
79063C,"RETRO PILL BOX KEY CHAIN,THE KING",235,2186,2186
21638,ASSORTED TUTTI FRUTTI NOTEBOOK,235,2186,2187
23041,PAPER LANTERN 9 POINT SNOW STAR,234,2188,2188
23040,PAPER LANTERN 9 POINT SNOW STAR,234,2188,2189
22060,LARGE CAKE STAND HANGING HEARTS,233,2190,2190
21407,BROWN CHECK CAT DOORSTOP,233,2190,2191
84849B,FAIRY SOAP SOAP HOLDER,232,2192,2192
21944,KITTENS DESIGN FLANNEL,232,2192,2193
85169D,PINK LOVE BIRD CANDLE,232,2192,2194
20615,BLUE POLKADOT PASSPORT COVER,231,2195,2195
21726,MULTI HEARTS  STICKERS,231,2195,2196
22461,SAVOY ART DECO CLOCK,231,2195,2197
90209C,PINK ENAMEL+GLASS HAIR COMB,231,2195,2198
21089,SET/6 GREEN SPRING PAPER CUPS,231,2195,2199
22498,WOODEN REGATTA BUNTING,229,2200,2200
22287,"DECORATION , WOBBLY CHICKEN, METAL",229,2200,2201
23066,SMALL DECO JEWELLERY STAND,229,2200,2202
21706,FOLDING UMBRELLA RED/WHITE POLKADOT,229,2200,2203
23539,WALL ART LOVES' SECRET,229,2200,2204
22324,BLUE POLKADOT KIDS BAG,228,2205,2205
22454,MEASURING TAPE BABUSHKA RED,228,2205,2206
23427,STOOL HOME SWEET HOME,228,2205,2207
21424,WOODLAND STORAGE BOX LARGE,227,2208,2208
79190D,RETRO PLASTIC DAISY TRAY,227,2208,2209
23536,WALL ART VILLAGE SHOW,227,2208,2210
22584,PACK OF 6 PANETTONE GIFT BOXES,226,2211,2211
21696,SMALL SILVER TRELLIS CANDLEPOT,226,2211,2212
23491,VINTAGE JINGLE BELLS HEART,226,2211,2213
23074,EMBOSSED HEART TRINKET BOX,225,2214,2214
21408,SPOTTY PINK DUCK DOORSTOP,225,2214,2215
21945,STRAWBERRIES  DESIGN FLANNEL,225,2214,2216
17084J,LOVE POTION MASALA INCENSE,225,2214,2217
22410,MONEY BOX HOUSEKEEPING DESIGN,223,2218,2218
21821,GLITTER STAR GARLAND WITH BELLS,223,2218,2219
21865,PINK UNION JACK  PASSPORT COVER,223,2218,2220
47481,50CM METAL STRING WITH  7 CLIPS,222,2221,2221
22776,SWEETHEART 3 TIER CAKE STAND,222,2221,2222
85039C,S/4 BLACK MINI ROSE CANDLE IN BOWL,222,2221,2223
35933,PINK STOCKING CHRISTMAS DECORATION,222,2221,2224
85144,JARDIN ETCHED GLASS CHEESE DISH,221,2225,2225
21613,S/12 VANILLA  BOTANICAL T-LIGHTS,221,2225,2226
22428,ENAMEL FIRE BUCKET CREAM,221,2225,2227
22372,AIRLINE BAG VINTAGE WORLD CHAMPION,221,2225,2228
22069,BROWN  PIRATE TREASURE CHEST,220,2229,2229
84799,SPRIG LAVENDER ARTIFICIAL FLOWER,220,2229,2230
23470,CARD HOLDER LOVE BIRD LARGE,220,2229,2231
23064,CINDERELLA CHANDELIER,220,2229,2232
22118,JOY WOODEN BLOCK LETTERS,219,2233,2233
23519,EMBROIDERED RIBBON REEL CLAIRE,219,2233,2234
21811,CHRISTMAS HANGING HEART WITH BELL,219,2233,2235
22611,VINTAGE UNION JACK SHOPPING BAG,219,2233,2236
21812,GARLAND WITH HEARTS AND BELLS,218,2237,2237
20772,GARDEN PATH JOURNAL,218,2237,2238
20767,BLUE PAISLEY JOURNAL,217,2239,2239
23411,TRELLIS COAT RACK,217,2239,2240
23481,PEARLISED IVORY HEART SMALL,217,2239,2241
84559B,3D SHEET OF CAT STICKERS,216,2242,2242
22409,MONEY BOX BISCUITS DESIGN,216,2242,2243
23168,CLASSIC SUGAR DISPENSER,216,2242,2244
22829,SWEETHEART WIRE WALL TIDY,215,2245,2245
21644,ASSORTED TUTTI FRUTTI HEART BOX,215,2245,2246
21467,CHERRY CROCHET FOOD COVER,215,2245,2247
72130,COLUMBIAN CANDLE ROUND,215,2245,2248
21445,12 PINK ROSE PEG PLACE SETTINGS,214,2249,2249
22220,CAKE STAND LOVEBIRD 2 TIER WHITE,214,2249,2250
21426,WOODLAND STORAGE BOX SMALL,213,2251,2251
84916,HAND TOWEL PALE BLUE W FLOWERS,212,2252,2252
22157,ANGEL DECORATION WITH LACE PADDED,212,2252,2253
21676,FLOWERS  STICKERS,211,2254,2254
22270,HAPPY EASTER HANGING DECORATION,211,2254,2255
85036A,GARDENIA 1 WICK MORRIS BOXED CANDLE,211,2254,2256
20704,MR ROBOT SOFT TOY,211,2254,2257
23533,WALL ART GARDEN HAVEN,210,2258,2258
21735,TWO DOOR CURIO CABINET,210,2258,2259
23253,16 PIECE CUTLERY SET PANTRY DESIGN,210,2258,2260
22510,GINGHAM BABUSHKA DOORSTOP,210,2258,2261
23009,I LOVE LONDON BABY GIFT SET,209,2262,2262
23524,WALL ART HORSE & PONY,209,2262,2263
35599B,BLACK CHRISTMAS TREE 120CM,209,2262,2264
21363,HOME SMALL WOOD LETTERS,209,2262,2265
21205,MULTICOLOUR 3D BALLS GARLAND,209,2262,2266
23409,PHOTO FRAME LINEN AND LACE LARGE,208,2267,2267
72819,CUPID DESIGN SCENTED CANDLES,208,2267,2268
71270,PHOTO CLIP LINE,207,2269,2269
21415,CLAM SHELL SMALL,206,2270,2270
22182,CAKE STAND VICTORIAN FILIGREE SMALL,206,2270,2271
23532,WALL ART WORK REST AND PLAY,205,2272,2272
85064,CREAM SWEETHEART LETTER RACK,205,2272,2273
22509,SEWING BOX RETROSPOT DESIGN,205,2272,2274
35911A,MULTICOLOUR RABBIT EGG WARMER,205,2272,2275
22788,BROCANTE COAT RACK,205,2272,2276
21624,VINTAGE UNION JACK DOORSTOP,204,2277,2277
23661,MILK MAIDS MUG,204,2277,2278
21067,VINTAGE RED TEATIME MUG,203,2279,2279
84876B,GREEN HEART COMPACT MIRROR,203,2279,2280
23315,IVORY REFECTORY CLOCK,202,2281,2281
21243,PINK POLKADOT PLATE,202,2281,2282
47420,ASSORTED COLOUR SUCTION CUP HOOK,202,2281,2283
22451,SILK PURSE BABUSHKA RED,202,2281,2284
23423,PANTRY 3 HOOK ROLLING PIN HANGER,202,2281,2285
21221,SET/4 BADGES CUTE CREATURES,201,2286,2286
85169B,BLACK LOVE BIRD CANDLE,201,2286,2287
16169K,WRAP FOLK ART,200,2288,2288
20725,LUNCH BAG RED SPOTTY,200,2288,2289
81952B,ROUND BLUE CLOCK WITH SUCKER,200,2288,2290
79051A,SMOKEY GREY COLOUR GLASS,200,2288,2291
17084A,TRANQUILITY MASALA INCENSE,200,2288,2292
23336,EGG FRYING PAN PINK,200,2288,2293
47563A,RETRO LONGBOARD IRONING BOARD COVER,199,2294,2294
84915,HAND TOWEL PINK FLOWER AND DAISY,199,2294,2295
22799,SWEETHEART WIRE FRUIT BOWL,198,2296,2296
21222,SET/4 BADGES BEETLES,198,2296,2297
47578A,ENGLISH ROSE SMALL SCENTED FLOWER,198,2296,2298
23476,WOODLAND LARGE RED FELT HEART,198,2296,2299
21587,COSY HOUR GIANT TUBE MATCHES,197,2300,2300
51020B,STRIPY DESIGN SHOWER CAP,197,2300,2301
23422,PANTRY HOOK BALLOON WHISK,196,2302,2302
85104,SILVER GLASS T-LIGHT SET,196,2302,2303
85180B,PINK HEARTS LIGHT CHAIN,196,2302,2304
20669,RED HEART LUGGAGE TAG,195,2305,2305
22272,FELTCRAFT DOLL MARIA,194,2306,2306
85024B,EAU DE NILE JEWELLED PHOTOFRAME,193,2307,2307
10120,DOGGY RUBBER,193,2307,2308
22376,AIRLINE BAG VINTAGE JET SET WHITE,193,2307,2309
21106,CREAM SLICE FLANNEL CHOCOLATE SPOT,193,2307,2310
18098C,PORCELAIN BUTTERFLY OIL BURNER,193,2307,2311
21742,LARGE ROUND WICKER PLATTER,193,2307,2312
21465,PINK FLOWER CROCHET FOOD COVER,193,2307,2313
15058C,ICE CREAM DESIGN GARDEN PARASOL,193,2307,2314
46118,FUNKY MONKEY CUSHION COVER,193,2307,2315
23037,CANDLE HOLDER SILVER MADELINE,193,2307,2316
23495,SET OF 3 PANTRY WOODEN SPOONS,192,2317,2317
21462,"NURSERY A,B,C PAINTED LETTERS",192,2317,2318
23039,T-LIGHT HOLDER SILVER HEART HANDLE,192,2317,2319
22763,KEY CABINET MA CAMPAGNE,191,2320,2320
84569A,PACK 3 IRON ON DOG PATCHES,191,2320,2321
78124,MAGAZINE RACK GEBRA ASSORTED,191,2320,2322
20932,PINK POT PLANT CANDLE,189,2323,2323
79063D,"RETRO PILL BOX , REVOLUTIONARY",189,2323,2324
72128,COLUMBIAN CANDLE ROUND,189,2323,2325
85088,CANDY SPOT HAND BAG,188,2326,2326
20867,PINK ROSE FABRIC MIRROR,187,2327,2327
21248,DOOR HANGER  MUM + DADS ROOM,187,2327,2328
84683,CLASSICAL ROSE CANDLESTAND,187,2327,2329
84674,FLYING PIG WATERING CAN,187,2327,2330
22448,PIN CUSHION BABUSHKA RED,187,2327,2331
23567,EGG CUP HENRIETTA HEN PINK,187,2327,2332
22640,SET OF 4 NAPKIN CHARMS 3 KEYS,186,2333,2333
21320,GLASS CHALICE GREEN  LARGE,186,2333,2334
22517,CHILDS GARDEN RAKE PINK,186,2333,2335
35599D,PINK AND WHITE CHRISTMAS TREE 120CM,186,2333,2336
22643,SET OF 4 NAPKIN CHARMS LEAVES,185,2337,2337
23181,BULL DOG BOTTLE TOP WALL CLOCK,185,2337,2338
23576,SNACK TRAY RED VINTAGE DOILY,185,2337,2339
84858C,PINK RIVIERA HANDBAG,185,2337,2340
22450,SILK PURSE BABUSHKA BLUE,184,2341,2341
22320,BIRDS MOBILE VINTAGE DESIGN,183,2342,2342
85200,BUNNY EGG BOX,183,2342,2343
23036,T-LIGHT HOLDER SILVER PETIT FOUR,183,2342,2344
84279B,CHERRY BLOSSOM DECORATIVE FLASK,182,2345,2345
84789,ENCHANTED BIRD PLANT CAGE,181,2346,2346
35965,FOLKART HEART NAPKIN RINGS,181,2346,2347
85019C,CURIOUS  IMAGES NOTEBOOK SET,181,2346,2348
22939,ADULT APRON APPLE DELIGHT,180,2349,2349
47570B,TEA TIME TABLE CLOTH,180,2349,2350
84251G,"GREETING CARD, OVERCROWDED POOL.",180,2349,2351
23032,DOORKNOB CRACKED GLAZE IVORY,180,2349,2352
21528,DAIRY MAID TRADITIONAL TEAPOT,179,2353,2353
85170B,SET/6 BLACK BIRD T-LIGHT CANDLES,179,2353,2354
21804,WHITE CHRISTMAS GARLAND STARS TREES,178,2355,2355
22497,SET OF 2 TINS VINTAGE BATHROOM,178,2355,2356
23183,MOTHER'S KITCHEN SPOON REST,178,2355,2357
22280,POCKET BAG PINK PAISELY BROWN SPOT,177,2358,2358
21576,LETS GO SHOPPING COTTON TOTE BAG,177,2358,2359
21682,LARGE MEDINA STAMPED METAL BOWL,177,2358,2360
22813,PACK 3 BOXES BIRD PANETTONE,177,2358,2361
21064,BOOM BOX SPEAKER BOYS,176,2362,2362
21721,CANDY SHOP  STICKER SHEET,175,2363,2363
85232D,SET/3 DECOUPAGE STACKING TINS,175,2363,2364
21246,RED RETROSPOT BIG BOWL,175,2363,2365
21056,DOCTOR'S BAG SOFT TOY,174,2366,2366
84031A,CHARLIE+LOLA RED HOT WATER BOTTLE,174,2366,2367
17091A,LAVENDER INCENSE IN TIN,172,2368,2368
75011,BLUE DAISY MOBILE,172,2368,2369
47310M,SMALL POP BOX FUNKY MONKEY,172,2368,2370
22317,FIVE CATS HANGING DECORATION,172,2368,2371
22516,CHILDS GARDEN RAKE BLUE,171,2372,2372
84917,WHITE HAND TOWEL WITH BUTTERFLY,170,2373,2373
20836,FRENCH PAISLEY CUSHION COVER,170,2373,2374
20831,GOLD PHOTO FRAME,169,2375,2375
23337,EGG FRYING PAN MINT,169,2375,2376
21190,PINK HEARTS PAPER GARLAND,168,2377,2377
72127,COLUMBIAN CANDLE ROUND,168,2377,2378
22703,PINK CAT BOWL,168,2377,2379
21261,GREEN GOOSE FEATHER CHRISTMAS TREE,167,2380,2380
84795B,SUNSET CHECK HAMMOCK,167,2380,2381
23561,SET OF 6 RIBBONS PARTY,167,2380,2382
20854,BLUE PATCH PURSE PINK HEART,166,2383,2383
84581,DOG TOY WITH PINK CROCHET SKIRT,166,2383,2384
35637A,IVORY STRING CURTAIN WITH POLE,166,2383,2385
23520,EMBROIDERED RIBBON REEL RUBY,166,2383,2386
85129D,BEADED CRYSTAL HEART PINK SMALL,166,2383,2387
21251,DINOSAUR HEIGHT CHART STICKER SET,165,2388,2388
22954,HEN PARTY CORDON BARRIER TAPE,165,2388,2389
21189,WHITE HONEYCOMB PAPER GARLAND,165,2388,2390
21581,SKULLS  DESIGN  COTTON TOTE BAG,165,2388,2391
21263,GREEN GOOSE FEATHER TREE 60CM,165,2388,2392
23020,GLASS  SONGBIRD STORAGE JAR,165,2388,2393
20757,RED DAISY POCKET BOOK,164,2394,2394
23560,SET OF 6 RIBBONS COUNTRY STYLE,164,2394,2395
23575,SNACK TRAY PAISLEY PARK,164,2394,2396
20823,GOLD WINE GOBLET,164,2394,2397
23455,SMALL PARLOUR PICTURE FRAME,164,2394,2398
23440,PAINT YOUR OWN EGGS IN CRATE,164,2394,2399
23544,WALL ART MID CENTURY MODERN,164,2394,2400
21367,MIRRORED WALL ART GENTS,163,2401,2401
85215,ASSORTED CHEESE FRIDGE MAGNETS,163,2401,2402
22359,GLASS JAR KINGS CHOICE,162,2403,2403
22965,3 TRADITIONAL COOKIE CUTTERS  SET,162,2403,2404
23317,BLUE REFECTORY CLOCK,162,2403,2405
35815P,"ACRYLIC JEWEL SNOWFLAKE, PINK",162,2403,2406
23028,DOORKNOB CRACKED GLAZE BLUE,162,2403,2407
22446,PIN CUSHION BABUSHKA PINK,161,2408,2408
85208,SET/12 FUNKY FELT FLOWER PEG IN BAG,161,2408,2409
21368,MIRRORED WALL ART LADIES,161,2408,2410
84843,WHITE SOAP RACK WITH 2 BOTTLES,161,2408,2411
21456,2 PICTURE BOOK EGGS EASTER CHICKS,161,2408,2412
20758,ABSTRACT CIRCLES POCKET BOOK,161,2408,2413
21942,SKULLS DESIGN FLANNEL,161,2408,2414
22394,PAPERWEIGHT KINGS CHOICE,160,2415,2415
84249A,"GREETING CARD,SQUARE, DOUGHNUTS",160,2415,2416
23420,PANTRY HOOK TEA STRAINER,160,2415,2417
22504,CABIN BAG VINTAGE RETROSPOT,160,2415,2418
71495B,CD WALL TIDY RED FLOWERS,160,2415,2419
23140,TRIPLE WIRE HOOK IVORY HEART,160,2415,2420
47343A,FUSCHIA FLOWER PURSE WITH BEADS,159,2421,2421
21973,SET OF 36 MUSHROOM PAPER DOILIES,159,2421,2422
20735,BLACK MINI TAPE MEASURE,158,2423,2423
21458,2 PICTURE BOOK EGGS EASTER BUNNY,158,2423,2424
23447,PINK BUNNY EASTER EGG BASKET,158,2423,2425
35001G,HAND OPEN SHAPE GOLD,157,2426,2426
23446,BLUE BUNNY EASTER EGG BASKET,157,2426,2427
84251B,"GREETING CARD, STICKY GORDON",157,2426,2428
71279,PINK GLASS CANDLEHOLDER,156,2429,2429
23528,WALL ART SPACEBOY,156,2429,2430
84509B,SET OF 4 FAIRY CAKE PLACEMATS,156,2429,2431
23280,FOLDING MIRROR HOT PINK,156,2429,2432
21631,HIPPY CHIC DECORATIVE PARASOL,155,2433,2433
20707,CRAZY DAISY HEART DECORATION,155,2433,2434
22832,BROCANTE SHELF WITH HOOKS,155,2433,2435
84849A,HELLO SAILOR BLUE SOAP HOLDER,155,2433,2436
21579,LOLITA  DESIGN  COTTON TOTE BAG,154,2437,2437
23421,PANTRY HOOK SPATULA,154,2437,2438
79191B,RETRO PLASTIC POLKA TRAY,154,2437,2439
17014A,ORIGAMI VANILLA INCENSE CONES,154,2437,2440
85184C,SET 4 VALENTINE DECOUPAGE HEART BOX,154,2437,2441
22443,GROW YOUR OWN HERBS SET OF 3,153,2442,2442
22903,CALENDAR FAMILY FAVOURITES,153,2442,2443
22325,MOBILE VINTAGE HEARTS,153,2442,2444
22104,MIRROR MOSAIC CANDLE PLATE,151,2445,2445
23579,SNACK TRAY I LOVE LONDON,151,2445,2446
20652,BLUE POLKADOT LUGGAGE TAG,150,2447,2447
84531B,BLUE KNITTED EGG COSY,150,2447,2448
23542,70'S ALPHABET WALL ART,150,2447,2449
23339,EGG FRYING PAN BLUE,150,2447,2450
22785,SQUARECUSHION COVER PINK UNION JACK,150,2447,2451
84912B,GREEN ROSE WASHBAG,149,2452,2452
23527,WALL ART ANIMALS AND NATURE,149,2452,2453
21316,SMALL CHUNKY GLASS ROMAN  BOWL,149,2452,2454
15058A,BLUE POLKADOT GARDEN PARASOL,148,2455,2455
23436,GIFT BAG LARGE VINTAGE CHRISTMAS,148,2455,2456
21379,CAMPHOR WOOD PORTOBELLO MUSHROOM,147,2457,2457
35810B,ENAMEL BLUE RIM COFFEE CONTAINER,147,2457,2458
23115,RED APPLES CHOPPING BOARD,147,2457,2459
40003,WHITE BAMBOO RIBS LAMPSHADE,147,2457,2460
22889,NUMBER TILE VINTAGE FONT No,147,2457,2461
23070,EDWARDIAN HEART PHOTO FRAME,147,2457,2462
23094,LE GRAND TRAY CHIC SET,147,2457,2463
84968A,SET OF 16 VINTAGE ROSE CUTLERY,147,2457,2464
21319,GLASS CHALICE GREEN  SMALL,147,2457,2465
22391,PAPERWEIGHT HOME SWEET HOME,146,2466,2466
21055,TOOL BOX SOFT TOY,146,2466,2467
23298,"BUNTING , SPOTTY",146,2466,2468
22797,CHEST OF DRAWERS GINGHAM HEART,146,2466,2469
84766,SILVER ROCOCO CANDLE STICK,146,2466,2470
22308,TEA COSY BLUE STRIPE,145,2471,2471
84952B,BLACK LOVE BIRD T-LIGHT HOLDER,145,2471,2472
35968,FOLK ART METAL HEART T-LIGHT HOLDER,145,2471,2473
22762,CUPBOARD 3 DRAWER MA CAMPAGNE,145,2471,2474
84813,SET OF 4 DIAMOND NAPKIN RINGS,145,2471,2475
23114,VINTAGE LEAF CHOPPING BOARD,144,2476,2476
23540,WALL ART THE MAGIC FOREST,144,2476,2477
79067,CORONA MEXICAN TRAY,143,2478,2478
22862,LOVE HEART NAPKIN BOX,143,2478,2479
20705,MRS ROBOT SOFT TOY,143,2478,2480
21026,SPACE OWL,143,2478,2481
23203,JUMBO BAG VINTAGE DOILEY,143,2478,2482
21739,COSY SLIPPER SHOES SMALL GREEN,143,2478,2483
15030,FAN BLACK FRAME,143,2478,2484
85118,HEART T-LIGHT HOLDER,142,2485,2485
85211,S/4 GROOVY CAT MAGNETS,142,2485,2486
85131B,BEADED CRYSTAL HEART GREEN ON STICK,142,2485,2487
23073,GEORGIAN TRINKET BOX,142,2485,2488
20619,TROPICAL PASSPORT COVER,142,2485,2489
20837,FRENCH FLORAL CUSHION COVER,141,2490,2490
22168,ORGANISER WOOD ANTIQUE WHITE,140,2491,2491
84086C,PINK/PURPLE RETRO RADIO,140,2491,2492
84952C,MIRROR LOVE BIRD T-LIGHT HOLDER,140,2491,2493
20856,DENIM PATCH PURSE PINK BUTTERFLY,140,2491,2494
79406,FROSTED WHITE BASE,140,2491,2495
72800B,4 PURPLE FLOCK DINNER CANDLES,140,2491,2496
23417,BATHROOM HOOK,140,2491,2497
84531A,PINK KNITTED EGG COSY,140,2491,2498
23150,IVORY SWEETHEART SOAP DISH,139,2499,2499
20869,GOLD FABRIC MIRROR,139,2499,2500
23414,ZINC BOX SIGN HOME,139,2499,2501
21348,PINK SPOTS CHOCOLATE NESTING BOXES,139,2499,2502
21708,FOLDING UMBRELLA CREAM POLKADOT,139,2499,2503
84678,CLASSICAL ROSE SMALL VASE,138,2504,2504
79030G,"TUMBLER, NEW ENGLAND",138,2504,2505
71406C,BLACK ORANGE SQUEEZER,138,2504,2506
21781,MA CAMPAGNE CUTLERY BOX,138,2504,2507
72801C,4 ROSE PINK DINNER CANDLES,138,2504,2508
22408,MONEY BOX CONFECTIONERY DESIGN,137,2509,2509
72131,COLUMBIAN CANDLE RECTANGLE,137,2509,2510
72780,BLACK SILOUETTE CANDLE PLATE,137,2509,2511
84806A,PINK CANDYSTUFT ARTIFICIAL FLOWER,137,2509,2512
23456,MEDIUM PARLOUR PICTURE FRAME,136,2513,2513
35914,PINK CHICK EGG WARMER + EGG CUP,136,2513,2514
22513,DOORSTOP FOOTBALL DESIGN,135,2515,2515
84673B,BLUE FLY SWAT,135,2515,2516
85040B,SET/4 BLUE FLOWER CANDLES IN BOWL,135,2515,2517
C2,CARRIAGE,134,2518,2518
18094C,WHITE AND BLUE CERAMIC OIL BURNER,134,2518,2519
84931B,BLUE SCOTTIE DOG W FLOWER PATTERN,134,2518,2520
23454,THREE MINI HANGING FRAMES,134,2518,2521
20616,CHERRY BLOSSOM PASSPORT COVER,134,2518,2522
22395,PAPERWEIGHT VINTAGE PAISLEY,134,2518,2523
84659A,WHITE TRAVEL ALARM CLOCK,134,2518,2524
23099,FRENCH CARRIAGE LANTERN,132,2525,2525
21815,STAR  T-LIGHT HOLDER,132,2525,2526
21161,KEEP OUT BOYS DOOR HANGER,131,2527,2527
21651,HANGING GLASS ETCHED TEALIGHT,131,2527,2528
21741,COSY SLIPPER SHOES LARGE GREEN,131,2527,2529
20768,GREEN FERN JOURNAL,131,2527,2530
22830,UTILTY CABINET WITH HOOKS,131,2527,2531
23292,SPACE BOY CHILDRENS CUP,130,2532,2532
37479P,CUBIC MUG FLOCK PINK ON BROWN,130,2532,2533
84199,GLOW IN DARK DOLPHINS,129,2534,2534
21378,SMALL TALL CAMPHOR WOOD TOADSTOOL,129,2534,2535
85125,SMALL ROUND CUT GLASS CANDLESTICK,129,2534,2536
20702,PINK PADDED MOBILE,128,2537,2537
37467,PIG MUG IN TWO COLOUR DESIGNS,128,2537,2538
72799F,IVORY PILLAR CANDLE GOLD FLOCK,128,2537,2539
20622,VIPPASSPORT COVER,128,2537,2540
21265,PINK GOOSE FEATHER TREE 60CM,128,2537,2541
20764,ABSTRACT CIRCLES SKETCHBOOK,128,2537,2542
21359,RELAX LARGE WOOD LETTERS,127,2543,2543
23136,IVORY WIRE SWEETHEART LETTER TRAY,127,2543,2544
37479B,CUBIC MUG FLOCK BLUE ON BROWN,127,2543,2545
84800M,MEDIUM WHITE/PINK ROSE ART FLOWER,127,2543,2546
22289,HANGING METAL CHICKEN DECORATION,126,2547,2547
21087,SET/6 POSIES PAPER CUPS,126,2547,2548
35004G,SET OF 3 GOLD FLYING DUCKS,126,2547,2549
84877B,GREEN ROUND COMPACT MIRROR,126,2547,2550
72800C,4 PINK DINNER CANDLE SILVER FLOCK,126,2547,2551
84876D,BLUE HEART COMPACT MIRROR,125,2552,2552
20681,PINK POLKADOT CHILDRENS UMBRELLA,125,2552,2553
84875B,GREEN SQUARE COMPACT MIRROR,125,2552,2554
22221,CAKE STAND LOVEBIRD 2 TIER PINK,124,2555,2555
21468,BUTTERFLY CROCHET FOOD COVER,123,2556,2556
84859A,SILVER DISCO HANDBAG,123,2556,2557
85141,JARDIN ETCHED GLASS FRUITBOWL,123,2556,2558
23416,CHAMBRE HOOK,123,2556,2559
22166,WALL MIRROR RECTANGLE DIAMANTE PINK,122,2560,2560
22167,OVAL WALL MIRROR DIAMANTE,122,2560,2561
84218,BOX/12 CHICK & EGG IN BASKET,122,2560,2562
21145,ANTIQUE GLASS PLACE SETTING,122,2560,2563
23360,SET 8 CANDLES VINTAGE DOILEY,122,2560,2564
21030,SPACE CADET RED,121,2565,2565
84828,JUNGLE POPSICLES ICE LOLLY HOLDERS,121,2565,2566
21707,FOLDING UMBRELLA BLACKBLUE POLKADOT,120,2567,2567
23236,DOILEY BISCUIT TIN,120,2567,2568
84457,SET/3 RABBITS FLOWER SKIPPPING ROPE,120,2567,2569
23194,GYMKHANNA TREASURE BOOK BOX,120,2567,2570
22632,HAND WARMER RED POLKA DOT,120,2567,2571
23324,RUSTIC STRAWBERRY JAMPOT LARGE,120,2567,2572
23169,CLASSIC GLASS SWEET JAR,119,2573,2573
21472,LADYBIRD + BEE RAFFIA FOOD COVER,119,2573,2574
20998,ROSE DU SUD OVEN GLOVE,119,2573,2575
85179A,GREEN BITTY LIGHT CHAIN,119,2573,2576
23021,GLASS BONNE JAM JAR,118,2577,2577
22512,DOORSTOP RACING CAR DESIGN,118,2577,2578
23484,HEART TRELLIS TRIPLE T-LIGHT HOLDER,118,2577,2579
23521,WALL ART CAT AND BIRD,118,2577,2580
21656,RIDGED GLASS POSY VASE,117,2581,2581
21647,ASSORTED TUTTI FRUTTI LARGE PURSE,117,2581,2582
81950B,FLOWER BLUE CLOCK WITH SUCKER,117,2581,2583
21028,NINJA RABBIT BLACK,116,2584,2584
85205B,PINK FELT EASTER RABBIT GARLAND,116,2584,2585
23142,IVORY WIRE KITCHEN ORGANISER,116,2584,2586
85131D,BEADED CRYSTAL HEART PINK ON STICK,115,2587,2587
15058B,PINK POLKADOT GARDEN PARASOL,115,2587,2588
21457,2 PICTURE BOOK EGGS EASTER DUCKS,115,2587,2589
84192,ASSORTED COLOUR METAL CAT,115,2587,2590
21117,BLOND DOLL DOORSTOP,115,2587,2591
71496A,A4 WALL TIDY BLUE OFFICE,114,2592,2592
22214,CANDLE PLATE LACE WHITE,114,2592,2593
23104,IVORY CAFE HANGING LAMP,114,2592,2594
84800S,SMALL WHITE/PINK ROSE ART FLOWER,113,2595,2595
20766,GARDEN PATH SKETCHBOOK,113,2595,2596
90030B,RED KUKUI COCONUT SEED NECKLACE,112,2597,2597
22641,SET OF 4 NAPKIN CHARMS INSTRUMENT,112,2597,2598
22526,WHEELBARROW FOR CHILDREN,112,2597,2599
84823,DANISH ROSE FOLDING CHAIR,112,2597,2600
22282,12 EGG HOUSE PAINTED WOOD,111,2601,2601
23580,SNACK TRAY HAPPY FOREST,111,2601,2602
22602,CHRISTMAS RETROSPOT HEART WOOD,110,2603,2603
20761,BLUE PAISLEY SKETCHBOOK,110,2603,2604
23479,WIRE EGG BASKET,110,2603,2605
17090A,LAVENDER INCENSE 40 CONES IN TIN,109,2606,2606
21637,ASSORTED SANSKRIT MINI NOTEBOOK,109,2606,2607
90125A,PINK BERTIE GLASS BEAD BAG CHARM,109,2606,2608
22281,EASTER TREE YELLOW BIRDS,109,2606,2609
22162,HEART GARLAND RUSTIC PADDED,108,2610,2610
21051,RIBBONS PURSE,108,2610,2611
84744,S/6 SEW ON CROCHET FLOWERS,108,2610,2612
79144B,PAINTED LIGHTBULB STAR+ MOON,108,2610,2613
20770,ABSTRACT CIRCLE JOURNAL,108,2610,2614
22201,FRYING PAN BLUE POLKADOT,108,2610,2615
23460,SWEETHEART WALL TIDY,108,2610,2616
84247L,FAWN AND MUSHROOM GREETING CARD,108,2610,2617
22786,CUSHION COVER PINK UNION JACK,108,2610,2618
46000U,POLYESTER FILLER PAD 30CMx30CM,107,2619,2619
62096A,PINK/YELLOW FLOWERS HANDBAG,106,2620,2620
23045,PAPER LANTERN 5 POINT STAR MOON,106,2620,2621
17107D,"FLOWER FAIRY,5 SUMMER B'DRAW LINERS",105,2622,2622
84665,SQUARE CHERRY BLOSSOM CABINET,105,2622,2623
20654,FIRST CLASS LUGGAGE TAG,105,2622,2624
85160B,BLACK BIRD GARDEN DESIGN MUG,105,2622,2625
90209B,GREEN ENAMEL+GLASS HAIR COMB,105,2622,2626
84231,EASTER BUNNY WITH BASKET ON BACK,105,2622,2627
21911,GARDEN METAL SIGN,105,2622,2628
21678,PAISLEY PATTERN  STICKERS,104,2629,2629
85023B,EAU DE NILE JEWELLED PHOTOFRAME,104,2629,2630
23180,MUM'S KITCHEN CLOCK,104,2629,2631
90210D,PURPLE ACRYLIC FACETED BANGLE,104,2629,2632
23196,RETRO LEAVES MAGNETIC NOTEPAD,104,2629,2633
84912A,PINK ROSE WASHBAG,103,2634,2634
85214,TUB 24 PINK FLOWER PEGS,103,2634,2635
23413,VINTAGE COFFEE GRINDER BOX,103,2634,2636
37501,TEA TIME TEA SET IN GIFT BOX,102,2637,2637
47585A,PINK FAIRY CAKE CUSHION COVER,102,2637,2638
21351,CINAMMON & ORANGE WREATH,101,2639,2639
20762,GREEN FERN SKETCHBOOK,101,2639,2640
21293,MIRRORED DOVE WALL DECORATION,101,2639,2641
85129B,BEADED CRYSTAL HEART GREEN SMALL,101,2639,2642
22108,PING! MICROWAVE PLATE,101,2639,2643
46000R,POLYESTER FILLER PAD 45x30cm,101,2639,2644
21027,NINJA RABBIT PINK,101,2639,2645
21025,SPACE FROG,100,2646,2646
21808,"CHRISTMAS GARLAND STARS,TREES",100,2646,2647
16156L,"WRAP, CAROUSEL",100,2646,2648
22987,WRAP SUMMER ROSE DESIGN,100,2646,2649
23231,WRAP  VINTAGE DOILEY,100,2646,2650
22896,PEG BAG APPLE DESIGN,100,2646,2651
23042,PAPER LANTERN 7 POINT SNOW STAR,99,2652,2652
84804B,BLUE DELPHINIUM ARTIFICIAL FLOWER,99,2652,2653
90200D,PINK SWEETHEART BRACELET,99,2652,2654
21369,MIRRORED WALL ART SPLODGES,98,2655,2655
84510C,SET OF 4 POLKADOT COASTERS,98,2655,2656
16043,POP ART PUSH DOWN RUBBER,98,2655,2657
72134,COLUMBIAN  CUBE CANDLE,98,2655,2658
47348A,FUSCHIA VOILE POINTY SHOE DEC,97,2659,2659
21664,RIDGED GLASS STORAGE JAR CREAM LID,97,2659,2660
23149,ANTIQUE IVORY WIRE BOWL SMALL,97,2659,2661
21317,GLASS SPHERE CANDLE STAND MEDIUM,96,2662,2662
71495A,CD WALL TIDY BLUE OFFICE,96,2662,2663
47503H,ASS FLORAL PRINT SPIRIT LEVEL,96,2662,2664
23438,GIFT BAG LARGE SPOT,96,2662,2665
35972,DAISY FOLKART HEART DECORATION,96,2662,2666
35607B,BLACK FEATHER CHRISTMAS DECORATION,96,2662,2667
20765,CHRYSANTHEMUM SKETCHBOOK,96,2662,2668
22204,MILK PAN BLUE POLKADOT,96,2662,2669
21095,SET/6 POSIES PAPER PLATES,95,2670,2670
35819P,"ACRYLIC HANGING JEWEL,PINK",95,2670,2671
20777,CHRYSANTHEMUM NOTEBOOK,95,2670,2672
84857C,PINK MONTE CARLO HANDBAG,95,2670,2673
84661B,BLACK SQUARE TABLE CLOCK,95,2670,2674
20659,ECONOMY LUGGAGE TAG,95,2670,2675
84968C,SET OF 16 VINTAGE PISTACHIO CUTLERY,94,2676,2676
90210C,RED   ACRYLIC FACETED BANGLE,94,2676,2677
84661A,WHITE SQUARE TABLE CLOCK,94,2676,2678
84031B,CHARLIE LOLA BLUE HOT WATER BOTTLE,94,2676,2679
21131,GOLD STANDING GNOME,93,2680,2680
21377,SMALL CAMPHOR WOOD FIELD  MUSHROOM,93,2680,2681
75172,PAINTED SEA SHELL METAL WINDCHIME,93,2680,2682
21826,EIGHT PIECE DINOSAUR SET,93,2680,2683
47310M,"SMALL POP BOX,FUNKY MONKEY",93,2680,2684
35001W,HAND OPEN SHAPE DECO.WHITE,92,2685,2685
21689,SILVER VANILLA  FLOWER CANDLE POT,92,2685,2686
21250,SET OF SKULL WALL STICKERS,92,2685,2687
20936,FORKED CACTUS CANDLE,92,2685,2688
23489,"GARLAND, VINTAGE BELLS",92,2685,2689
21361,LOVE LARGE WOOD LETTERS,91,2690,2690
35915B,BLUE KNITTED HEN,91,2690,2691
85103,SILVER T-LIGHT SETTING,91,2690,2692
47594B,SCOTTIES DESIGN WASHBAG,91,2690,2693
21580,RABBIT  DESIGN  COTTON TOTE BAG,90,2694,2694
90087,CRYSTAL SEA HORSE PHONE CHARM,90,2694,2695
84609,TALL ROCOCO CANDLE HOLDER,90,2694,2696
21147,JINGLE BELLS TREE DECORATION,89,2697,2697
20655,QUEEN OF SKIES LUGGAGE TAG,89,2697,2698
79403,FROSTED WHITE BASE,89,2697,2699
21196,ROUND WHITE CONFETTI IN TUBE,89,2697,2700
23069,EDWARDIAN PHOTO FRAME,89,2697,2701
23522,WALL ART DOG AND BALL,89,2697,2702
35241,ENAMEL BLUE RIM BISCUIT BIN,89,2697,2703
20827,GOLD APERITIF GLASS,88,2704,2704
84877D,BLUE ROUND COMPACT MIRROR,88,2704,2705
23496,PANTRY KITCHEN THERMOMETER,88,2704,2706
23523,WALL ART TREASURE AHOY,87,2707,2707
21709,FOLDING UMBRELLA CHOCOLATE POLKADOT,87,2707,2708
21633,SUNFLOWER DECORATIVE PARASOL,87,2707,2709
84968E,SET OF 16 VINTAGE BLACK CUTLERY,87,2707,2710
62086A,PINK RETRO BIG FLOWER BAG,86,2711,2711
23537,WALL ART I LOVE LONDON,86,2711,2712
21711,FOLDING UMBRELLA WHITE/RED POLKADOT,86,2711,2713
47351B,BLUE  VOILE LAMPSHADE,86,2711,2714
85198,ASSORTED FARMYARD ANIMALS IN BUCKET,86,2711,2715
72800D,4 BLUE DINNER CANDLES SILVER FLOCK,86,2711,2716
20794,BLUE  TILE HOOK,85,2717,2717
23117,POPPY FIELDS CHOPPING BOARD,85,2717,2718
20897,VINTAGE NOTEBOOK PARIS DAYS,85,2717,2719
90086,CRYSTAL FROG PHONE CHARM,85,2717,2720
23044,PAPER LANTERN 9 POINT HOLLY STAR S,85,2717,2721
23477,WOODLAND LARGE BLUE FELT HEART,85,2717,2722
90209A,PURPLE ENAMEL+GLASS HAIR COMB,84,2723,2723
21710,FOLDING UMBRELLA PINKWHITE POLKADOT,84,2723,2724
85124C,GREEN JUICY FRUIT PHOTO FRAME,84,2723,2725
84931A,PINK SCOTTIE DOG W FLOWER PATTERN,84,2723,2726
22770,MIRROR CORNICE,83,2727,2727
22882,NUMBER TILE VINTAGE FONT 3,83,2727,2728
84584,PINK GINGHAM CAT WITH SCARF,83,2727,2729
84859C,PINK DISCO HANDBAG,83,2727,2730
23128,DOLLCRAFT BOY JEAN-PAUL,82,2731,2731
85124B,BLUE JUICY FRUIT PHOTO FRAME,82,2731,2732
23305,SET 4 PICNIC CUTLERY BLUEBERRY,82,2731,2733
23019,SMALL APOTHECARY MEASURING JAR,81,2734,2734
23396,LA JARDIN BOTANIQUE CUSHION COVER,81,2734,2735
72799C,PINK PILLAR CANDLE SILVER FLOCK,80,2736,2736
23130,MISELTOE HEART WREATH,80,2736,2737
84925F,PSYCHEDELIC WALL THERMOMETER,80,2736,2738
85127,SMALL SQUARE CUT GLASS CANDLESTICK,80,2736,2739
17011F,ORIGAMI SANDLEWOOD INCENSE+FLOWER,80,2736,2740
21736,GOLD SCROLL GLASS T-LIGHT HOLDER,80,2736,2741
23137,ZINC WIRE SWEETHEART LETTER TRAY,80,2736,2742
22881,NUMBER TILE VINTAGE FONT 2,79,2743,2743
23444,Next Day Carriage,79,2743,2744
21307,SET/4 BUTTERFLY MIRROR MAGNETS,79,2743,2745
22885,NUMBER TILE VINTAGE FONT 6,79,2743,2746
22124,SET OF 2 TEA TOWELS PING MICROWAVE,79,2743,2747
85020,ROUND PINK HEART MIRROR,78,2748,2748
37423,WHITE WITH BLACK CATS PLATE,78,2748,2749
21750,LARGE SKULL WINDMILL,78,2748,2750
23057,GEMSTONE CHANDELIER T-LIGHT HOLDER,78,2748,2751
23131,MISELTOE HEART WREATH WHITE,78,2748,2752
20684,STRAWBERRY DREAM CHILDS UMBRELLA,78,2748,2753
84968F,SET OF 16 VINTAGE SKY BLUE CUTLERY,78,2748,2754
23457,LARGE PARLOUR PICTURE FRAME,78,2748,2755
85135C,RED DRAGONFLY HELICOPTER,78,2748,2756
22883,NUMBER TILE VINTAGE FONT 4,78,2748,2757
23487,SWEET HEART CAKE CARRIER,78,2748,2758
84509C,SET OF 4 POLKADOT PLACEMATS,78,2748,2759
35816P,"ACRYLIC JEWEL ANGEL,PINK",78,2748,2760
21038,SET/4 MODERN VINTAGE COTTON NAPKINS,77,2761,2761
85130A,BEADED PEARL HEART WHITE LARGE,77,2761,2762
85129C,BEADED CRYSTAL HEART BLUE SMALL,77,2761,2763
21427,SKULLS STORAGE BOX SMALL,77,2761,2764
84569B,PACK 3 FIRE ENGINE/CAR PATCHES,76,2765,2765
84313B,BLUE TV TRAY TABLE,76,2765,2766
90200E,GREEN SWEETHEART BRACELET,76,2765,2767
85026B,EAU DE NILE JEWELLED T-LIGHT HOLDER,75,2768,2768
22447,PIN CUSHION BABUSHKA BLUE,75,2768,2769
23462,ROCOCO WALL MIRROR WHITE,75,2768,2770
21814,HEART T-LIGHT HOLDER,75,2768,2771
22833,HALL CABINET WITH 3 DRAWERS,75,2768,2772
20830,SILVER PHOTO FRAME,75,2768,2773
21459,YELLOW EASTER EGG HUNT START POST,75,2768,2774
22884,NUMBER TILE VINTAGE FONT 5,75,2768,2775
85188B,PINK METAL SWINGING BUNNY,75,2768,2776
22183,CAKE STAND VICTORIAN FILIGREE MED,74,2777,2777
90125D,PURPLE BERTIE GLASS BEAD BAG CHARM,74,2777,2778
84452,METAL RABBIT LADDER EASTER,74,2777,2779
21662,VINTAGE GLASS COFFEE CADDY,74,2777,2780
20731,POSY CANDY BAG,74,2777,2781
90030C,BROWN KUKUI COCONUT SEED NECKLACE,74,2777,2782
23492,VINTAGE JINGLE BELLS WREATH,74,2777,2783
84360,TABLE LAMP WHITE SHADE WOOD BASE,74,2777,2784
22886,NUMBER TILE VINTAGE FONT 7,74,2777,2785
85232A,SET/3 POLKADOT STACKING TINS,74,2777,2786
85131C,BEADED CRYSTAL HEART BLUE ON STICK,73,2787,2787
84920,PINK FLOWER FABRIC PONY,73,2787,2788
84563B,BLUE & WHITE BREAKFAST TRAY,73,2787,2789
90125C,TURQUOISE BERTIE GLASS BEAD CHARM,73,2787,2790
21841,BABY MOUSE RED GINGHAM DRESS,73,2787,2791
90030A,SPOTTED WHITE NATURAL SEED NECKLACE,72,2792,2792
84924A,WAKE UP COCKEREL CALENDAR SIGN,72,2792,2793
21946,PARTY TIME DESIGN FLANNEL,72,2792,2794
22880,NUMBER TILE VINTAGE FONT 1,72,2792,2795
72024U,LILAC VOTIVE CANDLE,72,2792,2796
21547,CERAMIC BIRDHOUSE CRESTED TIT SMALL,72,2792,2797
17001,HEAVENS SCENT FRAGRANCE OILS ASSTD,72,2792,2798
23116,VEGETABLE GARDEN CHOPPING BOARD,72,2792,2799
21846,PINK DIAMANTE PEN IN GIFT BOX,72,2792,2800
23380,PACK OF 12 DOILEY TISSUES,72,2792,2801
23304,SET 4 PICNIC CUTLERY CHERRY,71,2802,2802
22164,STRING OF STARS CARD HOLDER,71,2802,2803
20771,CHRYSANTHEMUM  JOURNAL,71,2802,2804
20763,DAISY SKETCHBOOK,71,2802,2805
85027L,FRENCH CHATEAU LARGE PLATTER,70,2806,2806
84592,CROCHET ROSE PURSE WITH SUEDE BACK,70,2806,2807
84687,BEACH HUT SHELF W 3 DRAWERS,70,2806,2808
22825,DECORATIVE PLANT POT WITH FRIEZE,70,2806,2809
84913B,MINT GREEN ROSE TOWEL,70,2806,2810
84509E,SET OF 4 CAROUSEL PLACEMATS,70,2806,2811
84804A,CREAM DELPHINIUM ARTIFICIAL FLOWER,70,2806,2812
23209,LUNCH BAG VINTAGE DOILEY,70,2806,2813
23428,IVORY RETRO KITCHEN WALL CLOCK,70,2806,2814
20760,GARDEN PATH POCKET BOOK,69,2815,2815
84796B,BLUE SAVANNAH PICNIC HAMPER FOR 2,69,2815,2816
85179C,PINK BITTY LIGHT CHAIN,69,2815,2817
22869,NUMBER TILE COTTAGE GARDEN 1,69,2815,2818
23043,PAPER LANTERN 9 POINT HOLLY STAR L,69,2815,2819
21324,HANGING MEDINA LANTERN SMALL,69,2815,2820
22275,WEEKEND BAG VINTAGE ROSE PAISLEY,69,2815,2821
23016,GLASS TWIST BON BON JAR,69,2815,2822
37487B,YELLOW/ORANGE FLOWER DESIGN PLATE,68,2823,2823
23141,TRIPLE WIRE HOOK PINK HEART,68,2823,2824
21054,NURSE'S BAG SOFT TOY,68,2823,2825
20618,QUEEN OF THE SKIES PASSPORT COVER,68,2823,2826
22137,BATHROOM SET LOVE HEART DESIGN,68,2823,2827
23127,DOLLCRAFT GIRL NICOLE,68,2823,2828
16046,TEATIME PEN CASE & PENS,67,2829,2829
22870,NUMBER TILE COTTAGE GARDEN 2,67,2829,2830
35920,FOUR RABBIT EASTER DECORATIONS,67,2829,2831
90200B,BLACK SWEETHEART BRACELET,67,2829,2832
21425,SKULLS STORAGE BOX LARGE,67,2829,2833
82613A,"METAL SIGN,CUPCAKE SINGLE HOOK",67,2829,2834
21372,MIRRORED WALL ART TABLE LAMP,67,2829,2835
20769,DAISY JOURNAL,66,2836,2836
22618,COOKING SET RETROSPOT,66,2836,2837
85095,THREE CANVAS LUGGAGE TAGS,66,2836,2838
22802,FAUX FUR CHOCOLATE THROW,66,2836,2839
21253,SET OF PICTURE FRAME  STICKERS,66,2836,2840
84707A,SILVER JEWELLED MIRROR TRINKET TRAY,66,2836,2841
22887,NUMBER TILE VINTAGE FONT 8,66,2836,2842
20617,FIRST CLASS PASSPORT COVER,66,2836,2843
23126,DOLLCRAFT GIRL AMELIE KIT,66,2836,2844
20835,FRENCH LATTICE CUSHION COVER,66,2836,2845
90114,SUMMER DAISIES BAG CHARM,66,2836,2846
23471,SIX DRAWER OFFICE TIDY,65,2847,2847
23303,SET 4 PICNIC CUTLERY FONDANT,65,2847,2848
21032,SPACE CADET WHITE,65,2847,2849
21279,VINTAGE KITCHEN PRINT FRUITS,65,2847,2850
21280,VINTAGE KITCHEN PRINT VEGETABLES,65,2847,2851
21722,SWEET PUDDING STICKER SHEET,65,2847,2852
44235,ASSORTED COLOURED CIRCLE MOBILE,65,2847,2853
79144C,PAINTED LIGHTBULB RAINBOW DESIGN,64,2854,2854
23017,APOTHECARY MEASURING JAR,64,2854,2855
23370,SET 36 COLOUR PENCILS DOILEY,64,2854,2856
20759,CHRYSANTHEMUM POCKET BOOK,64,2854,2857
22503,CABIN BAG VINTAGE PAISLEY,64,2854,2858
84595E,LARGE TORTILLA DESIGN RED BOWL,64,2854,2859
90108,BLUE BLOSSOM HAIR CLIP,64,2854,2860
37468,HARDMAN MUG 3 ASSORTED,64,2854,2861
20775,DAISY NOTEBOOK,64,2854,2862
90201B,BLACK ENAMEL FLOWER RING,64,2854,2863
84507C,BLUE CIRCLES DESIGN MONKEY DOLL,63,2864,2864
22888,NUMBER TILE VINTAGE FONT 9,63,2864,2865
20756,GREEN FERN POCKET BOOK,63,2864,2866
90214A,"LETTER \"A\" BLING KEY RING",63,2864,2867
84673A,PINK FLY SWAT,63,2864,2868
37343,POLKADOT MUG PINK,62,2869,2869
22785,SQUARECUSHION COVER PINK UNION FLAG,62,2869,2870
22879,NUMBER TILE VINTAGE FONT 0,62,2869,2871
84968D,SET OF 16 VINTAGE RED CUTLERY,62,2869,2872
84661C,PINK SQUARE TABLE CLOCK,62,2869,2873
17109D,FLOWER FAIRY INCENSE BOUQUET,61,2874,2874
21850,BLUE  DIAMANTE PEN IN GIFT BOX,61,2874,2875
22353,LUNCH BOX WITH CUTLERY FAIRY CAKES,61,2874,2876
20796,SMALL BLUE PROVENCAL CERAMIC BALL,61,2874,2877
90214Y,"LETTER \"Y\" BLING KEY RING",61,2874,2878
84402B,PURPLE DRESS JEWELLERY STAND,61,2874,2879
20657,TROPICAL LUGGAGE TAG,61,2874,2880
84750B,BLACK SMALL GLASS CAKE STAND,61,2874,2881
20941,FROG CANDLE,61,2874,2882
22502,PICNIC BASKET WICKER 60 PIECES,61,2874,2883
23359,SET OF 12 T-LIGHTS VINTAGE DOILEY,61,2874,2884
22655,VINTAGE RED KITCHEN CABINET,60,2885,2885
23244,STORAGE TIN VINTAGE LEAF,60,2885,2886
84741C,CITRUS GARLAND FELT FLOWERS,60,2885,2887
23061,VINTAGE ENGRAVED HEART,60,2885,2888
90119,METALIC LEAVES BAG CHARMS,60,2885,2889
23497,CLASSIC CROME BICYCLE BELL,60,2885,2890
21632,VINTAGE PINK DECORATIVE PARASOL,60,2885,2891
23151,ZINC SWEETHEART SOAP DISH,60,2885,2892
23191,BUNDLE OF 3 RETRO EXERCISE BOOKS,60,2885,2893
17107D,FLOWER FAIRY 5 DRAWER LINERS,60,2885,2894
21418,STARFISH SOAP DISH,59,2895,2895
84563A,PINK & WHITE BREAKFAST TRAY,59,2895,2896
17012E,ORIGAMI OPIUM INCENSE/CANDLE SET,59,2895,2897
22826,LOVE SEAT ANTIQUE WHITE METAL,58,2898,2898
72801D,4 SKY BLUE DINNER CANDLES,58,2898,2899
21720,CAKE SHOP  STICKER SHEET,57,2900,2900
37475,SET/4 COLOURFUL MIXING BOWLS,57,2900,2901
90154,LAZER CUT NECKLACE W PASTEL BEADS,57,2900,2902
47367B,PAIR PADDED HANGERS PINK CHECK,57,2900,2903
85123A,CREAM HANGING HEART T-LIGHT HOLDER,57,2900,2904
84508B,STRIPES DESIGN TEDDY,57,2900,2905
84993B,75 BLACK PETIT FOUR CASES,57,2900,2906
21943,CAKES AND RABBITS DESIGN FLANNEL,57,2900,2907
84927E,FLOWERS TILE HOOK,57,2900,2908
84576,BLUE CAT BISCUIT BARREL PINK HEART,57,2900,2909
23484,HEART TRELLISTRIPLE T-LIGHT HOLDER,56,2910,2910
22877,NUMBER TILE COTTAGE GARDEN 9,56,2910,2911
23578,SNACK TRAY RED GINGHAM,56,2910,2912
20773,BLUE PAISLEY NOTEBOOK,56,2910,2913
35638B,PINK/BLUE STRING CURTAIN,56,2910,2914
21333,CLASSIC WHITE FRAME,55,2915,2915
23472,NINE DRAWER OFFICE TIDY,55,2915,2916
21555,CERAMIC STRAWBERRY TRINKET TRAY,55,2915,2917
22824,3 TIER SWEETHEART GARDEN SHELF,55,2915,2918
85216,ASSORTED CAKES FRIDGE MAGNETS,55,2915,2919
85006,SET 4 NURSERY DES ROUND BOXES,55,2915,2920
72801G,4 BURGUNDY WINE DINNER CANDLES,55,2915,2921
22872,NUMBER TILE COTTAGE GARDEN 4,55,2915,2922
79030D,"TUMBLER, BAROQUE",54,2923,2923
71403,"PINK/WHITE \"KEEP CLEAN\" BULLET BIN",54,2923,2924
22868,NUMBER TILE COTTAGE GARDEN 0,54,2923,2925
35921,EASTER BUNNY HANGING GARLAND,54,2923,2926
23229,DONKEY TAIL GAME,54,2923,2927
85049B,LUSH GREENS RIBBONS,54,2923,2928
22874,NUMBER TILE COTTAGE GARDEN 6,54,2923,2929
20934,SET/3 POT PLANT CANDLES,54,2923,2930
35916C,PINK FELT HANGING HEART W FLOWER,54,2923,2931
21630,FLOOR CUSHION ELEPHANT CARNIVAL,54,2923,2932
22194,BLACK DINER WALL CLOCK,53,2933,2933
21629,SQUARE FLOOR CUSHION VINTAGE RED,53,2933,2934
84846A,SCENTED CANDLE IN DIGITALIS TIN,53,2933,2935
20748,KENSINGTON COFFEE SET,53,2933,2936
84708B,PINK JEWELLED PHOTO FRAME,53,2933,2937
20774,GREEN FERN NOTEBOOK,52,2938,2938
22876,NUMBER TILE COTTAGE GARDEN 8,52,2938,2939
84508C,BLUE CIRCLES DESIGN TEDDY,52,2938,2940
22871,NUMBER TILE COTTAGE GARDEN 3,52,2938,2941
90149,SILVER FLOWR PINK SHELL NECKLACE,52,2938,2942
47594A,CAROUSEL DESIGN WASHBAG,52,2938,2943
90214C,"LETTER \"C\" BLING KEY RING",52,2938,2944
22878,NUMBER TILE COTTAGE GARDEN No,52,2938,2945
44236,PINK/PURPLE CIRCLE CURTAIN,52,2938,2946
44242B,PINK FEATHERS CURTAIN,52,2938,2947
90201C,RED ENAMEL FLOWER RING,52,2938,2948
22486,PLASMATRONIC LAMP,52,2938,2949
21849,SILVER DIAMANTE PEN IN GIFT BOX,52,2938,2950
71510,SQUARE METAL CANDLEHOLDER BASE,52,2938,2951
79062D,"RETRO TIN ASHTRAY,REVOLUTIONARY",52,2938,2952
22875,NUMBER TILE COTTAGE GARDEN 7,51,2953,2953
84875D,BLUE SQUARE COMPACT MIRROR,51,2953,2954
21904,HOUSE WRECKING METAL SIGN,51,2953,2955
22407,MONEY BOX FIRST ADE DESIGN,51,2953,2956
90214L,"LETTER \"L\" BLING KEY RING",51,2953,2957
85136A,YELLOW SHARK HELICOPTER,51,2953,2958
21784,SHOE SHINE BOX,51,2953,2959
82011C,BATHROOM SCALES FOOTPRINTS IN SAND,51,2953,2960
23458,DOLLY CABINET 3 DRAWERS,51,2953,2961
16169P,WRAP GREEN RUSSIAN FOLKART,50,2962,2962
23018,LARGE APOTHECARY MEASURING JAR,50,2962,2963
40046A,RED DAISY PAPER LAMPSHADE,50,2962,2964
23691,KEEP CALM BIRTHDAY WRAP,50,2962,2965
85017C,ENVELOPE 50 CURIOUS IMAGES,50,2962,2966
22416,SET OF 36 SPACEBOY PAPER DOILIES,50,2962,2967
23692,WRAP A PRETTY THANK YOU,50,2962,2968
23047,PAPER LANTERN 5 POINT SEQUIN STAR,50,2962,2969
21157,RED RETROSPOT WASHBAG,49,2970,2970
35915C,PEACH KNITTED HEN,49,2970,2971
84247E,PACK OF 12 CHRISTMAS FUN CARDS,49,2970,2972
37444A,YELLOW BREAKFAST CUP AND SAUCER,49,2970,2973
84226,HEN HOUSE W FAMILY IN BARN & NEST,49,2970,2974
72811,SMALL ZINC/GLASS CANDLEHOLDER,49,2970,2975
84686,BEACH HUT MIRROR,49,2970,2976
16151A,FLOWERS HANDBAG blue and orange,49,2970,2977
84600,NEW BAROQUE JEWELLERY BOX,48,2978,2978
21420,OYSTER TRINKET BOX,48,2978,2979
71053,WHITE MOROCCAN METAL LANTERN,48,2978,2980
85167B,BLACK GRAND BAROQUE PHOTO FRAME,48,2978,2981
90031,BILI NUT AND WOOD NECKLACE,48,2978,2982
23366,SET 12 COLOUR PENCILS DOILEY,48,2978,2983
46126A,ELVIS WALLHANGING / CURTAIN,48,2978,2984
21614,SET OF 12 ROSE BOTANICAL T-LIGHTS,48,2978,2985
23148,MINITURE ANTIQUE ROSE HOOK IVORY,48,2978,2986
20819,SILVER TEDDY BEAR,48,2978,2987
35653,VINTAGE BEAD NOTEBOOK,47,2988,2988
84429A,MEDIUM PINK BUDDHA HEAD,47,2988,2989
85135B,BLUE DRAGONFLY HELICOPTER,47,2988,2990
90093,CLEAR CRYSTAL STAR PHONE CHARM,47,2988,2991
23413,DECORATIVE VINTAGE COFFEE  BOX,47,2988,2992
90214K,"LETTER \"K\" BLING KEY RING",47,2988,2993
90201A,PURPLE ENAMEL FLOWER RING,47,2988,2994
21128,GOLD FISHING GNOME,47,2988,2995
22873,NUMBER TILE COTTAGE GARDEN 5,47,2988,2996
84527,FLAMES SUNGLASSES PINK LENSES,47,2988,2997
90201D,GREEN ENAMEL FLOWER RING,46,2998,2998
84597C,RETRO PINK BALL ASHTRAY,46,2998,2999
21000,ROSE DU SUD COSMETICS BAG,46,2998,3000
84927A,WAKE UP COCKEREL TILE HOOK,46,2998,3001
84801A,PINK HYDRANGEA ART FLOWER,46,2998,3002
84466,TOP SECRET PEN SET,46,2998,3003
35597D,PINK/WHITE CHRISTMAS TREE 30CM,46,2998,3004
84534B,FAIRY CAKE NOTEBOOK A5 SIZE,46,2998,3005
72051S,BAG OF SILVER STONES,46,2998,3006
84658,WHITE STITCHED CUSHION COVER,46,2998,3007
22803,IVORY EMBROIDERED QUILT,46,2998,3008
20847,ZINC HEART LATTICE CHARGER LARGE,46,2998,3009
90170,DAISY HAIR BAND,46,2998,3010
21738,COSY SLIPPER SHOES SMALL  RED,45,3011,3011
84927D,LA PALMIERA TILE HOOK,45,3011,3012
85086A,CANDY SPOT HEART DECORATION,45,3011,3013
90161C,ANT COPPER LIME BOUDICCA BRACELET,45,3011,3014
21129,SILVER FISHING GNOME,45,3011,3015
47341B,BLUE TABLE RUN FLOWER,45,3011,3016
84898F,YELLOW FLOWERS FELT HANDBAG KIT,45,3011,3017
90161B,ANT COPPER TURQ BOUDICCA BRACELET,45,3011,3018
85163A,WHITE BAROQUE WALL CLOCK,45,3011,3019
21628,TRIANGULAR POUFFE VINTAGE,44,3020,3020
85163B,BLACK BAROQUE WALL CLOCK,44,3020,3021
72709,IVORY SCULPTED RND CANDLE,44,3020,3022
85185B,PINK HORSE SOCK PUPPET KIT,44,3020,3023
47344B,BLUE FLOWER DES PURSE,44,3020,3024
23429,RED RETRO KITCHEN WALL CLOCK,44,3020,3025
20795,LARGE BLUE PROVENCAL CERAMIC BALL,44,3020,3026
84760S,SMALL HANGING GLASS+ZINC LANTERN,43,3027,3027
85146,JARDIN ETCHED GLASS SMALL BELL JAR,43,3027,3028
21278,VINTAGE KITCHEN PRINT PUDDINGS,43,3027,3029
21100,CHARLIE AND LOLA CHARLOTTE BAG,43,3027,3030
46138B,BLUE CHENILLE SHAGGY CUSHION COVER,43,3027,3031
47013C,WINE BOTTLE DRESSING DARK BLUE,43,3027,3032
22407,MONEY BOX FIRST AID DESIGN,43,3027,3033
22949,SET OF 36 DOLLY GIRL PAPER DOILIES,42,3034,3034
23442,12 HANGING EGGS HAND PAINTED,42,3034,3035
84985A,SET OF 72 GREEN PAPER DOILIES,42,3034,3036
23455,SMALL PARLOUR FRAME,42,3034,3037
84725,FREESTYLE CANVAS ART PICTURE,41,3038,3038
90200A,PURPLE SWEETHEART BRACELET,41,3038,3039
84597B,RETRO BROWN BALL ASHTRAY,41,3038,3040
84461,12 PINK HEN+CHICKS IN BASKET,41,3038,3041
23038,T-LIGHT HOLDER SILVER SAUCER,41,3038,3042
90214E,"LETTER \"E\" BLING KEY RING",41,3038,3043
85045,GREEN CHRISTMAS TREE STRING 20LIGHT,41,3038,3044
82011B,BATHROOM SCALES RUBBER DUCKS,41,3038,3045
90160C,TURQ+RED BOUDICCA LARGE BRACELET,41,3038,3046
84723,CHERRY BLOSSOM CANVAS ART PICTURE,41,3038,3047
21031,SPACE CADET BLACK,40,3048,3048
90214S,"LETTER \"S\" BLING KEY RING",40,3048,3049
37489D,PINK/GREEN FLOWER DESIGN BIG MUG,40,3048,3050
85087,CANDY SPOT CUSHION COVER,40,3048,3051
90210B,CLEAR ACRYLIC FACETED BANGLE,40,3048,3052
84974,S/2 ZINC HEART DESIGN PLANTERS,40,3048,3053
20782,CAMOUFLAGE EAR MUFF HEADPHONES,40,3048,3054
22285,"DECORATION HEN ON NEST, HANGING",39,3055,3055
72133,COLUMBIAN CANDLE RECTANGLE,39,3055,3056
22812,PACK 3 BOXES CHRISTMAS PANETTONE,39,3055,3057
22202,MILK PAN PINK POLKADOT,39,3055,3058
23306,SET OF 36 PANTRY PAPER DOILIES,39,3055,3059
90214D,"LETTER \"D\" BLING KEY RING",39,3055,3060
47591B,SCOTTIES CHILDRENS APRON,38,3061,3061
35638A,PINK AND BLACK STRING CURTAIN,38,3061,3062
84809A,WHITE CHRYSANTHEMUMS ART FLOWER,38,3061,3063
21627,ELEPHANT CARNIVAL POUFFE,38,3061,3064
84952A,CLEAR LOVE BIRD T-LIGHT HOLDER,38,3061,3065
85145,JARDIN ETCHED GLASS LARGE BELL JAR,38,3061,3066
84805B,BLUE CLIMBING HYDRANGA ART FLOWER,38,3061,3067
21360,JOY LARGE WOOD LETTERS,37,3068,3068
84913A,SOFT PINK ROSE TOWEL,37,3068,3069
78033,FLAG OF ST GEORGE CHAIR,37,3068,3070
23466,TUSCAN VILLA DOVECOTE BIRD FEEDER,37,3068,3071
20780,BLACK EAR MUFF HEADPHONES,37,3068,3072
85055,FRENCH ENAMEL UTENSIL HOLDER,37,3068,3073
35833P,4 PINK FLOCK CHRISTMAS BALLS,37,3068,3074
21910,WAY OUT METAL SIGN,36,3075,3075
23126,DOLLCRAFT GIRL AMELIE,36,3075,3076
23254,KIDS CUTLERY DOLLY GIRL,36,3075,3077
23197,VEGETABLE MAGNETIC  SHOPPING LIST,36,3075,3078
23035,DOORKNOB CERAMIC IVORY,36,3075,3079
23325,RUSTIC STRAWBERRY JAMPOT SMALL,36,3075,3080
44228,CANNABIS LEAF BEAD CURTAIN,36,3075,3081
21655,HANGING RIDGE GLASS T-LIGHT HOLDER,36,3075,3082
20798,CLEAR MILKSHAKE GLASS,36,3075,3083
21413,PERIWINKLE T-LIGHT HOLDER,36,3075,3084
20694,FLORAL PINK MONSTER,36,3075,3085
23196,RETO LEAVES MAGNETIC SHOPPING LIST,36,3075,3086
79336,LIGHT PINK FLOCK GLASS CANDLEHOLDER,36,3075,3087
82615,PINK MARSHMALLOW SCARF KNITTING KIT,36,3075,3088
23256,KIDS CUTLERY SPACEBOY,36,3075,3089
23410,CURIO CABINET LINEN AND LACE,36,3075,3090
22827,RUSTIC  SEVENTEEN DRAWER SIDEBOARD,35,3091,3091
85136C,RED SHARK HELICOPTER,35,3091,3092
21281,VINTAGE KITCHEN PRINT SEAFOOD,35,3091,3093
21132,SILVER STANDING GNOME,35,3091,3094
23430,BLUE RETRO KITCHEN WALL CLOCK,35,3091,3095
22597,CHRISTMAS MUSICAL ZINC HEART,35,3091,3096
35913B,WHITE/PINK CHICK EASTER DECORATION,35,3091,3097
20622,VIP PASSPORT COVER,35,3091,3098
84874B,BLUE TRAVEL FIRST AID KIT,34,3099,3099
84247E,PACK/12 XMAS FUN CARD,34,3099,3100
22761,CHEST 7 DRAWER MA CAMPAGNE,34,3099,3101
84882,GREEN WIRE STANDING CANDLE HOLDER,34,3099,3102
84688,BEACH HUT DESIGN BLACKBOARD,34,3099,3103
90214G,"LETTER \"G\" BLING KEY RING",34,3099,3104
21816,CHRISTMAS TREE T-LIGHT HOLDER,34,3099,3105
90198A,VINTAGE ROSE BEAD BRACELET RASPBERR,34,3099,3106
21376,LARGE  TALL CAMPHOR WOOD TOADSTOOL,33,3107,3107
47593A,CAROUSEL PONIES BABY BIB,33,3107,3108
71050,SMALL SINGLE FLAME CANDLE HOLDER,33,3107,3109
20653,CHERRY BLOSSOM LUGGAGE TAG,33,3107,3110
20902,VINTAGE KEEPSAKE BOX PARIS DAYS,33,3107,3111
85197,SET OF 12 MINI BUNNIES IN A BUCKET,33,3107,3112
23459,DOLLY CABINET 2 DRAWERS,33,3107,3113
84352,SILVER CHRISTMAS TREE BAUBLE STAND,33,3107,3114
37489A,YELLOW/PINK FLOWER DESIGN BIG MUG,33,3107,3115
21686,MEDINA STAMPED METAL STOOL,33,3107,3116
90185D,CRYSTAL DIAMANTE EXPANDABLE RING,32,3117,3117
20857,BLUE ROSE PATCH PURSE PINK BUTTERFL,32,3117,3118
20696,FLORAL SOFT CAR TOY,32,3117,3119
84745A,PINK HANGING GINGHAM EASTER HEN,32,3117,3120
21392,RED POLKADOT PUDDING BOWL,32,3117,3121
84358,FLOOR LAMP SHADE WOOD BASE,32,3117,3122
20781,GOLD EAR MUFF HEADPHONES,32,3117,3123
90160D,PINK BOUDICCA LARGE BRACELET,32,3117,3124
84745B,BLUE HANGING GINGHAM EASTER HEN,32,3117,3125
21758,VINTAGE SHELLS PRINT,32,3117,3126
23454,SET OF 3 MINI HANGING PORTRAITS,32,3117,3127
37489B,BLUE/YELLOW FLOWER DESIGN BIG MUG,31,3128,3128
90160A,PURPLE BOUDICCA LARGE BRACELET,31,3128,3129
90161D,ANT COPPER PINK BOUDICCA BRACELET,31,3128,3130
21476,STEEL SWEETHEART ROUND TABLE CREAM,31,3128,3131
35818B,"ACRYLIC JEWEL ICICLE, BLUE",31,3128,3132
84507B,STRIPES DESIGN MONKEY DOLL,31,3128,3133
84859B,BLUE DISCO HANDBAG,31,3128,3134
72140E,BEST DAD CANDLE LETTERS,31,3128,3135
84549,CROCHET WHITE RABBIT KEYRING,31,3128,3136
23015,CORDIAL GLASS JUG,31,3128,3137
90120C,GREEN MURANO TWIST BRACELET,31,3128,3138
16254,TRANSPARENT ACRYLIC TAPE DISPENSER,31,3128,3139
84805A,CREAM CLIMBING HYDRANGA ART FLOWER,30,3140,3140
23068,ALUMINIUM HEART,30,3140,3141
90198B,VINTAGE ROSE BEAD BRACELET BLACK,30,3140,3142
22145,CHRISTMAS CRAFT HEART STOCKING,30,3140,3143
16010,FOLDING CAMPING SCISSOR W/KNIF & S,30,3140,3144
21393,BLUE POLKADOT PUDDING BOWL,29,3145,3145
84919,BLUE CUSHION COVER WITH FLOWER,29,3145,3146
17090D,VANILLA INCENSE 40 CONES IN TIN,29,3145,3147
16202B,PASTEL BLUE PHOTO ALBUM,29,3145,3148
17164B,ASS COL SMALL SAND GECKO P'WEIGHT,29,3145,3149
20699,MOUSEY LONG LEGS SOFT TOY,29,3145,3150
84707B,PINK JEWELLED MIRROR TRINKET TRAY,29,3145,3151
84637,KITCHEN FLOWER POTS WALL PLAQUE,29,3145,3152
84748,FOLK FELT HANGING MULTICOL GARLAND,28,3153,3153
35637C,PINK STRING CURTAIN WITH POLE,28,3153,3154
37488A,YELLOW PINK FLOWER DESIGN BIG BOWL,28,3153,3155
21657,MILK BOTTLE WITH GLASS STOPPER,28,3153,3156
21269,ANTIQUE CREAM CUTLERY SHELF,28,3153,3157
90214P,"LETTER \"P\" BLING KEY RING",28,3153,3158
72369A,PINK CLEAR GLASS CANDLE PLATE,28,3153,3159
81953P,ROUND ARTICULATED PINK CLOCK W/SUCK,28,3153,3160
72132,COLUMBIAN CUBE CANDLE,28,3153,3161
84989A,75 GREEN FAIRY CAKE CASES,28,3153,3162
35922,EASTER BUNNY WREATH,28,3153,3163
90098,NECKLACE+BRACELET PINK BUTTERFLY,28,3153,3164
90164B,WHITE  ROSEBUD PEARL BRACELET,28,3153,3165
90214M,"LETTER \"M\" BLING KEY RING",27,3166,3166
37462E,"PET MUG, GOLDFISH",27,3166,3167
35966,FOLKART CHRISTMAS TREE T-LIGHT HOLD,27,3166,3168
90082B,DIAMANTE BOW BROOCH RED COLOUR,27,3166,3169
90162B,ANT SILVER LIME GREEN BOUDICCA RING,27,3166,3170
85092,CANDY SPOT TEA COSY,27,3166,3171
20980,36 PENCILS TUBE POSY,27,3166,3172
47341A,FUSCHIA TABLE RUN FLOWER,27,3166,3173
22950,SET OF 36 VINTAGE CHRISTMAS DOILIES,27,3166,3174
17165D,ASS COL LARGE SAND FROG P'WEIGHT,27,3166,3175
23457,LARGE PARLOUR FRAME,27,3166,3176
21851,LILAC DIAMANTE PEN IN GIFT BOX,26,3177,3177
84865,NEW BAROQUE BLACK PHOTO ALBUM,26,3177,3178
21460,GREEN EASTER EGG HUNT START POST,26,3177,3179
22656,VINTAGE BLUE KITCHEN CABINET,26,3177,3180
90210A,GREY ACRYLIC FACETED BANGLE,26,3177,3181
79331,PINK FLOCK GLASS CANDLEHOLDER,26,3177,3182
23041,PAPER LANTERN 6 POINT SNOW STAR,26,3177,3183
16162M,THE KING GIFT BAG 25x24x12cm,26,3177,3184
21364,PEACE SMALL WOOD LETTERS,25,3185,3185
23402,HOME SWEEET HOME 3 PEG HANGER,25,3185,3186
20894,HANGING BAUBLE T-LIGHT HOLDER LARGE,25,3185,3187
16169N,WRAP BLUE RUSSIAN FOLKART,25,3185,3188
79026B,"S/4 ICON COASTER,ELVIS LIVES",25,3185,3189
23143,ZINC WIRE KITCHEN ORGANISER,25,3185,3190
23448,CREAM BUNNY EASTER EGG BASKET,25,3185,3191
20878,SET/9 CHRISTMAS T-LIGHTS SCENTED,25,3185,3192
16161M,WRAP  PINK FLOCK,25,3185,3193
75013B,"STRING OF 8 BUTTERFLIES,PINK",25,3185,3194
22765,NEWSPAPER STAND,25,3185,3195
21001,ROSE DU SUD WASHBAG,25,3185,3196
84510E,SET OF 4 GREEN CAROUSEL COASTERS,25,3185,3197
79191D,RETRO PLASTIC DAISY TRAY,25,3185,3198
20898,VINTAGE NOTEBOOK TRAVELOGUE,25,3185,3199
90214I,"LETTER \"I\" BLING KEY RING",25,3185,3200
84016,FLAG OF ST GEORGE CAR FLAG,25,3185,3201
90089,PINK CRYSTAL SKULL PHONE CHARM,25,3185,3202
22952,72 CAKE CASES VINTAGE CHRISTMAS,24,3203,3203
17007B,S/3 POT POURI CUSHIONS BLUE COLOURS,24,3203,3204
84388,WISE MAN STAR SHAPE EGG PAN,24,3203,3205
84666,SQUARE CHERRY BLOSSOM CABINET,24,3203,3206
84251C,"GREETING CARD, TWO SISTERS.",24,3203,3207
84750A,PINK SMALL GLASS CAKE STAND,24,3203,3208
23091,METAL HERB GERDEN CONTAINER,24,3203,3209
23145,ZINC T-LIGHT HOLDER STARS LARGE,24,3203,3210
23235,BISCUIT TIN VINTAGE LEAF,24,3203,3211
23437,GIFT BAG LARGE 50'S CHRISTMAS,24,3203,3212
21375,LARGE CAMPHOR WOOD FIELD MUSHROOM,24,3203,3213
46775D,SUNSET COLOUR CHUNKY KNITTED THROW,24,3203,3214
44089C,LILAC GAUZE BUTTERFLY LAMPSHADE,24,3203,3215
23250,ENAMEL BOWL PANTRY,24,3203,3216
22972,CHILDRENS SPACEBOY MUG,24,3203,3217
35610C,WHITE CHRISTMAS FLOCK DROPLET,24,3203,3218
22953,BIRTHDAY BANNER TAPE,24,3203,3219
22823,CHEST NATURAL WOOD 20 DRAWERS,24,3203,3220
90085,CRYSTAL STILETTO PHONE CHARM,24,3203,3221
23196,LEAVES MAGNETIC  SHOPPING LIST,24,3203,3222
84857B,BLUE MONTE CARLO HANDBAG,24,3203,3223
21690,SILVER  CANDLEPOT JARDIN,24,3203,3224
21366,MIRRORED WALL ART PHOTO FRAMES,24,3203,3225
35610B,BLACK CHRISTMAS FLOCK DROPLET,24,3203,3226
22963,JAM JAR WITH BLUE LID,24,3203,3227
35607A,PINK FLUFFY CHRISTMAS DECORATION,24,3203,3228
85028S,FRENCH CHATEAU SMALL FRUITBOWL,24,3203,3229
84206A,3 BLACK CATS W HEARTS BLANK CARD,24,3203,3230
90214J,"LETTER \"J\" BLING KEY RING",23,3231,3231
23467,VINTAGE ZINC PLANTER,23,3231,3232
84247K,"FOLK ART GREETING CARD,pack/12",23,3231,3233
37489C,GREEN/BLUE FLOWER DESIGN BIG MUG,23,3231,3234
84033,FLAG OF ST GEORGE,23,3231,3235
90192,JADE DROP EARRINGS W FILIGREE,23,3231,3236
21277,FRENCH STYLE EMBOSSED HEART CABINET,23,3231,3237
20933,YELLOW POT PLANT CANDLE,23,3231,3238
21018,BIRD BOX CHRISTMAS TREE DECORATION,22,3239,3239
21473,SWEETHEART CREAM STEEL TABLE RECT,22,3239,3240
90185A,AMBER DIAMANTE EXPANDABLE RING,22,3239,3241
90191,SILVER LARIAT 40CM,22,3239,3242
23075,DOUBLE CERAMIC PARLOUR HOOK,22,3239,3243
23456,MEDIUM PARLOUR FRAME,22,3239,3244
84247N,PACK/12 BLUE FOLKART CARDS,22,3239,3245
21040,MODERN VINTAGE COTTON SHOPPING BAG,22,3239,3246
84732B,CUTE BIRD CEATURE SCREEN,22,3239,3247
23441,HAND PAINTED HANGING EASTER EGG,22,3239,3248
84801B,WHITE HYDRANGEA ART FLOWER,22,3239,3249
90214H,"LETTER \"H\" BLING KEY RING",22,3239,3250
90184B,AMETHYST CHUNKY BEAD BRACELET W STR,21,3251,3251
90160B,RED BOUDICCA LARGE BRACELET,21,3251,3252
20848,ZINC HEART LATTICE CHARGER SMALL,21,3251,3253
90082A,DIAMANTE BOW BROOCH GREEN COLOUR,21,3251,3254
37444C,PINK BREAKFAST CUP AND SAUCER,21,3251,3255
90185C,BLACK DIAMANTE EXPANDABLE RING,21,3251,3256
47586A,PINK FAIRY CAKE CUSHION COVER,21,3251,3257
90147,CHUNKY SILVER NECKLACE PASTEL FLOWE,21,3251,3258
90145,SILVER HOOP EARRINGS WITH FLOWER,21,3251,3259
84847,FLORAL BATHROOM SET,21,3251,3260
84685,BEACH HUT KEY CABINET,21,3251,3261
90129B,TURQUOISE GLASS TASSLE BAG CHARM,21,3251,3262
23535,WALL ART BICYCLE SAFTEY,21,3251,3263
84709B,PINK OVAL JEWELLED MIRROR,20,3264,3264
90200C,BLUE SWEETHEART BRACELET,20,3264,3265
90062,CARNIVAL BRACELET,20,3264,3266
20903,VINTAGE KEEPSAKE BOX TRAVELOGUE,20,3264,3267
90120B,BLUE MURANO TWIST BRACELET,20,3264,3268
35916A,YELLOW FELT HANGING HEART W FLOWER,20,3264,3269
84629,WHITE 3 FRAME BIRDS AND TREE,20,3264,3270
90183A,AMBER DROP EARRINGS W LONG BEADS,20,3264,3271
84870C,GREEN GEISHA GIRL,20,3264,3272
35910A,MULTICOLOUR EASTER RABBIT,20,3264,3273
85096,HILDA CANDY SPOT RABBIT,20,3264,3274
44092C,PURPLE/COPPER HANGING LAMPSHADE,20,3264,3275
90099,NECKLACE+BRACELET SET BLUE HIBISCUS,20,3264,3276
84870B,BLUE GEISHA GIRL,20,3264,3277
79071B,ENGLISH ROSE METAL WASTE BIN,20,3264,3278
90032,IVORY SHELL HEART NECKLACE,19,3279,3279
22929,SCHOOL DESK AND CHAIR,19,3279,3280
90143,SILVER BRACELET W PASTEL FLOWER,19,3279,3281
20697,LITTLE GREEN MONSTER SOFT TOY,19,3279,3282
84638,SMALL KITCHEN FLOWER POTS PLAQUE,19,3279,3283
84751B,BLACK MEDIUM GLASS CAKE STAND,19,3279,3284
84984A,GREEN PEONY CUSHION COVER,19,3279,3285
90083,CRYSTAL CZECH CROSS PHONE CHARM,19,3279,3286
90125B,AQUA BERTIE GLASS BEAD BAG CHARM,19,3279,3287
84712B,PINK JEWELLED PHOTO FRAME,19,3279,3288
46776F,WOVEN ROSE GARDEN CUSHION COVER,19,3279,3289
22135,LADLE LOVE HEART PINK,19,3279,3290
35271S,GOLD PRINT PAPER BAG,19,3279,3291
21357,TOAST ITS - DINOSAUR,19,3279,3292
22415,WHITE TISSUE REAM,19,3279,3293
20845,ZINC HEART LATTICE 2 WALL PLANTER,19,3279,3294
90164A,PINK ROSEBUD PEARL BRACELET,19,3279,3295
23468,TUSCAN VILLA BIRD TABLE,19,3279,3296
90003D,CRYSTAL PAIR HEART HAIR SLIDES,18,3297,3297
84809B,PINK CHRYSANTHEMUMS ART FLOWER,18,3297,3298
72812,LARGE ZINC GLASS CANDLEHOLDER,18,3297,3299
23282,FOLDING MIRROR IVORY,18,3297,3300
90214N,"LETTER \"N\" BLING KEY RING",18,3297,3301
21011,GLITTER SNOW PEAR TREE DECORATION,18,3297,3302
90019A,SILVER M.O.P ORBIT BRACELET,18,3297,3303
23044,PAPER LANTERN 9 POINT HOLLY STAR 23,18,3297,3304
23281,FOLDING MIRROR RED,18,3297,3305
79149B,SILICON STAR BULB  BLUE,18,3297,3306
10124G,ARMY CAMO BOOKCOVER TAPE,17,3307,3307
84631,FRUIT TREE AND BIRDS WALL PLAQUE,17,3307,3308
90018A,SILVER M.O.P ORBIT DROP EARRINGS,17,3307,3309
21692,SILVER LATTICE VANILLA CANDLE POT,17,3307,3310
46000P,POLYESTER FILLER PAD 65CMx65CM,17,3307,3311
85084,HOLLY TOP CHRISTMAS STOCKING,17,3307,3312
84906,PINK BUTTERFLY CUSHION COVER,17,3307,3313
62043B,BLUE CHECK BAG W HANDLE 34X20CM,17,3307,3314
85168B,BLACK BAROQUE CARRIAGE CLOCK,17,3307,3315
90199C,5 STRAND GLASS NECKLACE CRYSTAL,17,3307,3316
90204,PAIR OF ENAMEL BUTTERFLY HAIRCLIP,17,3307,3317
90129C,GREEN GLASS TASSLE BAG CHARM,17,3307,3318
90177D,DROP DIAMANTE EARRINGS PURPLE,17,3307,3319
37476,CONDIMENT TRAY 4 BOWLS AND 4 SPOONS,17,3307,3320
90122C,TURQUOISE CRYSTAL+GLASS BRACELET,17,3307,3321
84984B,RED PEONY CUSHION COVER,17,3307,3322
16162L,THE KING GIFT BAG,17,3307,3323
35911B,PINK/FLOWER RABBIT EGG WARMER,17,3307,3324
90195A,PURPLE GEMSTONE BRACELET,16,3325,3325
85031A,ROMANTIC IMAGES SCRAP BOOK SET,16,3325,3326
82011A,"BATHROOM SCALES, TROPICAL BEACH",16,3325,3327
84715,SET OF 6 ICE CREAM SKITTLES,16,3325,3328
23081,GREEN METAL BOX TOP SECRET,16,3325,3329
23107,WHITE WIRE PLANT POT HOLDER,16,3325,3330
23271,CHRISTMAS TABLE CANDLE SILVER SPIKE,16,3325,3331
DOT,DOTCOM POSTAGE,16,3325,3332
23465,TUSCAN VILLA BIRD FEEDER,16,3325,3333
10124A,SPOTS ON RED BOOKCOVER TAPE,16,3325,3334
35265,COLOURFUL FLOWER FRUIT BOWL,16,3325,3335
62074B,ELEPHANT CLIP W SUCTION CUP,16,3325,3336
84086B,YELLOW/BLUE RETRO RADIO,16,3325,3337
35649,VINTAGE BEAD COSMETIC BAG,16,3325,3338
81950V,FLOWER PURPLE CLOCK WITH SUCKER,16,3325,3339
84539,KNITTED RABBIT DOLL,16,3325,3340
72783,BLACK SIL'T SQU CANDLE PLATE,16,3325,3341
20698,LITTLE PINK MONSTER SOFT TOY,16,3325,3342
90174,BUTTERFLY HAIR BAND,16,3325,3343
23066,SMALL JEWELLERY STAND,16,3325,3344
90116,FRUIT SALAD BAG CHARM,16,3325,3345
90205A,LARGE MINT DIAMANTE HAIRSLIDE,16,3325,3346
84706F,RED PEONY TABLE CLOCK,16,3325,3347
90013A,MIDNIGHT BLUE VINTAGE EARRINGS,16,3325,3348
23464,VINTAGE ZINC WATERING CAN SMALL,16,3325,3349
90129F,RED GLASS TASSLE BAG CHARM,16,3325,3350
90173,PAIR BUTTERFLY HAIR CLIPS,16,3325,3351
20821,GOLDIE LOOKING MIRROR,16,3325,3352
90214R,"LETTER \"R\" BLING KEY RING",15,3353,3353
90101,WHITE FRANGIPANI NECKLACE,15,3353,3354
85185D,FROG SOCK PUPPET,15,3353,3355
44089A,PINK GAUZE BUTTERFLY LAMPSHADE,15,3353,3356
46776B,WOVEN BERRIES CUSHION COVER,15,3353,3357
84803B,WHITE ALLIUM  ARTIFICIAL FLOWER,15,3353,3358
90081A,LILY BROOCH AMETHYST COLOUR,15,3353,3359
20778,GARDEN PATH NOTEBOOK,15,3353,3360
21370,MIRRORED WALL ART FOXY,15,3353,3361
84925D,LA PALMIERA WALL THERMOMETER,15,3353,3362
85135A,YELLOW DRAGONFLY HELICOPTER,15,3353,3363
85030,FRENCH CHATEAU OVAL PLATTER,15,3353,3364
84548,CROCHET BEAR RED/BLUE  KEYRING,15,3353,3365
16202E,BLACK PHOTO ALBUM,15,3353,3366
84711B,PINK OVAL SHAPE TRINKET BOX,15,3353,3367
20997,ROSE DU SUD CUSHION COVER,15,3353,3368
90214V,"LETTER \"V\" BLING KEY RING",14,3369,3369
84575A,PINK DOG CANNISTER,14,3369,3370
90016A,SILVER/M.O.P PENDANT ORBIT NECKLACE,14,3369,3371
84798A,PINK FOXGLOVE ARTIIFCIAL FLOWER,14,3369,3372
84842,HELLO SAILOR BATHROOM SET,14,3369,3373
85089,CANDY SPOT BUNNY,14,3369,3374
90166,PINK & WHITE ROSEBUD RING,14,3369,3375
47013A,WINE BOTTLE DRESSING LT.BLUE,14,3369,3376
84796A,PINK HAWAIIAN PICNIC HAMPER FOR 2,14,3369,3377
21344,MOROCCAN BEATEN METAL DISH,14,3369,3378
23574,PACKING CHARGE,14,3369,3379
84711A,SILVER OVAL SHAPE TRINKET BOX,14,3369,3380
82605,OLD DOC RUSSEL METAL SIGN,14,3369,3381
20785,FUSCHIA RETRO BAR STOOL,14,3369,3382
85206B,PINK FELT EASTER EGG BASKET,14,3369,3383
46776E,WOVEN CANDY CUSHION COVER,14,3369,3384
21270,ANTIQUE CREAM CUTLERY CUPBOARD,14,3369,3385
90158,ST TROPEZ NECKLACE,14,3369,3386
90039D,FIRE POLISHED GLASS BRACELET GREEN,14,3369,3387
37333,"RETRO \"TEA FOR ONE\"",14,3369,3388
90162C,ANT SILVER FUSCHIA BOUDICCA RING,14,3369,3389
21332,MOROCCAN BEATEN METAL MIRROR,14,3369,3390
90123A,PINK HEART OF GLASS BRACELET,14,3369,3391
44092B,BLUE WHITE PLASTIC RINGS LAMPSHADE,14,3369,3392
84228,HEN HOUSE WITH CHICK STANDING,14,3369,3393
46776A,WOVEN BUBBLE GUM CUSHION COVER,14,3369,3394
21002,ROSE DU SUD DRAWSTRING BAG,13,3395,3395
90073,VINTAGE ENAMEL & CRYSTAL EARRINGS,13,3395,3396
16248B,BLUE HOLE PUNCH,13,3395,3397
90180A,BLACK+WHITE NECKLACE W TASSEL,13,3395,3398
90094,NECKLACE+BRACELET SET FRUIT SALAD,13,3395,3399
84497,BUTTONS AND STRIPES NOTEBOOK,13,3395,3400
90206C,CRYSTAL DIAMANTE STAR BROOCH,13,3395,3401
84984D,ORIENTAL RED CUSHION COVER,13,3395,3402
84201B,HAPPY BIRTHDAY CARD STRIPEY TEDDY,13,3395,3403
23502,PLAYING CARDS VINTAGE DOILEY,13,3395,3404
90146,FINE SILVER NECKLACE W PASTEL FLOWE,13,3395,3405
47589,CONGRATULATIONS BUNTING,13,3395,3406
21003,ROSE DU SUD CUSHION COVER,13,3395,3407
90123C,GREEN HEART OF GLASS BRACELET,13,3395,3408
71496B,A4 WALL TIDY RED FLOWERS,13,3395,3409
90214F,"LETTER \"F\" BLING KEY RING",13,3395,3410
90185B,AMETHYST DIAMANTE EXPANDABLE RING,13,3395,3411
90177C,DROP DIAMANTE EARRINGS CRYSTAL,13,3395,3412
90214B,"LETTER \"B\" BLING KEY RING",13,3395,3413
84816,DANISH ROSE BEDSIDE CABINET,13,3395,3414
62094B,TURQ ICE CREAM BUM BAG,13,3395,3415
16207A,PINK STRAWBERRY HANDBAG,13,3395,3416
35647,VINTAGE BEAD PINK SHADE,13,3395,3417
35910B,PINK FLOWERS RABBIT EASTER,13,3395,3418
23389,SPACEBOY MINI RUCKSACK,13,3395,3419
85008,SET OF 3 CONEY ISLAND OVAL BOXES,12,3420,3420
90186B,CRYSTAL HOOP EARRING FLORAL LEAF,12,3420,3421
79329,PINK FLOCK GLASS CANDLEHOLDER,12,3420,3422
23029,DOORKNOB CRACKED GLAZE GREEN,12,3420,3423
23251,ENAMEL MUG PANTRY,12,3420,3424
23249,ENAMEL DINNER PLATE PANTRY,12,3420,3425
23212,PAINTED HEART WREATH WITH BELL,12,3420,3426
23466,TUSCAN VILLA DOVECOTE,12,3420,3427
90214O,"LETTER \"O\" BLING KEY RING",12,3420,3428
90214U,"LETTER \"U\" BLING KEY RING",12,3420,3429
90214W,"LETTER \"W\" BLING KEY RING",12,3420,3430
BANK CHARGES,Bank Charges,12,3420,3431
85018D,YULETIDE IMAGES S/6 PAPER BOXES,12,3420,3432
85024C,PINK SMALL JEWELLED PHOTOFRAME,12,3420,3433
85161,ACRYLIC GEOMETRIC LAMP,12,3420,3434
84705C,PINK FLOCK PHOTO FRAME,12,3420,3435
90214Z,"LETTER \"Z\" BLING KEY RING",12,3420,3436
21349,IVY HEART WREATH,12,3420,3437
40005B,BLUE ORGANDY ROUND LAMPSHADE W BEA,12,3420,3438
46115B,GREEN POP ART MAO CUSHION COVER,12,3420,3439
90194,SILVER LARIAT BLACK STONE EARRINGS,12,3420,3440
84462,3 PINK HEN+CHICKS IN BASKET,12,3420,3441
84905,PINK BUTTERFLY CUSHION COVER,12,3420,3442
84877A,PINK ROUND COMPACT MIRROR,12,3420,3443
46776D,WOVEN SUNSET CUSHION COVER,12,3420,3444
23040,PAPER LANTERN 9 POINT SNOW STAR,12,3420,3445
84415A,PINK FLOCK SUEDE CUSHION COVER,12,3420,3446
23244,CANNISTER VINTAGE LEAF DESIGN,12,3420,3447
44242A,LILAC FEATHERS CURTAIN,12,3420,3448
23537,I LOVE LONDON WALL ART,12,3420,3449
23465,TUSCAN VILLA FEEDING STATION,12,3420,3450
90012B,BLACK DROP CRYSTAL NECKLACE,12,3420,3451
23463,VINTAGE ZINC WATERING CAN,12,3420,3452
23449,SET OF 6 EASTER RAINBOW CHICKS,12,3420,3453
90214T,"LETTER \"T\" BLING KEY RING",12,3420,3454
22246,"GARLAND, MAGIC GARDEN 1.8M",12,3420,3455
35958,FOLKART ZINC STAR CHRISTMAS DEC,12,3420,3456
84522,PINK PARTY SUNGLASSES,12,3420,3457
22937,BAKING MOULD CHOCOLATE CUP CAKES,12,3420,3458
90003C,MIDNIGHT BLUE PAIR HEART HAIR SLIDE,12,3420,3459
22937,BAKING MOULD CUPCAKE CHOCOLATE,12,3420,3460
85109,PINK BOUDOIR T-LIGHT HOLDER,12,3420,3461
20818,GOLD TEDDY BEAR,12,3420,3462
22351,DOTCOMGIFTSHOP TEA TOWEL,12,3420,3463
37471,MULTICOLOUR POLKADOT PLATE,12,3420,3464
90202D,PINK ENAMEL FLOWER HAIR TIE,12,3420,3465
23031,DOORKNOB CRACKED GLAZE PINK,12,3420,3466
23214,BELL HEART ANTIQUE GOLD,12,3420,3467
35817P,PINK ACRYLIC JEWEL SNOWFLAKE,12,3420,3468
84921,CREAM AND PINK FLOWERS PONY,11,3469,3469
84881,BLUE WIRE SPIRAL CANDLE HOLDER,11,3469,3470
90081C,LILY BROOCH OLIVE COLOUR,11,3469,3471
21331,MOROCCAN BEATEN METAL DISH LARGE,11,3469,3472
20662,FIRST CLASS HOLIDAY PURSE,11,3469,3473
90063A,WHITE VINT ART DECO CRYSTAL NECKLAC,11,3469,3474
90013C,GREEN VINTAGE EARRINGS,11,3469,3475
23020,GLASS SONGBIRD STORAGE JAR,11,3469,3476
79151B,"SILICON CUBE 25W, BLUE",11,3469,3477
85195,HANGING HEART BASKET,11,3469,3478
81953B,ROUND BLUE CLOCK WITH SUCKER,11,3469,3479
84906,PINK B'FLY C/COVER W BOBBLES,11,3469,3480
90036D,"FLOWER GLASS GARLAND NECKL.36\"BLACK",11,3469,3481
84616,SILVER ROCCOCO CHANDELIER,11,3469,3482
90184C,BLACK CHUNKY BEAD BRACELET W STRAP,11,3469,3483
46776C,WOVEN FROST CUSHION COVER,11,3469,3484
84387A,BIRD ON BRANCH CANVAS SCREEN,11,3469,3485
21769,VINTAGE POST OFFICE CABINET,11,3469,3486
71215,METAL BASE FOR CANDLES,11,3469,3487
72821,CUPID SCENTED CANDLE IN GLASS,11,3469,3488
90064B,BLACK VINTAGE  CRYSTAL EARRINGS,11,3469,3489
90000A,RASPBERRY ANT COPPER FLOWER NECKLAC,11,3469,3490
84732D,CUTE RABBIT CEATURE SCREEN,11,3469,3491
21761,WOOD AND GLASS MEDICINE CABINET,10,3492,3492
90162D,ANT SILVER PURPLE BOUDICCA RING,10,3492,3493
20671,BLUE TEATIME PRINT BOWL,10,3492,3494
20700,GREEN CAT FLORAL CUSHION COVER,10,3492,3495
90010E,AMBER GLASS/SILVER BRACELET,10,3492,3496
84924F,PSYCHEDELIC METAL SIGN CALENDAR,10,3492,3497
21275,ZINC TOP  2 DOOR WOODEN SHELF,10,3492,3498
22828,REGENCY MIRROR WITH SHUTTERS,10,3492,3499
23045,PAPER LANTERN 5 POINT STAR MOON 30,10,3492,3500
90167,BEADED LOVE HEART JEWELLERY SET,10,3492,3501
84910A,PINK PAISLEY CUSHION COVER,10,3492,3502
35400,WOODEN BOX ADVENT CALENDAR,10,3492,3503
23065,LARGE JEWELLERY STAND,10,3492,3504
90102,WHITE FRANGIPANI HAIR CLIP,10,3492,3505
23413,DECROTIVEVINTAGE COFFEE GRINDER BOX,10,3492,3506
90059E,DIAMANTE HAIR GRIP PACK/2 RUBY,10,3492,3507
90002D,FLOWER BURST SILVER RING CRYSTAL,10,3492,3508
90067A,PINK VINTAGE VICTORIAN EARRINGS,10,3492,3509
90072,RUBY DROP CHANDELIER EARRINGS,10,3492,3510
84465,15 PINK FLUFFY CHICKS IN BOX,10,3492,3511
85028L,FRENCH CHATEAU LARGE FRUIT BOWL,10,3492,3512
90208,PAIR OF PINK FLOWER CLUSTER SLIDE,10,3492,3513
71143,SILVER BOOK MARK WITH BEADS,10,3492,3514
90059B,DIAMANTE HAIR GRIP PACK/2 BLACK DIA,9,3515,3515
21226,POCKET MIRROR WOODLAND,9,3515,3516
85189,HANGING BUTTERFLY  EGG,9,3515,3517
21461,BLUE EASTER EGG HUNT START POST,9,3515,3518
90130B,TURQ STONE/CRYSTAL EARRINGS,9,3515,3519
20661,BLUE POLKADOT PURSE,9,3515,3520
35598A,DUSTY PINK CHRISTMAS TREE 60CM,9,3515,3521
90175C,BLUE GLASS CHUNKY CHARM BRACELET,9,3515,3522
90175A,WHITE GLASS CHUNKY CHARM BRACELET,9,3515,3523
90161A,ANT COPPER RED BOUDICCA BRACELET,9,3515,3524
44091A,BLUE CRUSOE CHECK LAMPSHADE,9,3515,3525
20851,ZINC HEART LATTICE TRAY OVAL,9,3515,3526
90142D,MOP PENDANT SHELL NECKLACE,9,3515,3527
90133,TEAL/FUSCHIA COL BEAD NECKLACE,9,3515,3528
17174,ASSTD RASTA KEY-CHAINS,9,3515,3529
84675,FROG KING WATERING CAN,9,3515,3530
90016B,GOLD/M.O.P PENDANT ORBIT NECKLACE,9,3515,3531
21847,GREEN  DIAMANTE PEN IN GIFT BOX,9,3515,3532
62097B,BLUE STRIPES SHOULDER BAG,9,3515,3533
90059F,DIAMANTE HAIR GRIP PACK/2 LT ROSE,9,3515,3534
21336,GOLD WASHBAG,8,3535,3535
90184A,AMBER CHUNKY BEAD BRACELET W STRAP,8,3535,3536
84922,PINK BUTTERFLY WASHBAG,8,3535,3537
22837,HOT WATER BOTTLE BABUSHKA LARGE,8,3535,3538
35909A,RABBIT EASTER DECORATION,8,3535,3539
90122A,PINK CRYSTAL+GLASS BRACELET,8,3535,3540
90148,LONG SILVER NECKLACE PASTEL FLOWER,8,3535,3541
79323B,BLACK CHERRY LIGHTS,8,3535,3542
90018B,GOLD M.O.P ORBIT DROP EARRINGS,8,3535,3543
90096,NECKLACE+BRACELET SET BLUE BLOSSOM,8,3535,3544
23047,PAPER LANTERN 5 POINT STUDDED STAR,8,3535,3545
23252,ENAMEL JUG PANTRY,8,3535,3546
90129D,AMBER GLASS TASSLE BAG CHARM,8,3535,3547
23539,"WALL ART , LOVES' SECRET",8,3535,3548
90059C,DIAMANTE HAIR GRIP PACK/2 MONTANA,8,3535,3549
90082D,DIAMANTE BOW BROOCH BLACK COLOUR,8,3535,3550
90199A,5 STRAND GLASS NECKLACE BLACK,8,3535,3551
90151,SILVER/NATURAL SHELL NECKLACE,8,3535,3552
20670,VIP HOLIDAY PURSE,8,3535,3553
22184,CAKE STAND VICTORIAN FILIGREE LARGE,8,3535,3554
90014B,GOLD M PEARL  ORBIT NECKLACE,8,3535,3555
35610A,PINK CHRISTMAS FLOCK DROPLET,8,3535,3556
90065A,WHITE VINTAGE CRYSTAL BRACELET,8,3535,3557
20816,GOLD FLOWER CUSHION COVER,8,3535,3558
84206C,CHAMPAGNE TRAY BLANK CARD,8,3535,3559
23390,DOLLY GIRL MINI RUCKSACK,8,3535,3560
90014A,SILVER M.O.P. ORBIT NECKLACE,8,3535,3561
90196A,PURPLE GEMSTONE NECKLACE 45CM,8,3535,3562
20910,VINTAGE PHOTO ALBUM PARIS DAYS,8,3535,3563
78034B,BLUE NETTING STORAGE HANGER,8,3535,3564
20793,BLUE TILED TRAY,8,3535,3565
90014A,SILVER/MOP ORBIT NECKLACE,8,3535,3566
90022,EDWARDIAN DROP EARRINGS JET BLACK,8,3535,3567
90123B,TURQUOISE HEART OF GLASS BRACELET,8,3535,3568
90023,FILIGREE DIAMANTE EARRINGS,8,3535,3569
35809B,ENAMEL BLUE RIM TEA CONTAINER,8,3535,3570
90103,PURPLE FRANGIPANI NECKLACE,8,3535,3571
90003E,GREEN PAIR HEART HAIR SLIDES,8,3535,3572
23541,"WALL ART ,PUDDINGS",8,3535,3573
90012A,MIDNIGHT BLUE DROP CRYSTAL NECKLACE,8,3535,3574
21486,PINK HEART DOTS HOT WATER BOTTLE,8,3535,3575
47369A,PINK GREEN EMBROIDERY COSMETIC BAG,8,3535,3576
90070,RUBY GLASS CLUSTER BRACELET,8,3535,3577
90063B,BLACK VINT ART DEC CRYSTAL NECKLACE,8,3535,3578
35909B,PINK FLOWERS RABBIT EASTER,8,3535,3579
23106,ZINC PLANT POT HOLDER,8,3535,3580
23086,ZINC STAR T-LIGHT HOLDER,8,3535,3581
37491C,GREEN/BLUE CERAMIC CANDLE HOLDER,8,3535,3582
23396,BUTTERFLY CUSHION COVER,8,3535,3583
85067,CREAM SWEETHEART WALL CABINET,7,3584,3584
90036E,"FLOWER GLASS GARLD NECKL36\"AMETHYST",7,3584,3585
90144,SILVER DROP EARRINGS WITH FLOWER,7,3584,3586
21109,"LARGE CAKE TOWEL, CHOCOLATE SPOTS",7,3584,3587
90177B,DROP DIAMANTE EARRINGS BLACK DIAMON,7,3584,3588
84499,BLACK FLOWER CANDLE PLATE,7,3584,3589
90202B,WHITE ENAMEL FLOWER HAIR TIE,7,3584,3590
90202C,GREEN ENAMEL FLOWER HAIR TIE,7,3584,3591
90010A,MIDNIGHT BLUE GLASS/SILVER BRACELET,7,3584,3592
90064A,WHITE VINTAGE CRYSTAL EARRINGS,7,3584,3593
90040C,MURANO STYLE GLASS BRACELET GOLD,7,3584,3594
16202A,PASTEL PINK PHOTO ALBUM,7,3584,3595
35443,RASTA IN BATH W SPLIFF ASHTRAY,7,3584,3596
72798C,SET/4 GARDEN ROSE DINNER CANDLE,7,3584,3597
90129A,PINK GLASS TASSLE BAG CHARM,7,3584,3598
90011B,BLACK CRYSTAL DROP EARRINGS,7,3584,3599
82095,HEART BUTTONS JEWELLERY BOX,7,3584,3600
84798B,PURPLE FOXGLOVE ARTIIFCIAL FLOWER,7,3584,3601
90124C,GREEN MURANO TWIST NECKLACE,7,3584,3602
21777,RECIPE BOX WITH METAL HEART,7,3584,3603
16206B,RED PURSE WITH PINK HEART,7,3584,3604
90010B,BLACK/WHITE GLASS/SILVER BRACELET,7,3584,3605
90157,RIVIERA NECKLACE,7,3584,3606
16244B,MAXWELL 2 TONE BLUE 60 PAGE PHOTO A,7,3584,3607
90176D,DIAMANTE NECKLACE PURPLE,7,3584,3608
90178A,AMBER CHUNKY GLASS+BEAD NECKLACE,6,3609,3609
22134,LADLE LOVE HEART RED,6,3609,3610
35817P,"ACRYLIC JEWEL SNOWFLAKE,PINK",6,3609,3611
20701,PINK CAT FLORAL CUSHION COVER,6,3609,3612
21757,LIGHTHOUSE PRINTED METAL SIGN,6,3609,3613
90155,RESIN NECKLACE W PASTEL BEADS,6,3609,3614
84632,DECORATIVE HANGING SHELVING UNIT,6,3609,3615
17028J,INCENSE BAZAAR PEACH,6,3609,3616
90037B,TINY CRYSTAL BRACELET GREEN,6,3609,3617
90135,ORANGE/WHT/FUSCHIA STONES NECKLACE,6,3609,3618
90051,CRACKED GLAZE NECKLACE RED,6,3609,3619
90076,MONTANA DIAMOND CLUSTER EARRINGS,6,3609,3620
90036A,FLOWER GARLAND NECKLACE RED,6,3609,3621
90039A,FIRE POLISHED GLASS BRACELET RED,6,3609,3622
90190A,SILVER/CRYSTAL DROP EARRINGS W LEAF,6,3609,3623
84679,CLASSICAL ROSE TABLE LAMP,6,3609,3624
35916B,BLUE FELT HANGING HEART WITH FLOWER,6,3609,3625
20935,ROUND CACTUS CANDLE,6,3609,3626
90059A,DIAMANTE HAIR GRIP PACK/2 CRYSTAL,6,3609,3627
90169,DAISY HAIR COMB,6,3609,3628
90202A,PURPLE ENAMEL FLOWER HAIR TIE,6,3609,3629
90177E,DROP DIAMANTE EARRINGS GREEN,6,3609,3630
90212C,PURPLE LAS VEGAS BRACELET ROUND,6,3609,3631
84706D,CHERRY BLOSSOM TABLE CLOCK,6,3609,3632
22932,BAKING MOULD TOFFEE CUP  CHOCOLATE,6,3609,3633
21763,VINTAGE WOODEN BAR STOOL,6,3609,3634
90124A,PINK MURANO TWIST NECKLACE,6,3609,3635
90036C,"FLOWER GLASS GARLAND NECKL.36\"BLUE",6,3609,3636
90039B,FIRE POLISHED GLASS BRACELET MONTAN,6,3609,3637
90206A,GOLD DIAMANTE STAR BROOCH,6,3609,3638
90190B,GOLD/AMBER DROP EARRINGS W LEAF,6,3609,3639
90018C,SILVER BLACK ORBIT DROP EARRINGS,6,3609,3640
90182C,BLACK 3 BEAD DROP EARRINGS,6,3609,3641
23530,"WALL ART,ONLY ONE PERSON",6,3609,3642
84415B,BLUE FLOCK CUSHION COVER,6,3609,3643
22769,CHALKBOARD KITCHEN ORGANISER,6,3609,3644
37379A,PINK CHERRY BLOSSOM CUP & SAUCER,6,3609,3645
16020C,CLEAR STATIONERY BOX SET,6,3609,3646
90038C,GLASS AND BEADS BRACELET IVORY,6,3609,3647
85017A,ENVELOPE 50 ROMANTIC IMAGES,6,3609,3648
85225,BLING KEY RING STAND,6,3609,3649
90205C,LARGE CRYSTAL DIAMANTE HAIRSLIDE,6,3609,3650
23236,STORAGE TIN VINTAGE DOILEY,6,3609,3651
23240,SET OF 4 KNICK KNACK TINS  DOILEY,6,3609,3652
23015,CORDIAL JUG,6,3609,3653
90177A,CLASSIC DIAMANTE EARRINGS JET,6,3609,3654
90129E,PURPLE GLASS TASSLE BAG CHARM,6,3609,3655
90162A,ANT SILVER TURQUOISE BOUDICCA RING,6,3609,3656
21827,EIGHT PIECE CREEPY CRAWLIE SET,6,3609,3657
90003B,ROSE COLOUR PAIR HEART HAIR SLIDES,6,3609,3658
20664,TROPICAL HOLIDAY PURSE,6,3609,3659
84613A,PINK NEW BAROQUE FLOCK CANDLESTICK,6,3609,3660
90040A,MURANO STYLE GLASS BRACELET RED,6,3609,3661
90000D,COPPER/OLIVE GREEN FLOWER NECKLACE,6,3609,3662
90038B,GLASS AND PAINTED BEADS BRACELET OL,6,3609,3663
37330,BIG POLKADOT MUG,6,3609,3664
23043,PAPER LANTERN 9 POINT HOLLY STAR 40,6,3609,3665
90050,CRACKED GLAZE NECKLACE IVORY,6,3609,3666
90141B,IVORY PENDANT TRIPLE SHELL NECKLACE,6,3609,3667
90038A,GLASS AND PAINTED BEADS BRACELET TO,6,3609,3668
17107D,FLOWER FAIRY 5 SUMMER DRAW LINERS,6,3609,3669
90059D,DIAMANTE HAIR GRIP PACK/2 PERIDOT,6,3609,3670
90168,2 DAISIES HAIR COMB,6,3609,3671
90118,PINK DAISY BAG CHARM,6,3609,3672
20820,SILVER LOOKING MIRROR,5,3673,3673
21538,DAIRY MAID  PUDDING BOWL,5,3673,3674
84975,HEART SHAPED MIRROR,5,3673,3675
90190C,SILVER/AMETHYST DROP EARRINGS LEAF,5,3673,3676
84593,CROCHET ROSE DES CLOTHES HANGER,5,3673,3677
90079,VINTAGE ENAMEL & CRYSTAL NECKLACE,5,3673,3678
90001D,ANTIQUE OLIVE GREEN FLOWER EARRINGS,5,3673,3679
35591T,TURQUOISE CHRISTMAS TREE,5,3673,3680
90186A,AMETHYST HOOP EARRING FLORAL LEAF,5,3673,3681
21416,CLAM SHELL LARGE,5,3673,3682
10123C,HEARTS WRAPPING TAPE,5,3673,3683
84907,PINK YELLOW PATCH CUSHION COVER,5,3673,3684
21228,"POCKET MIRROR \"GLAMOROUS\"",5,3673,3685
90211A,DIAMOND LAS VEGAS NECKLACE 45CM,5,3673,3686
84206B,CAT WITH SUNGLASSES BLANK CARD,5,3673,3687
84854,GIRLY PINK TOOL SET,5,3673,3688
18097A,PINK TALL PORCELAIN T-LIGHT HOLDER,5,3673,3689
20695,FLORAL BLUE MONSTER,5,3673,3690
81950V,FLOWER PURPLE CLOCK W/SUCKER,5,3673,3691
90049,IVORY GOLD METAL BAG CHARM,5,3673,3692
84201C,HAPPY BIRTHDAY CARD TEDDY/CAKE,5,3673,3693
23388,WOODLAND MINI RUCKSACK,5,3673,3694
79157V,UBO-LIGHT TRIOBASE PURPLE,5,3673,3695
84963A,PINK PAINTED KASHMIRI CHAIR,4,3696,3696
90036F,"FLOWER GLASS GARLD NECKL36\"TURQUOIS",4,3696,3697
47574B,ENGLISH ROSE SCENTED HANGING HEART,4,3696,3698
90043,COPPER AND BRASS BAG CHARM,4,3696,3699
90019C,SILVER BLACK ORBIT BRACELET,4,3696,3700
20678,LARGE BLACK DIAMANTE HAIRSLIDE,4,3696,3701
79157B,UBO-LIGHT TRIOBASE BLUE,4,3696,3702
22849,"BREAD BIN, DINER STYLE, MINT",4,3696,3703
22847,"BREAD BIN, DINER STYLE, IVORY",4,3696,3704
90211B,JET BLACK LAS VEGAS NECKLACE 45CM,4,3696,3705
16207B,PINK HEART RED HANDBAG,4,3696,3706
37351,ORANGE FLOWER MUG,4,3696,3707
PADS,PADS TO MATCH ALL CUSHIONS,4,3696,3708
90138,WHITE/PINK MINI CRYSTALS NECKLACE,4,3696,3709
90163A,PINK ROSEBUD & PEARL NECKLACE,4,3696,3710
20901,VINTAGE KEEPSAKE BOX PINK FLOWER,4,3696,3711
90036B,"FLOWER GLASS GARLAND NECKL.36\"GREEN",4,3696,3712
90001B,ANTIQUE MID BLUE FLOWER EARRINGS,4,3696,3713
90024B,NEW BAROQUE B'FLY NECKLACE RED,4,3696,3714
22125,UNION JACK HOT WATER BOTTLE,4,3696,3715
22778,GLASS BELL JAR SMALL,4,3696,3716
90196B,BLACK GEMSTONE NECKLACE 45CM,4,3696,3717
20666,ECONOMY HOLIDAY PURSE,4,3696,3718
90027D,GLASS BEAD HOOP EARRINGS AMETHYST,4,3696,3719
90040B,MURANO STYLE GLASS BRACELET BLACK,4,3696,3720
79323P,PINK CHERRY LIGHTS,4,3696,3721
84802B,PURPLE ANEMONE ARTIFICIAL FLOWER,4,3696,3722
90141C,TURQ PENDANT TRIPLE SHELL NECKLACE,4,3696,3723
90124B,BLUE MURANO TWIST NECKLACE,4,3696,3724
90131,PINK/AMETHYST/GOLD NECKLACE,4,3696,3725
23253,16 PC CUTLERY SET PANTRY DESIGN,4,3696,3726
90187B,GREEN DROP EARRINGS W BEAD CLUSTER,4,3696,3727
35645,VINTAGE BEAD PINK JEWEL BOX,4,3696,3728
37444B,BLUE BREAKFAST CUP AND SAUCER,4,3696,3729
90035A,"PEARL & SHELL 42\"NECKL. GREEN",4,3696,3730
90027A,GLASS BEAD HOOP EARRINGS BLACK,4,3696,3731
90141A,GREEN PENDANT TRIPLE SHELL NECKLACE,4,3696,3732
37491B,BLUE/YELLOW CERAMIC CANDLE HOLDER,4,3696,3733
23702,High Resolution Image,4,3696,3734
17191A,ROSE FLOWER CANDLE+INCENSE 16X16CM,4,3696,3735
21488,RED WHITE SCARF  HOT WATER BOTTLE,3,3736,3736
90195B,BLACK GEMSTONE BRACELET,3,3736,3737
84773,RED ROSE AND LACE C/COVER,3,3736,3738
90179A,AMBER FINE BEAD NECKLACE W TASSEL,3,3736,3739
84617,NEW BAROQUE BLACK BOXES,3,3736,3740
90026C,GLASS BEAD HOOP NECKLACE GREEN,3,3736,3741
90014C,SILVER/BLACK ORBIT NECKLACE,3,3736,3742
84689,S/2 BEACH HUT TREASURE CHESTS,3,3736,3743
90046,WHITE WITH METAL BAG CHARM,3,3736,3744
90141E,ORANGE PENDANT TRIPLE SHELL NECKLAC,3,3736,3745
90176E,DIAMANTE NECKLACE GREEN,3,3736,3746
37464,ROBOT MUG IN DISPLAY BOX,3,3736,3747
22034,ROBIN CHRISTMAS CARD,3,3736,3748
20906,VINTAGE NOTEBOOK BEAUTY GIRL,3,3736,3749
90042A,FRESHWATER PEARL BRACELET GOLD,3,3736,3750
85031C,CURIOUS IMAGES SCRAP BOOK SET,3,3736,3751
21661,VINTAGE GLASS TEA CADDY,3,3736,3752
90156,RESIN BRACELET W PASTEL BEADS,3,3736,3753
79192A,RETRO PLASTIC 70'S TRAY,3,3736,3754
90197B,BLACK GLASS BRACELET W HEART CHARMS,3,3736,3755
85047,WHITE BEADED GARLAND STRING 20LIGHT,3,3736,3756
84840,SWEETHEART CARRY-ALL BASKET,3,3736,3757
90026D,GLASS BEAD HOOP NECKLACE AMETHYST,3,3736,3758
22764,"RUSTIC WOODEN CABINET, GLASS DOORS",3,3736,3759
85224,ASSORTED COLOUR SILK GLASSES CASE,3,3736,3760
90159,COTE D'AZURE NECKLACE,3,3736,3761
23056,CRYSTAL CHANDELIER T-LIGHT HOLDER,3,3736,3762
84746,PINK EASTER HENS+FLOWER,3,3736,3763
84963B,BLUE PAINTED KASHMIRI CHAIR,3,3736,3764
47369B,BLUE GREEN EMBROIDERY COSMETIC BAG,3,3736,3765
20663,QUEEN OF THE SKIES HOLIDAY PURSE,3,3736,3766
90136,PALE PINK/AMETHYST STONE NECKLACE,3,3736,3767
90123D,WHITE HEART OF GLASS BRACELET,3,3736,3768
90029,NEW BAROQUE SMALL NECKLACE BLACK,3,3736,3769
90180B,PURPLE AMETHYST NECKLACE W TASSEL,3,3736,3770
90152A,SILVER/NAT SHELL NECKLACE W PENDANT,3,3736,3771
90000B,MIDNIGHT BLUE COPPER FLOWER NECKLAC,3,3736,3772
84872A,TEATIME FUNKY FLOWER BACKPACK FOR 2,3,3736,3773
90048,GREEN WITH METAL BAG CHARM,3,3736,3774
90188,DROP EARRINGS W FLOWER & LEAF,3,3736,3775
21836,GINGHAM OVEN GLOVE RED HEART,3,3736,3776
90060D,FIRE POLISHED GLASS NECKL BRONZE,3,3736,3777
90175D,TIGRIS EYE CHUNKY CHARM BRACELET,3,3736,3778
90212B,JET BLACK LAS VEGAS BRACELET ROUND,3,3736,3779
45013,FOLDING SHOE TIDY,3,3736,3780
23299,"FOOD COVER WITH BEADS , SET 2 SIZES",3,3736,3781
90141D,ROSE PENDANT TRIPLE SHELL NECKLACE,3,3736,3782
22777,GLASS BELL JAR LARGE,2,3783,3783
21268,VINTAGE BLUE TINSEL REEL,2,3783,3784
84802A,WHITE ANEMONE ARTIFICIAL FLOWER,2,3783,3785
84795C,OCEAN STRIPE HAMMOCK,2,3783,3786
90024F,NEW BAROQUE B'FLY NECKLACE CRYSTAL,2,3783,3787
90024C,NEW BAROQUE B'FLY NECKLACE GREEN,2,3783,3788
90163B,WHITE ROSEBUD & PEARL NECKLACE,2,3783,3789
20964,POLYESTER FILLER PAD 60x40cm,2,3783,3790
84873A,FUNKY FLOWER PICNIC BAG FOR 4,2,3783,3791
23342,MINT DINER CLOCK,2,3783,3792
90074,BLACK DIAMOND CLUSTER NECKLACE,2,3783,3793
90014B,GOLD M.O.P. ORBIT NECKLACE,2,3783,3794
90176B,DIAMANTE NECKLACE BLACK,2,3783,3795
35598C,WHITE CHRISTMAS TREE 60CM,2,3783,3796
21667,GLASS CAKE COVER AND PLATE,2,3783,3797
21681,GIANT MEDINA STAMPED METAL BOWL,2,3783,3798
90026B,GLASS BEAD HOOP NECKLACE MONTANA,2,3783,3799
62096B,PURPLE/TURQ FLOWERS HANDBAG,2,3783,3800
23104,IVORY PANTRY HANGING LAMP,2,3783,3801
90035C,"PEARL & SHELL 42\"NECKL. IVORY",2,3783,3802
84824,DANISH ROSE UMBRELLA STAND,2,3783,3803
23079,TOADSTOOL BEDSIDE LIGHT,2,3783,3804
90019B,GOLD M.O.P ORBIT BRACELET,2,3783,3805
90028,NEW BAROQUE LARGE NECKLACE BLK/WHIT,2,3783,3806
23462,ROCOCO WALL MIROR,2,3783,3807
47016,LIGHT DECORATION BATTERY OPERATED,2,3783,3808
90199B,5 STRAND GLASS NECKLACE AMETHYST,2,3783,3809
90176A,CLASSIC DIAMANTE NECKLACE JET,2,3783,3810
22776,"CAKESTAND, 3 TIER, LOVEHEART",2,3783,3811
37509,NEW ENGLAND MUG W GIFT BOX,2,3783,3812
20861,GOLD COSMETIC BAG PINK STAR,2,3783,3813
85136B,BLUE SHARK HELICOPTER,2,3783,3814
90120D,WHITE MURANO TWIST BRACELET,2,3783,3815
90078,PINK/WHITE GLASS DEMI CHOKER,2,3783,3816
90001C,ANTIQUE OPAL WHITE FLOWER EARRINGS,2,3783,3817
90026A,GLASS BEAD HOOP NECKLACE BLACK,2,3783,3818
90001A,ANTIQUE RASPBERRY FLOWER EARRINGS,2,3783,3819
37491D,PURPLE/BLUE CERAMIC CANDLE HOLDER,2,3783,3820
90189A,SILVER 2 STRAND NECKLACE-LEAF CHARM,2,3783,3821
23540,"WALL ART , THE MAGIC FOREST",2,3783,3822
90069,RUBY GLASS CLUSTER NECKLACE,2,3783,3823
84562A,PINK/WHITE RIBBED MELAMINE JUG,2,3783,3824
84614A,PINK BAROQUE FLOCK CANDLE HOLDER,2,3783,3825
84620,BLUE GINGHAM ROSE CUSHION COVER,2,3783,3826
90199D,5 STRAND GLASS NECKLACE AMBER,2,3783,3827
72815,3 WICK CHRISTMAS BRIAR CANDLE,2,3783,3828
44265,M/COLOUR POM-POM CURTAIN,2,3783,3829
84306,S/3 PINK SQUARE PLANTERS ROSES,2,3783,3830
84968B,SET OF 16 VINTAGE IVORY CUTLERY,2,3783,3831
90025A,BAROQUE BUTTERFLY EARRINGS BLACK,2,3783,3832
84731,3 BIRDS CANVAS SCREEN,2,3783,3833
84990,60 GOLD AND SILVER FAIRY CAKE CASES,2,3783,3834
90033,IVORY SHELL HEART EARRINGS,2,3783,3835
90041,PEARL AND CHERRY QUARTZ BRACLET,2,3783,3836
90176C,DIAMANTE NECKLACE,2,3783,3837
79161A,ST GEORGE SET OF 10 PARTY LIGHTS,2,3783,3838
85144,JARDIN ETCHED GLASS BUTTER DISH,1,3839,3839
37461,FUNKY MONKEY MUG,1,3839,3840
35597B,BLACKCHRISTMAS TREE 30CM,1,3839,3841
85170A,SET/6 IVORY BIRD T-LIGHT CANDLES,1,3839,3842
84613C,BLUE NEW BAROQUE FLOCK CANDLESTICK,1,3839,3843
90122B,JADE CRYSTAL+GLASS BRACELET,1,3839,3844
90055,CRACKED GLAZE EARRINGS BROWN,1,3839,3845
90100,NECKLACE+BRACELET SET PINK DAISY,1,3839,3846
90084,PINK CRYSTAL GUITAR PHONE CHARM,1,3839,3847
20667,CHERRY BLOSSOM PURSE,1,3839,3848
77079,DOLPHIN WINDMILL,1,3839,3849
23370,SET 36 COLOURING PENCILS DOILEY,1,3839,3850
90071,RUBY GLASS CLUSTER EARRINGS,1,3839,3851
90065B,BLACK VINT ART DEC CRYSTAL BRACELET,1,3839,3852
90130A,WHITE STONE/CRYSTAL EARRINGS,1,3839,3853
90011A,MIDNIGHT BLUE CRYSTAL DROP EARRINGS,1,3839,3854
21895,POTTING SHED SOW 'N' GROW SET,1,3839,3855
90152B,BLUE/GREEN SHELL NECKLACE W PENDANT,1,3839,3856
35597A,DUSTY PINK CHRISTMAS TREE 30CM,1,3839,3857
85031B,BLOSSOM IMAGES SCRAP BOOK SET,1,3839,3858
22199,FRYING PAN RED POLKADOT,1,3839,3859
22146,EASTER CRAFT IVY WREATH WITH CHICK,1,3839,3860
90183C,BLACK DROP EARRINGS W LONG BEADS,1,3839,3861
84227,HEN HOUSE W CHICK IN NEST,1,3839,3862
84743C,ORANGE FELT VASE + FLOWERS,1,3839,3863
90024D,NEW BAROQUE B'FLY NECKLACE PINK,1,3839,3864
23071,MARIE ANTOIENETT TRINKET BOX GOLD,1,3839,3865
90021,LASER CUT MULTI STRAND NECKLACE,1,3839,3866
90125E,AMBER BERTIE GLASS BEAD BAG CHARM,1,3839,3867
84551,CROCHET DOG KEYRING,1,3839,3868
35650,VINTAGE BEAD PINK JEWEL STAND,1,3839,3869
23391,I LOVE LONDON MINI RUCKSACK,1,3839,3870
90054,CRACKED GLAZE EARRINGS RED,1,3839,3871
90181A,AMBER GLASS/SHELL/PEARL NECKLACE,1,3839,3872
23664,FLOWER SHOP DESIGN MUG,1,3839,3873
84550,CROCHET LILAC/RED BEAR KEYRING,1,3839,3874
47503J,SET/3 FLORAL GARDEN TOOLS IN BAG,1,3839,3875
90128B,BLUE LEAVES AND BEADS PHONE CHARM,1,3839,3876
47579,TEA TIME BREAKFAST BASKET,1,3839,3877
20892,SET/3 TALL GLASS CANDLE HOLDER PINK,1,3839,3878
90178B,PURPLE CHUNKY GLASS+BEAD NECKLACE,1,3839,3879
90104,PURPLE FRANGIPANI HAIRCLIP,1,3839,3880
21414,SCALLOP SHELL SOAP DISH,1,3839,3881
84569C,PACK 4 FLOWER/BUTTERFLY PATCHES,1,3839,3882
21839,MUMMY MOUSE RED GINGHAM RIBBON,1,3839,3883
23630,SET 10 CARDS HANGING BAUBLES 17080,1,3839,3884
23366,SET 12 COLOURING PENCILS DOILEY,1,3839,3885
90025F,BAROQUE BUTTERFLY EARRINGS CRYSTAL,1,3839,3886
90014C,SILVER AND BLACK ORBIT NECKLACE,1,3839,3887
90179C,BLACK FINE BEAD NECKLACE W TASSEL,1,3839,3888
35004P,SET OF 3 PINK FLYING DUCKS,1,3839,3889
90060B,FIRE POLISHED GLASS NECKL GOLD,1,3839,3890
22218,CAKE STAND LACE WHITE,1,3839,3891
90165B,WHITE ROSEBUD  PEARL EARRINGS,1,3839,3892
22323,PINK POLKADOT KIDS BAG,1,3839,3893
90039C,FIRE POLISHED GLASS BRACELET BLACK,1,3839,3894
90152C,BLUE/NAT SHELL NECKLACE W PENDANT,1,3839,3895
20703,BLUE PADDED SOFT MOBILE,1,3839,3896
21310,CAPIZ CHANDELIER,1,3839,3897
